V1,V2
D1996,TRUE
D1494,TRUE
D2346,TRUE
D1420,TRUE
D2107,TRUE
D0016,TRUE
D0787,TRUE
D0404,TRUE
D1253,TRUE
D2963,TRUE
D0071,TRUE
D1384,TRUE
D2289,TRUE
D2662,TRUE
D0423,TRUE
D2772,TRUE
D1772,TRUE
D0019,TRUE
D1815,TRUE
D1935,TRUE
D2354,TRUE
D1518,TRUE
D0469,TRUE
D0674,TRUE
D2309,TRUE
D2838,TRUE
D0123,TRUE
D0899,TRUE
D1175,TRUE
D0537,TRUE
D1034,TRUE
D2557,TRUE
D1057,TRUE
D2440,TRUE
D2460,TRUE
D0291,TRUE
D2182,TRUE
D2134,TRUE
D1665,TRUE
D2567,TRUE
D1464,TRUE
D2033,TRUE
D1810,TRUE
D0044,TRUE
D2222,TRUE
D1906,TRUE
D1042,TRUE
D1539,TRUE
D0358,TRUE
D1433,TRUE
D0552,TRUE
D2731,TRUE
D0989,TRUE
D1083,TRUE
D2700,TRUE
D0987,TRUE
D2716,TRUE
D2849,TRUE
D2412,TRUE
D2485,TRUE
D0504,TRUE
D2511,TRUE
D2726,TRUE
D1209,TRUE
D1958,TRUE
D2205,TRUE
D2974,TRUE
D0105,TRUE
D1773,TRUE
D2631,TRUE
D0333,TRUE
D2166,TRUE
D2606,TRUE
D0258,TRUE
D0870,TRUE
D2650,TRUE
D2679,TRUE
D1761,TRUE
D0573,TRUE
D0694,TRUE
D2306,TRUE
D1703,TRUE
D0229,TRUE
D0846,TRUE
D2928,TRUE
D1458,TRUE
D2135,TRUE
D0362,TRUE
D0546,TRUE
D0115,TRUE
D2399,TRUE
D0983,TRUE
D2519,TRUE
D0521,TRUE
D0949,TRUE
D2896,TRUE
D2374,TRUE
D0929,TRUE
D2924,TRUE
D0060,TRUE
D1872,TRUE
D0707,TRUE
D0476,TRUE
D2725,TRUE
D1818,TRUE
D0486,TRUE
D2793,TRUE
D1113,TRUE
D2709,TRUE
D0519,TRUE
D2979,TRUE
D2240,TRUE
D2673,TRUE
D2436,TRUE
D2291,TRUE
D0600,TRUE
D2331,TRUE
D0499,TRUE
D0186,TRUE
D0221,TRUE
D2046,TRUE
D0494,TRUE
D0319,TRUE
D0679,TRUE
D2651,TRUE
D1653,TRUE
D0578,TRUE
D1221,TRUE
D1027,TRUE
D1502,TRUE
D0249,TRUE
D2248,TRUE
D0659,TRUE
D1215,TRUE
D1530,TRUE
D2477,TRUE
D1141,TRUE
D2761,TRUE
D0699,TRUE
D2496,TRUE
D1623,TRUE
D0990,TRUE
D1718,TRUE
D0884,TRUE
D0073,TRUE
D1177,TRUE
D0283,TRUE
D2659,TRUE
D0219,TRUE
D0850,TRUE
D1503,TRUE
D1758,TRUE
D2684,TRUE
D0415,TRUE
D0580,TRUE
D0742,TRUE
D2970,TRUE
D0628,TRUE
D0911,TRUE
D1172,TRUE
D1914,TRUE
D0441,TRUE
D0208,TRUE
D2862,TRUE
D0702,TRUE
D1511,TRUE
D2900,TRUE
D0389,TRUE
D2022,TRUE
D2683,TRUE
D2422,TRUE
D0154,TRUE
D0646,TRUE
D1769,TRUE
D1796,TRUE
D2379,TRUE
D1192,TRUE
D2349,TRUE
D1972,TRUE
D2699,TRUE
D2707,TRUE
D0803,TRUE
D0457,TRUE
D0828,TRUE
D0723,TRUE
D2895,TRUE
D0566,TRUE
D1635,TRUE
D2916,TRUE
D2145,TRUE
D1591,TRUE
D1086,TRUE
D1157,TRUE
D0351,TRUE
D2622,TRUE
D0860,TRUE
D2016,TRUE
D2756,TRUE
D1975,TRUE
D2734,TRUE
D2795,TRUE
D0985,TRUE
D1630,TRUE
D2168,TRUE
D1261,TRUE
D2656,TRUE
D2748,TRUE
D2905,TRUE
D2038,TRUE
D1946,TRUE
D1367,TRUE
D2677,TRUE
D2633,TRUE
D2264,TRUE
D1099,TRUE
D0814,TRUE
D2391,TRUE
D2108,TRUE
D1583,TRUE
D3000,TRUE
D0470,TRUE
D1199,TRUE
D2144,TRUE
D1919,TRUE
D0464,TRUE
D0998,TRUE
D2478,TRUE
D1636,TRUE
D0306,TRUE
D2997,TRUE
D1291,TRUE
D0825,TRUE
D2223,TRUE
D1484,TRUE
D2455,TRUE
D0804,TRUE
D1986,TRUE
D2464,TRUE
D2989,TRUE
D2816,TRUE
D1139,TRUE
D1558,TRUE
D1633,TRUE
D0260,TRUE
D1889,TRUE
D0234,TRUE
D1838,TRUE
D0401,TRUE
D1283,TRUE
D2375,TRUE
D2409,TRUE
D2284,TRUE
D2127,TRUE
D2179,TRUE
D2998,TRUE
D1678,TRUE
D2819,TRUE
D2951,TRUE
D1705,TRUE
D1687,TRUE
D1332,TRUE
D1154,TRUE
D1683,TRUE
D2920,TRUE
D0350,TRUE
D0442,TRUE
D2717,TRUE
D0102,TRUE
D1766,TRUE
D1748,TRUE
D0887,TRUE
D2005,TRUE
D0863,TRUE
D2518,TRUE
D1609,TRUE
D1719,TRUE
D0653,TRUE
D1546,TRUE
D2418,TRUE
D1969,TRUE
D2175,TRUE
D1895,TRUE
D1862,TRUE
D2992,TRUE
D1190,TRUE
D1613,TRUE
D2705,TRUE
D0766,TRUE
D2623,TRUE
D2899,TRUE
D0761,TRUE
D0903,TRUE
D0463,TRUE
D1776,TRUE
D2848,TRUE
D0867,TRUE
D1933,TRUE
D0590,TRUE
D1051,TRUE
D1247,TRUE
D2955,TRUE
D0493,TRUE
D0490,TRUE
D0244,TRUE
D0176,TRUE
D0304,TRUE
D0036,TRUE
D1240,TRUE
D2324,TRUE
D2579,TRUE
D0158,TRUE
D1405,TRUE
D2470,TRUE
D0617,TRUE
D0746,TRUE
D2156,TRUE
D2370,TRUE
D0091,TRUE
D2564,TRUE
D2898,TRUE
D2779,TRUE
D0094,TRUE
D0451,TRUE
D2660,TRUE
D0967,TRUE
D2316,TRUE
D1116,TRUE
D0930,TRUE
D0919,TRUE
D2059,TRUE
D2635,TRUE
D0300,TRUE
D1507,TRUE
D0837,TRUE
D1615,TRUE
D1847,TRUE
D0394,TRUE
D2333,TRUE
D2313,TRUE
D2580,TRUE
D1659,TRUE
D0586,TRUE
D1179,TRUE
D0395,TRUE
D0357,TRUE
D1354,TRUE
D2466,TRUE
D1408,TRUE
D2620,TRUE
D0242,TRUE
D2704,TRUE
D0274,TRUE
D2450,TRUE
D0029,TRUE
D2111,TRUE
D1747,TRUE
D0006,TRUE
D2574,TRUE
D1997,TRUE
D1905,TRUE
D2321,TRUE
D2542,TRUE
D2708,TRUE
D1135,TRUE
D0786,TRUE
D2642,TRUE
D2758,TRUE
D1628,TRUE
D2746,TRUE
D1294,TRUE
D0938,TRUE
D2560,TRUE
D1043,TRUE
D0379,TRUE
D0402,TRUE
D2940,TRUE
D2888,TRUE
D0534,TRUE
D2217,TRUE
D2095,TRUE
D1438,TRUE
D0796,TRUE
D2544,TRUE
D2473,TRUE
D0180,TRUE
D0978,TRUE
D0386,TRUE
D1206,TRUE
D0327,TRUE
D2459,TRUE
D0633,TRUE
D2825,TRUE
D2142,TRUE
D1000,TRUE
D2576,TRUE
D0146,TRUE
D0767,TRUE
D2996,TRUE
D0638,TRUE
D1282,TRUE
D1514,TRUE
D1775,TRUE
D2489,TRUE
D1295,TRUE
D0974,TRUE
D0173,TRUE
D1153,TRUE
D2293,TRUE
D1434,TRUE
D0958,TRUE
D1306,TRUE
D0109,TRUE
D0191,TRUE
D0202,TRUE
D1345,TRUE
D2760,TRUE
D0869,TRUE
D2340,TRUE
D1073,TRUE
D2721,TRUE
D2202,TRUE
D1777,TRUE
D1693,TRUE
D1926,TRUE
D0822,TRUE
D0252,TRUE
D2065,TRUE
D2025,TRUE
D2546,TRUE
D1418,TRUE
D1924,TRUE
D0222,TRUE
D2987,TRUE
D0124,TRUE
D2189,TRUE
D0565,TRUE
D1677,TRUE
D2718,TRUE
D2845,TRUE
D1963,TRUE
D2317,TRUE
D0422,TRUE
D0498,TRUE
D2113,TRUE
D1075,TRUE
D2281,TRUE
D2020,TRUE
D2037,TRUE
D1690,TRUE
D0344,TRUE
D1046,TRUE
D0205,TRUE
D0212,TRUE
D1844,TRUE
D1452,TRUE
D1210,TRUE
D1007,TRUE
D0446,TRUE
D1378,TRUE
D0190,TRUE
D2555,TRUE
D1196,TRUE
D1923,TRUE
D0092,TRUE
D2720,TRUE
D1105,TRUE
D2078,TRUE
D1526,TRUE
D1708,TRUE
D2270,TRUE
D2181,TRUE
D2301,TRUE
D2296,TRUE
D2447,TRUE
D2326,TRUE
D0282,TRUE
D1594,TRUE
D0941,TRUE
D1059,TRUE
D0377,TRUE
D1406,TRUE
D2539,TRUE
D1473,TRUE
D2860,TRUE
D1338,TRUE
D1990,TRUE
D0624,TRUE
D1379,TRUE
D1712,TRUE
D0613,TRUE
D2397,TRUE
D0986,TRUE
D0795,TRUE
D0015,TRUE
D2829,TRUE
D1197,TRUE
D2495,TRUE
D0314,TRUE
D2813,TRUE
D1496,TRUE
D0601,TRUE
D1128,TRUE
D0697,TRUE
D0531,TRUE
D0897,TRUE
D0915,TRUE
D0048,TRUE
D2295,TRUE
D1096,TRUE
D1673,TRUE
D1619,TRUE
D2711,TRUE
D1715,TRUE
D2781,TRUE
D2220,TRUE
D2350,TRUE
D2203,TRUE
D2262,TRUE
D1727,TRUE
D0909,TRUE
D2332,TRUE
D1666,TRUE
D2032,TRUE
D2357,TRUE
D2593,TRUE
D0545,TRUE
D0834,TRUE
D2474,TRUE
D2106,TRUE
D2259,TRUE
D2751,TRUE
D2814,TRUE
D2360,TRUE
D0414,TRUE
D1697,TRUE
D1396,TRUE
D1482,TRUE
D0086,TRUE
D0372,TRUE
D2931,TRUE
D1888,TRUE
D2049,TRUE
D2247,TRUE
D1652,TRUE
D2448,TRUE
D1627,TRUE
D2254,TRUE
D1009,TRUE
D0532,TRUE
D2768,TRUE
D2554,TRUE
D1150,TRUE
D2947,TRUE
D1682,TRUE
D2286,TRUE
D0908,TRUE
D0823,TRUE
D1476,TRUE
D1388,TRUE
D0612,TRUE
D1214,TRUE
D2514,TRUE
D1407,TRUE
D2014,TRUE
D1669,TRUE
D1508,TRUE
D1372,TRUE
D1387,TRUE
D2035,TRUE
D1694,TRUE
D2096,TRUE
D2865,TRUE
D0281,TRUE
D0705,TRUE
D0450,TRUE
D2230,TRUE
D0216,TRUE
D0677,TRUE
D0574,TRUE
D0156,TRUE
D0346,TRUE
D0524,TRUE
D2239,TRUE
D0591,TRUE
D2534,TRUE
D1937,TRUE
D1721,TRUE
D2392,TRUE
D1970,TRUE
D0471,TRUE
D1509,TRUE
D1988,TRUE
D1649,TRUE
D0502,TRUE
D2667,TRUE
D0272,TRUE
D0097,TRUE
D0671,TRUE
D2578,TRUE
D2405,TRUE
D1520,TRUE
D1447,TRUE
D1248,TRUE
D0856,TRUE
D2647,TRUE
D2750,TRUE
D2449,TRUE
D2824,TRUE
D2396,TRUE
D0411,TRUE
D0239,TRUE
D0880,TRUE
D1573,TRUE
D1744,TRUE
D2933,TRUE
D0606,TRUE
D1734,TRUE
D1841,TRUE
D1870,TRUE
D1336,TRUE
D1674,TRUE
D1743,TRUE
D0197,TRUE
D0657,TRUE
D1589,TRUE
D1063,TRUE
D2864,TRUE
D1055,TRUE
D1860,TRUE
D0722,TRUE
D0931,TRUE
D0497,TRUE
D2587,TRUE
D0106,TRUE
D1069,TRUE
D2355,TRUE
D1873,TRUE
D0945,TRUE
D1685,TRUE
D0370,TRUE
D0012,TRUE
D0034,TRUE
D2055,TRUE
D1071,TRUE
D1803,TRUE
D0572,TRUE
D0889,TRUE
D0068,TRUE
D2159,TRUE
D0947,TRUE
D2322,TRUE
D1599,TRUE
D1249,TRUE
D1432,TRUE
D2581,TRUE
D0695,TRUE
D0454,TRUE
D2755,TRUE
D1010,TRUE
D0714,TRUE
D0465,TRUE
D0391,TRUE
D1650,TRUE
D1065,TRUE
D1262,TRUE
D0157,TRUE
D0050,TRUE
D1050,TRUE
D1757,TRUE
D2515,TRUE
D1322,TRUE
D0380,TRUE
D0948,TRUE
D2373,TRUE
D0045,TRUE
D2401,TRUE
D2773,TRUE
D2184,TRUE
D1471,TRUE
D1269,TRUE
D2804,TRUE
D1875,TRUE
D0555,TRUE
D1789,TRUE
D1061,TRUE
D2820,TRUE
D1005,TRUE
D2080,TRUE
D1362,TRUE
D0551,TRUE
D1656,TRUE
D1842,TRUE
D1565,TRUE
D1136,TRUE
D2101,TRUE
D1867,TRUE
D1479,TRUE
D2439,TRUE
D1159,TRUE
D0535,TRUE
D2361,TRUE
D1962,TRUE
D2628,TRUE
D2072,TRUE
D2237,TRUE
D0634,TRUE
D0511,TRUE
D2131,TRUE
D1760,TRUE
D1327,TRUE
D2369,TRUE
D0135,TRUE
D0367,TRUE
D1296,TRUE
D1277,TRUE
D1595,TRUE
D0397,TRUE
D0557,TRUE
D2462,TRUE
D1144,TRUE
D0748,TRUE
D1427,TRUE
D0518,TRUE
D1871,TRUE
D2719,TRUE
D0348,TRUE
D2949,TRUE
D2075,TRUE
D1985,TRUE
D0147,TRUE
D2146,TRUE
D1346,TRUE
D2796,TRUE
D0866,TRUE
D0409,TRUE
D1512,TRUE
D0155,TRUE
D1967,TRUE
D0443,TRUE
D2452,TRUE
D2172,TRUE
D1945,TRUE
D1722,TRUE
D1104,TRUE
D2749,TRUE
D2657,TRUE
D1790,TRUE
D0475,TRUE
D0255,TRUE
D2112,TRUE
D1431,TRUE
D2170,TRUE
D0339,TRUE
D0637,TRUE
D0090,TRUE
D0419,TRUE
D1120,TRUE
D0165,TRUE
D2013,TRUE
D2204,TRUE
D2434,TRUE
D2655,TRUE
D2335,TRUE
D0533,TRUE
D0751,TRUE
D0315,TRUE
D0664,TRUE
D1451,TRUE
D0187,TRUE
D2729,TRUE
D2614,TRUE
D0936,TRUE
D1647,TRUE
D1911,TRUE
D0181,TRUE
D0332,TRUE
D1305,TRUE
D2823,TRUE
D0596,TRUE
D0119,TRUE
D1767,TRUE
D0651,TRUE
D2738,TRUE
D0321,TRUE
D0240,TRUE
D0906,TRUE
D1916,TRUE
D0077,TRUE
D2646,TRUE
D0488,TRUE
D2757,TRUE
D1349,TRUE
D2487,TRUE
D1146,TRUE
D1704,TRUE
D1517,TRUE
D2260,TRUE
D1675,TRUE
D0687,TRUE
D2051,TRUE
D0879,TRUE
D2315,TRUE
D1173,TRUE
D2634,TRUE
D2626,TRUE
D1217,TRUE
D0290,TRUE
D1280,TRUE
D0750,TRUE
D2036,TRUE
D1637,TRUE
D0427,TRUE
D0713,TRUE
D2212,TRUE
D1491,TRUE
D2089,TRUE
D2638,TRUE
D2822,TRUE
D2345,TRUE
D2126,TRUE
D1342,TRUE
D1574,TRUE
D2837,TRUE
D0385,TRUE
D1651,TRUE
D1205,TRUE
D0338,TRUE
D2283,TRUE
D0665,TRUE
D0629,TRUE
D2351,TRUE
D2457,TRUE
D1736,TRUE
D1570,TRUE
D2978,TRUE
D2461,TRUE
D1807,TRUE
D1900,TRUE
D1374,TRUE
D0568,TRUE
D1012,TRUE
D2066,TRUE
D2011,TRUE
D2338,TRUE
D1230,TRUE
D0482,TRUE
D1949,TRUE
D2866,TRUE
D1894,TRUE
D1311,TRUE
D2406,TRUE
D0824,TRUE
D0788,TRUE
D2821,TRUE
D1825,TRUE
D1601,TRUE
D1639,TRUE
D1189,TRUE
D0896,TRUE
D1605,TRUE
D0964,TRUE
D0408,TRUE
D0966,TRUE
D2274,TRUE
D2666,TRUE
D0662,TRUE
D0002,TRUE
D2128,TRUE
D0690,TRUE
D1006,TRUE
D2636,TRUE
D2522,TRUE
D1064,TRUE
D0599,TRUE
D0257,TRUE
D1816,TRUE
D0615,TRUE
D1385,TRUE
D2353,TRUE
D1563,TRUE
D2389,TRUE
D1465,TRUE
D1212,TRUE
D2081,TRUE
D1245,TRUE
D1081,TRUE
D1399,TRUE
D2103,TRUE
D0137,TRUE
D2221,TRUE
D2476,TRUE
D2903,TRUE
D1289,TRUE
D2985,TRUE
D1298,TRUE
D1501,TRUE
D0644,TRUE
D2533,TRUE
D0614,TRUE
D1522,TRUE
D2930,TRUE
D2854,TRUE
D2097,TRUE
D0051,TRUE
D0136,TRUE
D0398,TRUE
D1176,TRUE
D1965,TRUE
D0654,TRUE
D1463,TRUE
D2639,TRUE
D2453,TRUE
D1579,TRUE
D2710,TRUE
D2424,TRUE
D0334,TRUE
D1698,TRUE
D0434,TRUE
D0425,TRUE
D2186,TRUE
D2368,TRUE
D2124,TRUE
D2762,TRUE
D0381,TRUE
D2094,TRUE
D1041,TRUE
D1125,TRUE
D0921,TRUE
D2287,TRUE
D1430,TRUE
D0302,TRUE
D2410,TRUE
D1896,TRUE
D1426,TRUE
D1598,TRUE
D0773,TRUE
D0396,TRUE
D1002,TRUE
D1762,TRUE
D0329,TRUE
D0619,TRUE
D2630,TRUE
D0643,TRUE
D1108,TRUE
D1402,TRUE
D1699,TRUE
D0920,TRUE
D0217,TRUE
D2840,TRUE
D2883,TRUE
D0952,TRUE
D1610,TRUE
D0620,TRUE
D2957,TRUE
D2790,TRUE
D1161,TRUE
D2429,TRUE
D2482,TRUE
D0108,TRUE
D1119,TRUE
D0206,TRUE
D1590,TRUE
D0857,TRUE
D0075,TRUE
D1130,TRUE
D0024,TRUE
D1163,TRUE
D1040,TRUE
D2925,TRUE
D0840,TRUE
D2573,TRUE
D2327,TRUE
D0117,TRUE
D1308,TRUE
D1711,TRUE
D0289,TRUE
D2193,TRUE
D1607,TRUE
D1165,TRUE
D1329,TRUE
D1739,TRUE
D1662,TRUE
D0254,TRUE
D0829,TRUE
D1886,TRUE
D1401,TRUE
D1417,TRUE
D1994,TRUE
D1981,TRUE
D0142,TRUE
D1865,TRUE
D1208,TRUE
D2688,TRUE
D1363,TRUE
D1618,TRUE
D0712,TRUE
D1416,TRUE
D0153,TRUE
D1548,TRUE
D0474,TRUE
D0641,TRUE
D2468,TRUE
D2443,TRUE
D2344,TRUE
D2703,TRUE
D0298,TRUE
D1272,TRUE
D0305,TRUE
D1422,TRUE
D1812,TRUE
D1925,TRUE
D0901,TRUE
D0626,TRUE
D1222,TRUE
D0564,TRUE
D1251,TRUE
D0296,TRUE
D1608,TRUE
D0914,TRUE
D1578,TRUE
D2976,TRUE
D0100,TRUE
D0730,TRUE
D2006,TRUE
D1571,TRUE
D1947,TRUE
D2752,TRUE
D1477,TRUE
D1225,TRUE
D2002,TRUE
D0982,TRUE
D0218,TRUE
D1114,TRUE
D0111,TRUE
D0413,TRUE
D0673,TRUE
D0729,TRUE
D1049,TRUE
D1863,TRUE
D1284,TRUE
D2742,TRUE
D2863,TRUE
D0973,TRUE
D1800,TRUE
D2954,TRUE
D0025,TRUE
D1654,TRUE
D0337,TRUE
D1448,TRUE
D0037,TRUE
D1641,TRUE
D0826,TRUE
D1423,TRUE
D2451,TRUE
D0295,TRUE
D0406,TRUE
D1021,TRUE
D2000,TRUE
D1411,TRUE
D1890,TRUE
D1979,TRUE
D0610,TRUE
D1765,TRUE
D0407,TRUE
D2242,TRUE
D2311,TRUE
D2643,TRUE
D2553,TRUE
D2084,TRUE
D0910,TRUE
D1250,TRUE
D0387,TRUE
D2365,TRUE
D0132,TRUE
D2152,TRUE
D0892,TRUE
D0189,TRUE
D0273,TRUE
D1562,TRUE
D0078,TRUE
D2467,TRUE
D1410,TRUE
D0734,TRUE
D2607,TRUE
D2836,TRUE
D0330,TRUE
D2702,TRUE
D1857,TRUE
D0143,TRUE
D1450,TRUE
D2484,TRUE
D0775,TRUE
D1951,TRUE
D1587,TRUE
D2265,TRUE
D0371,TRUE
D0460,TRUE
D2880,TRUE
D2645,TRUE
D2394,TRUE
D0340,TRUE
D1902,TRUE
D0622,TRUE
D2310,TRUE
D0520,TRUE
D0527,TRUE
D2483,TRUE
D0038,TRUE
D0753,TRUE
D1495,TRUE
D0056,TRUE
D0553,TRUE
D0126,TRUE
D0378,TRUE
D1934,TRUE
D2878,TRUE
D2196,TRUE
D2856,TRUE
D0428,TRUE
D1200,TRUE
D0133,TRUE
D1242,TRUE
D2491,TRUE
D2723,TRUE
D2117,TRUE
D1237,TRUE
D1709,TRUE
D1782,TRUE
D2041,TRUE
D0832,TRUE
D1235,TRUE
D2873,TRUE
D2154,TRUE
D0103,TRUE
D1299,TRUE
D0007,TRUE
D1185,TRUE
D0645,TRUE
D0248,TRUE
D2285,TRUE
D0138,TRUE
D0813,TRUE
D1304,TRUE
D1581,TRUE
D0481,TRUE
D2312,TRUE
D2556,TRUE
D1389,TRUE
D2180,TRUE
D2960,TRUE
D1893,TRUE
D2763,TRUE
D1621,TRUE
D2308,TRUE
D1178,TRUE
D1903,TRUE
D2520,TRUE
D1670,TRUE
D2990,TRUE
D0969,TRUE
D2585,TRUE
D2214,TRUE
D0192,TRUE
D0625,TRUE
D1620,TRUE
D2099,TRUE
D0265,TRUE
D0235,TRUE
D2615,TRUE
D2104,TRUE
D2277,TRUE
D2243,TRUE
D1265,TRUE
D0623,TRUE
D0320,TRUE
D0888,TRUE
D0763,TRUE
D2238,TRUE
D2280,TRUE
D2161,TRUE
D0805,TRUE
D1307,TRUE
D0177,TRUE
D2595,TRUE
D0540,TRUE
D1642,TRUE
D1532,TRUE
D1561,TRUE
D0183,TRUE
D0263,TRUE
D0999,TRUE
D2652,TRUE
D2561,TRUE
D2155,TRUE
D1671,TRUE
D2739,TRUE
D1973,TRUE
D0549,TRUE
D0352,TRUE
D0159,TRUE
D1784,TRUE
D0268,TRUE
D0785,TRUE
D2882,TRUE
D2023,TRUE
D1194,TRUE
D1783,TRUE
D1238,TRUE
D1232,TRUE
D2938,TRUE
D0700,TRUE
D0907,TRUE
D2185,TRUE
D0954,TRUE
D1109,TRUE
D0059,TRUE
D2216,TRUE
D1492,TRUE
D2425,TRUE
D2785,TRUE
D2506,TRUE
D0437,TRUE
D2798,TRUE
D2073,TRUE
D0873,TRUE
D1455,TRUE
D1498,TRUE
D0820,TRUE
D0200,TRUE
D1353,TRUE
D2190,TRUE
D0421,TRUE
D2233,TRUE
D0522,TRUE
D2419,TRUE
D0691,TRUE
D1856,TRUE
D1751,TRUE
D2479,TRUE
D2692,TRUE
D0770,TRUE
D0169,TRUE
D1854,TRUE
D0529,TRUE
D0261,TRUE
D1899,TRUE
D0709,TRUE
D0435,TRUE
D0771,TRUE
D2935,TRUE
D1798,TRUE
D1806,TRUE
D0220,TRUE
D1646,TRUE
D2371,TRUE
D0616,TRUE
D0927,TRUE
D0072,TRUE
D1626,TRUE
D1882,TRUE
D0017,TRUE
D0449,TRUE
D0199,TRUE
D2383,TRUE
D0081,TRUE
D2218,TRUE
D1852,TRUE
D1428,TRUE
D2524,TRUE
D0733,TRUE
D0891,TRUE
D2791,TRUE
D1732,TRUE
D1091,TRUE
D1203,TRUE
D0361,TRUE
D0658,TRUE
D2497,TRUE
D1557,TRUE
D0843,TRUE
D0692,TRUE
D2050,TRUE
D0743,TRUE
D0076,TRUE
D2962,TRUE
D0256,TRUE
D2458,TRUE
D1750,TRUE
D0400,TRUE
D1710,TRUE
D0160,TRUE
D2121,TRUE
D2892,TRUE
D1436,TRUE
D1655,TRUE
D0424,TRUE
D2269,TRUE
D1901,TRUE
D2207,TRUE
D2766,TRUE
D2617,TRUE
D0588,TRUE
D0368,TRUE
D0579,TRUE
D1855,TRUE
D0745,TRUE
D1602,TRUE
D2826,TRUE
D1499,TRUE
D0811,TRUE
D1681,TRUE
D1164,TRUE
D2492,TRUE
D0325,TRUE
D1634,TRUE
D0652,TRUE
D0802,TRUE
D0164,TRUE
D1303,TRUE
D0754,TRUE
D0738,TRUE
D1341,TRUE
D0303,TRUE
D2876,TRUE
D0523,TRUE
D0516,TRUE
D2744,TRUE
D2526,TRUE
D0925,TRUE
D0310,TRUE
D1285,TRUE
D2352,TRUE
D2305,TRUE
D1915,TRUE
D2568,TRUE
D0444,TRUE
D1932,TRUE
D2917,TRUE
D0480,TRUE
D0276,TRUE
D2504,TRUE
D1195,TRUE
D0403,TRUE
D2535,TRUE
D1414,TRUE
D0965,TRUE
D2063,TRUE
D2807,TRUE
D1078,TRUE
D0710,TRUE
D2178,TRUE
D2058,TRUE
D2993,TRUE
D2076,TRUE
D1851,TRUE
D2847,TRUE
D0174,TRUE
D0736,TRUE
D1039,TRUE
D1559,TRUE
D2654,TRUE
D0943,TRUE
D2012,TRUE
D0582,TRUE
D0717,TRUE
D1029,TRUE
D0359,TRUE
D0784,TRUE
D2114,TRUE
D1936,TRUE
D2334,TRUE
D2844,TRUE
D1216,TRUE
D1543,TRUE
D1466,TRUE
D2471,TRUE
D0163,TRUE
D1978,TRUE
D1328,TRUE
D0696,TRUE
D0382,TRUE
D0757,TRUE
D1474,TRUE
D2792,TRUE
D1435,TRUE
D2745,TRUE
D1256,TRUE
D2605,TRUE
D0324,TRUE
D1333,TRUE
D1260,TRUE
D1467,TRUE
D1151,TRUE
D1224,TRUE
D0874,TRUE
D2901,TRUE
D0956,TRUE
D1977,TRUE
D0703,TRUE
D0139,TRUE
D1968,TRUE
D2232,TRUE
D1390,TRUE
D1550,TRUE
D1534,TRUE
D2162,TRUE
D2818,TRUE
D1169,TRUE
D2169,TRUE
D0924,TRUE
D0353,TRUE
D2944,TRUE
D1964,TRUE
D0959,TRUE
D1745,TRUE
D2942,TRUE
D2528,TRUE
D0706,TRUE
D0491,TRUE
D1020,TRUE
D1723,TRUE
D2754,TRUE
D1805,TRUE
D2364,TRUE
D2668,TRUE
D0336,TRUE
D2456,TRUE
D0125,TRUE
D0453,TRUE
D0179,TRUE
D1995,TRUE
D1493,TRUE
D2199,TRUE
D0429,TRUE
D2610,TRUE
D2061,TRUE
D2877,TRUE
D1770,TRUE
D1252,TRUE
D2911,TRUE
D0410,TRUE
D0647,TRUE
D1003,TRUE
D0765,TRUE
D0719,TRUE
D2570,TRUE
D0567,TRUE
D1267,TRUE
D0485,TRUE
D1930,TRUE
D2415,TRUE
D1193,TRUE
D0064,TRUE
D0632,TRUE
D0939,TRUE
D2686,TRUE
D2946,TRUE
D1991,TRUE
D2783,TRUE
D2782,TRUE
D2740,TRUE
D1383,TRUE
D1168,TRUE
D0478,TRUE
D1814,TRUE
D1801,TRUE
D1067,TRUE
D1454,TRUE
D0484,TRUE
D0550,TRUE
D1058,TRUE
D2208,TRUE
D0167,TRUE
D0055,TRUE
D1836,TRUE
D1928,TRUE
D1950,TRUE
D2028,TRUE
D2859,TRUE
D2588,TRUE
D1551,TRUE
D0031,TRUE
D2545,TRUE
D1314,TRUE
D1566,TRUE
D2138,TRUE
D2045,TRUE
D2498,TRUE
D0058,TRUE
D2411,TRUE
D2475,TRUE
D1219,TRUE
D0801,TRUE
D0365,TRUE
D0506,TRUE
D1756,TRUE
D2446,TRUE
D0101,TRUE
D1143,TRUE
D2441,TRUE
D1929,FALSE
D0084,FALSE
D2229,FALSE
D2961,FALSE
D1487,FALSE
D2054,FALSE
D2083,FALSE
D1056,FALSE
D1984,FALSE
D0287,FALSE
D1140,FALSE
D2150,FALSE
D0085,FALSE
D0331,FALSE
D1137,FALSE
D1259,FALSE
D1014,FALSE
D2857,FALSE
D1576,FALSE
D2173,FALSE
D1415,FALSE
D2437,FALSE
D0129,FALSE
D2149,FALSE
D1115,FALSE
D1381,FALSE
D0627,FALSE
D0669,FALSE
D0667,FALSE
D0831,FALSE
D2363,FALSE
D0670,FALSE
D0426,FALSE
D2215,FALSE
D1664,FALSE
D1909,FALSE
D1883,FALSE
D1640,FALSE
D2290,FALSE
D0865,FALSE
D2510,FALSE
D1529,FALSE
D0376,FALSE
D1531,FALSE
D2122,FALSE
D0322,FALSE
D0063,FALSE
D2348,FALSE
D0375,FALSE
D0224,FALSE
D2913,FALSE
D2234,FALSE
D0968,FALSE
D2423,FALSE
D0536,FALSE
D2619,FALSE
D0759,FALSE
D1689,FALSE
D0356,FALSE
D2600,FALSE
D0806,FALSE
D2378,FALSE
D1516,FALSE
D0951,FALSE
D1536,FALSE
D0630,FALSE
D0589,FALSE
D1111,FALSE
D1026,FALSE
D2039,FALSE
D1412,FALSE
D2604,FALSE
D0285,FALSE
D2192,FALSE
D2503,FALSE
D1828,FALSE
D1999,FALSE
D2343,FALSE
D2318,FALSE
D2972,FALSE
D1124,FALSE
D0636,FALSE
D0830,FALSE
D1181,FALSE
D1524,FALSE
D1596,FALSE
D0161,FALSE
D2695,FALSE
D2314,FALSE
D1821,FALSE
D1315,FALSE
D0448,FALSE
D0878,FALSE
D0040,FALSE
D2776,FALSE
D0957,FALSE
D2689,FALSE
D2770,FALSE
D2288,FALSE
D0013,FALSE
D1713,FALSE
D0374,FALSE
D1738,FALSE
D0204,FALSE
D2861,FALSE
D2592,FALSE
D1263,FALSE
D0877,FALSE
D2775,FALSE
D0140,FALSE
D1957,FALSE
D2531,FALSE
D2886,FALSE
D0021,FALSE
D1274,FALSE
D0716,FALSE
D2674,FALSE
D0517,FALSE
D0349,FALSE
D1696,FALSE
D2999,FALSE
D2869,FALSE
D0554,FALSE
D1184,FALSE
D0293,FALSE
D1781,FALSE
D2969,FALSE
D2771,FALSE
D2549,FALSE
D2690,FALSE
D0923,FALSE
D2922,FALSE
D2670,FALSE
D1076,FALSE
D1861,FALSE
D2994,FALSE
D2853,FALSE
D2566,FALSE
D1395,FALSE
D2767,FALSE
D1030,FALSE
D2517,FALSE
D1445,FALSE
D0640,FALSE
D0311,FALSE
D2843,FALSE
D0544,FALSE
D2303,FALSE
D0798,FALSE
D1266,FALSE
D1827,FALSE
D1174,FALSE
D1097,FALSE
D2919,FALSE
D0602,FALSE
D2395,FALSE
D1604,FALSE
D0264,FALSE
D2612,FALSE
D0308,FALSE
D2143,FALSE
D1749,FALSE
D2971,FALSE
D2594,FALSE
D0913,FALSE
D1741,FALSE
D0131,FALSE
D1833,FALSE
D0764,FALSE
D2939,FALSE
D0855,FALSE
D2140,FALSE
D2246,FALSE
D0507,FALSE
D1645,FALSE
D0538,FALSE
D0991,FALSE
D1740,FALSE
D2228,FALSE
D1018,FALSE
D1180,FALSE
D1966,FALSE
D2465,FALSE
D2299,FALSE
D0116,FALSE
D0769,FALSE
D1884,FALSE
D0944,FALSE
D2119,FALSE
D1198,FALSE
D0683,FALSE
D1370,FALSE
D1592,FALSE
D0420,FALSE
D0113,FALSE
D0933,FALSE
D1001,FALSE
D0033,FALSE
D1961,FALSE
D0979,FALSE
D2691,FALSE
D2608,FALSE
D0170,FALSE
D1544,FALSE
D0793,FALSE
D0080,FALSE
D0512,FALSE
D2064,FALSE
D2722,FALSE
D2093,FALSE
D2505,FALSE
D1982,FALSE
D0089,FALSE
D2625,FALSE
D2070,FALSE
D0858,FALSE
D2982,FALSE
D2236,FALSE
D2653,FALSE
D1755,FALSE
D0335,FALSE
D1556,FALSE
D0581,FALSE
D2536,FALSE
D1483,FALSE
D2493,FALSE
D1944,FALSE
D1288,FALSE
D1684,FALSE
D1998,FALSE
D1780,FALSE
D2116,FALSE
D2764,FALSE
D0675,FALSE
D1832,FALSE
D0917,FALSE
D2235,FALSE
D2724,FALSE
D2490,FALSE
D0041,FALSE
D2027,FALSE
D1714,FALSE
D2157,FALSE
D2251,FALSE
D2735,FALSE
D2621,FALSE
D1391,FALSE
D1974,FALSE
D2811,FALSE
D0210,FALSE
D2834,FALSE
D2885,FALSE
D0950,FALSE
D1877,FALSE
D2803,FALSE
D0731,FALSE
D0842,FALSE
D0609,FALSE
D1657,FALSE
D1726,FALSE
D1824,FALSE
D0456,FALSE
D1255,FALSE
D1047,FALSE
D0452,FALSE
D1866,FALSE
D0232,FALSE
D0250,FALSE
D2300,FALSE
D2973,FALSE
D1582,FALSE
D0995,FALSE
D0827,FALSE
D0118,FALSE
D0487,FALSE
D2339,FALSE
D0009,FALSE
D0992,FALSE
D2420,FALSE
D0711,FALSE
D2329,FALSE
D0309,FALSE
D0213,FALSE
D2547,FALSE
D1233,FALSE
D2336,FALSE
D2701,FALSE
D0128,FALSE
D2141,FALSE
D0001,FALSE
D1887,FALSE
D0900,FALSE
D2177,FALSE
D0241,FALSE
D0810,FALSE
D0881,FALSE
D0575,FALSE
D0984,FALSE
D2777,FALSE
D1323,FALSE
D1987,FALSE
D2562,FALSE
D1152,FALSE
D1989,FALSE
D0752,FALSE
D1386,FALSE
D2414,FALSE
D0215,FALSE
D1358,FALSE
D2356,FALSE
D1580,FALSE
D2211,FALSE
D1488,FALSE
D0676,FALSE
D0280,FALSE
D1310,FALSE
D1617,FALSE
D2509,FALSE
D1753,FALSE
D0035,FALSE
D1560,FALSE
D1943,FALSE
D1567,FALSE
D1850,FALSE
D1016,FALSE
D1846,FALSE
D1547,FALSE
D2499,FALSE
D0611,FALSE
D0373,FALSE
D0621,FALSE
D1022,FALSE
D2577,FALSE
D1344,FALSE
D1442,FALSE
D0780,FALSE
D0847,FALSE
D0405,FALSE
D0872,FALSE
D1729,FALSE
D0399,FALSE
D2839,FALSE
D1552,FALSE
D0799,FALSE
D0725,FALSE
D0253,FALSE
D1672,FALSE
D2082,FALSE
D1258,FALSE
D2188,FALSE
D1350,FALSE
D1462,FALSE
D1360,FALSE
D2681,FALSE
D0744,FALSE
D2328,FALSE
D1845,FALSE
D2552,FALSE
D1874,FALSE
D2501,FALSE
D1213,FALSE
D1228,FALSE
D1440,FALSE
D2272,FALSE
D1716,FALSE
D0559,FALSE
D1090,FALSE
D2959,FALSE
D2516,FALSE
D0515,FALSE
D1254,FALSE
D2945,FALSE
D2253,FALSE
D0760,FALSE
D0278,FALSE
D0864,FALSE
D1661,FALSE
D0741,FALSE
D1960,FALSE
D2100,FALSE
D2278,FALSE
D1731,FALSE
D1510,FALSE
D1819,FALSE
D1394,FALSE
D0684,FALSE
D1746,FALSE
D2664,FALSE
D1134,FALSE
D2661,FALSE
D0195,FALSE
D2769,FALSE
D1955,FALSE
D2910,FALSE
D0849,FALSE
D2480,FALSE
D0178,FALSE
D1053,FALSE
D1481,FALSE
D0445,FALSE
D0271,FALSE
D0360,FALSE
D1131,FALSE
D2527,FALSE
D1774,FALSE
D2589,FALSE
D1553,FALSE
D1036,FALSE
D2031,FALSE
D2927,FALSE
D0960,FALSE
D2003,FALSE
D1357,FALSE
D1182,FALSE
D2541,FALSE
D2741,FALSE
D0307,FALSE
D1728,FALSE
D2685,FALSE
D1849,FALSE
D0720,FALSE
D0262,FALSE
D2799,FALSE
D0839,FALSE
D0489,FALSE
D2601,FALSE
D1444,FALSE
D1600,FALSE
D1625,FALSE
D0039,FALSE
D2176,FALSE
D0650,FALSE
D1878,FALSE
D2273,FALSE
D2021,FALSE
D0791,FALSE
D1068,FALSE
D0605,FALSE
D1554,FALSE
D1853,FALSE
D2416,FALSE
D0728,FALSE
D1106,FALSE
D2537,FALSE
D0718,FALSE
D0988,FALSE
D0472,FALSE
D1840,FALSE
D1864,FALSE
D2584,FALSE
D0070,FALSE
D2052,FALSE
D1983,FALSE
D1490,FALSE
D1365,FALSE
D1521,FALSE
D1717,FALSE
D1691,FALSE
D0388,FALSE
D2889,FALSE
D0194,FALSE
D0483,FALSE
D0473,FALSE
D0848,FALSE
D1768,FALSE
D1858,FALSE
D2056,FALSE
D2263,FALSE
D2010,FALSE
D0513,FALSE
D1319,FALSE
D1340,FALSE
D2087,FALSE
D1070,FALSE
D0500,FALSE
D2941,FALSE
D1171,FALSE
D2201,FALSE
D1098,FALSE
D0976,FALSE
D2609,FALSE
D1093,FALSE
D0893,FALSE
D0821,FALSE
D2029,FALSE
D2929,FALSE
D1788,FALSE
D0768,FALSE
D1024,FALSE
D0980,FALSE
D0326,FALSE
D2367,FALSE
D1549,FALSE
D2148,FALSE
D2730,FALSE
D1008,FALSE
D1204,FALSE
D2488,FALSE
D0794,FALSE
D1688,FALSE
D1325,FALSE
D1538,FALSE
D1787,FALSE
D1126,FALSE
D2110,FALSE
D1246,FALSE
D2932,FALSE
D2788,FALSE
D1527,FALSE
D2964,FALSE
D0635,FALSE
D1317,FALSE
D1101,FALSE
D2698,FALSE
D2244,FALSE
D0558,FALSE
D0509,FALSE
D0996,FALSE
D1584,FALSE
D2831,FALSE
D2551,FALSE
D0971,FALSE
D2417,FALSE
D0569,FALSE
D2323,FALSE
D1834,FALSE
D1243,FALSE
D1166,FALSE
D0882,FALSE
D0902,FALSE
D2307,FALSE
D2872,FALSE
D0961,FALSE
D0660,FALSE
D0088,FALSE
D0069,FALSE
D0067,FALSE
D1586,FALSE
D2047,FALSE
D0926,FALSE
D1668,FALSE
D2525,FALSE
D0539,FALSE
D2884,FALSE
D0468,FALSE
D1366,FALSE
D1948,FALSE
D0416,FALSE
D0556,FALSE
D1523,FALSE
D1045,FALSE
D2897,FALSE
D2801,FALSE
D0095,FALSE
D1121,FALSE
D2680,FALSE
D1028,FALSE
D0975,FALSE
D1364,FALSE
D1320,FALSE
D0576,FALSE
D1138,FALSE
D1094,FALSE
D1830,FALSE
D0011,FALSE
D0854,FALSE
D0267,FALSE
D1918,FALSE
D2174,FALSE
D1575,FALSE
D0548,FALSE
D2388,FALSE
D1072,FALSE
D0525,FALSE
D0083,FALSE
D1343,FALSE
D0284,FALSE
D0032,FALSE
D2007,FALSE
D0093,FALSE
D1186,FALSE
D2407,FALSE
D1226,FALSE
D0277,FALSE
D1271,FALSE
D2040,FALSE
D0479,FALSE
D0152,FALSE
D1287,FALSE
D2463,FALSE
D2902,FALSE
D1614,FALSE
D2830,FALSE
D0171,FALSE
D2341,FALSE
D0028,FALSE
D0693,FALSE
D0774,FALSE
D2923,FALSE
D2765,FALSE
D0607,FALSE
D1316,FALSE
D1413,FALSE
D0053,FALSE
D0838,FALSE
D1335,FALSE
D1077,FALSE
D1149,FALSE
D1371,FALSE
D2256,FALSE
D0587,FALSE
D1786,FALSE
D2687,FALSE
D1273,FALSE
D0247,FALSE
D0868,FALSE
D1337,FALSE
D0369,FALSE
D2965,FALSE
D1533,FALSE
D2426,FALSE
D0347,FALSE
D2937,FALSE
D1421,FALSE
D0818,FALSE
D2743,FALSE
D1956,FALSE
D1813,FALSE
D2778,FALSE
D1158,FALSE
D0052,FALSE
D1941,FALSE
D0598,FALSE
D0047,FALSE
D1377,FALSE
D1268,FALSE
D2975,FALSE
D2432,FALSE
D1160,FALSE
D1443,FALSE
D2868,FALSE
D1281,FALSE
D1959,FALSE
D2500,FALSE
D1629,FALSE
D2018,FALSE
D1074,FALSE
D2904,FALSE
D0246,FALSE
D0270,FALSE
D0955,FALSE
D1301,FALSE
D0663,FALSE
D1480,FALSE
D2298,FALSE
D0740,FALSE
D1355,FALSE
D0594,FALSE
D2914,FALSE
D0196,FALSE
D2053,FALSE
D1239,FALSE
D1606,FALSE
D0230,FALSE
D2591,FALSE
D0962,FALSE
D1183,FALSE
D1922,FALSE
D0209,FALSE
D2565,FALSE
D0318,FALSE
D0777,FALSE
D1545,FALSE
D0354,FALSE
D0639,FALSE
D1133,FALSE
D1373,FALSE
D2042,FALSE
D1155,FALSE
D1953,FALSE
D0562,FALSE
D0233,FALSE
D1638,FALSE
D0383,FALSE
D0198,FALSE
D1839,FALSE
D0570,FALSE
D2268,FALSE
D0800,FALSE
D1616,FALSE
D0312,FALSE
D1648,FALSE
D2358,FALSE
D1954,FALSE
D1095,FALSE
D2209,FALSE
D0223,FALSE
D2855,FALSE
D0065,FALSE
D2842,FALSE
D1084,FALSE
D2697,FALSE
D2841,FALSE
D0547,FALSE
D2988,FALSE
D0245,FALSE
D1752,FALSE
D2572,FALSE
D1912,FALSE
D2151,FALSE
D2952,FALSE
D0852,FALSE
D0288,FALSE
D0851,FALSE
D2747,FALSE
D1733,FALSE
D0631,FALSE
D0715,FALSE
D1312,FALSE
D1793,FALSE
D1382,FALSE
D1025,FALSE
D0503,FALSE
D2133,FALSE
D0836,FALSE
D1667,FALSE
D1891,FALSE
D1802,FALSE
D2874,FALSE
D1931,FALSE
D2981,FALSE
D1220,FALSE
D1118,FALSE
D2390,FALSE
D1541,FALSE
D2163,FALSE
D1568,FALSE
D1555,FALSE
D0904,FALSE
D0583,FALSE
D2676,FALSE
D2502,FALSE
D0364,FALSE
D1148,FALSE
D2675,FALSE
D0122,FALSE
D2915,FALSE
D0680,FALSE
D1244,FALSE
D0790,FALSE
D0430,FALSE
D0922,FALSE
D1032,FALSE
D2893,FALSE
D2098,FALSE
D2430,FALSE
D0946,FALSE
D1279,FALSE
D2618,FALSE
D2715,FALSE
D2060,FALSE
D0286,FALSE
D2815,FALSE
D2737,FALSE
D2147,FALSE
D2034,FALSE
D1603,FALSE
D1035,FALSE
D0418,FALSE
D2167,FALSE
D2808,FALSE
D1939,FALSE
D1764,FALSE
D0439,FALSE
D2297,FALSE
D2563,FALSE
D1611,FALSE
D0604,FALSE
D1763,FALSE
D1700,FALSE
D2550,FALSE
D2362,FALSE
D2613,FALSE
D0096,FALSE
D2583,FALSE
D2120,FALSE
D1470,FALSE
D0193,FALSE
D0238,FALSE
D1577,FALSE
D2780,FALSE
D0049,FALSE
D1156,FALSE
D0940,FALSE
D0022,FALSE
D0783,FALSE
D2258,FALSE
D1843,FALSE
D1449,FALSE
D1737,FALSE
D0134,FALSE
D0390,FALSE
D1952,FALSE
D0236,FALSE
D1624,FALSE
D2759,FALSE
D2219,FALSE
D1868,FALSE
D1023,FALSE
D0214,FALSE
D1037,FALSE
D0201,FALSE
D0004,FALSE
D0681,FALSE
D1403,FALSE
D2627,FALSE
D0934,FALSE
D1300,FALSE
D0571,FALSE
D0871,FALSE
D0112,FALSE
D0301,FALSE
D1809,FALSE
D2024,FALSE
D1469,FALSE
D2105,FALSE
D2372,FALSE
D0087,FALSE
D0678,FALSE
D1170,FALSE
D0438,FALSE
D2088,FALSE
D0508,FALSE
D2669,FALSE
D1019,FALSE
D2696,FALSE
D2678,FALSE
D0528,FALSE
D1276,FALSE
D2195,FALSE
D1015,FALSE
D1720,FALSE
D0082,FALSE
D0585,FALSE
D2850,FALSE
D0294,FALSE
D2380,FALSE
D2241,FALSE
D2071,FALSE
D2867,FALSE
D1424,FALSE
D1837,FALSE
D1201,FALSE
D0672,FALSE
D0188,FALSE
D0275,FALSE
D2019,FALSE
D0812,FALSE
D1375,FALSE
D1302,FALSE
D2512,FALSE
D0648,FALSE
D2832,FALSE
D2632,FALSE
D2226,FALSE
D2158,FALSE
D0175,FALSE
D1730,FALSE
D2786,FALSE
D1540,FALSE
D1504,FALSE
D1419,FALSE
D1702,FALSE
D1060,FALSE
D0436,FALSE
D1644,FALSE
D1361,FALSE
D1927,FALSE
D0994,FALSE
D1804,FALSE
D0010,FALSE
D2875,FALSE
D2948,FALSE
D1528,FALSE
D2682,FALSE
D1229,FALSE
D2454,FALSE
D1876,FALSE
D0099,FALSE
D0237,FALSE
D0074,FALSE
D2428,FALSE
D0447,FALSE
D1326,FALSE
D2442,FALSE
D0166,FALSE
D1811,FALSE
D0686,FALSE
D2008,FALSE
D0297,FALSE
D1352,FALSE
D1794,FALSE
D1048,FALSE
D0809,FALSE
D0808,FALSE
D0942,FALSE
D1475,FALSE
D2433,FALSE
D2926,FALSE
D0737,FALSE
D0104,FALSE
D0514,FALSE
D0543,FALSE
D1472,FALSE
D1278,FALSE
D2530,FALSE
D1392,FALSE
D0355,FALSE
D1660,FALSE
D1142,FALSE
D2382,FALSE
D1908,FALSE
D0526,FALSE
D0145,FALSE
D2586,FALSE
D1380,FALSE
D2057,FALSE
D1356,FALSE
D1892,FALSE
D2137,FALSE
D2165,FALSE
D0127,FALSE
D1103,FALSE
D2090,FALSE
D0207,FALSE
D0144,FALSE
D2469,FALSE
D0859,FALSE
D2641,FALSE
D2694,FALSE
D0749,FALSE
D0895,FALSE
D1880,FALSE
D1612,FALSE
D0458,FALSE
D0114,FALSE
D2943,FALSE
D2427,FALSE
D1898,FALSE
D1211,FALSE
D0231,FALSE
D0501,FALSE
D2852,FALSE
D1132,FALSE
D0935,FALSE
D1513,FALSE
D2958,FALSE
D1286,FALSE
D2408,FALSE
D1701,FALSE
D0477,FALSE
D2956,FALSE
D1942,FALSE
D0120,FALSE
D1347,FALSE
D2227,FALSE
D1879,FALSE
D1080,FALSE
D1017,FALSE
D0972,FALSE
D2908,FALSE
D1885,FALSE
D0727,FALSE
D1808,FALSE
D0726,FALSE
D2858,FALSE
D0225,FALSE
D0043,FALSE
D2548,FALSE
D1692,FALSE
D2444,FALSE
D2727,FALSE
D2125,FALSE
D2403,FALSE
D0963,FALSE
D2091,FALSE
D1869,FALSE
D2261,FALSE
D2794,FALSE
D1456,FALSE
D1631,FALSE
D1398,FALSE
D2376,FALSE
D1971,FALSE
D0150,FALSE
D1585,FALSE
D0584,FALSE
D1102,FALSE
D2968,FALSE
D0577,FALSE
D2665,FALSE
D2183,FALSE
D2712,FALSE
D0833,FALSE
D2404,FALSE
D0440,FALSE
D2966,FALSE
D2774,FALSE
D2245,FALSE
D2210,FALSE
D1791,FALSE
D0054,FALSE
D0844,FALSE
D2015,FALSE
D2377,FALSE
D0008,FALSE
D2817,FALSE
D1129,FALSE
D2784,FALSE
D1478,FALSE
D1122,FALSE
D2255,FALSE
D2164,FALSE
D2543,FALSE
D2153,FALSE
D2068,FALSE
D0666,FALSE
D0894,FALSE
D0817,FALSE
D1564,FALSE
D1110,FALSE
D1460,FALSE
D0739,FALSE
D1632,FALSE
D1515,FALSE
D0005,FALSE
D2115,FALSE
D2393,FALSE
D2118,FALSE
D0185,FALSE
D0747,FALSE
D0251,FALSE
D2802,FALSE
D2330,FALSE
D0496,FALSE
D0563,FALSE
D2523,FALSE
D2160,FALSE
D1441,FALSE
D2629,FALSE
D1779,FALSE
D0459,FALSE
D2582,FALSE
D0363,FALSE
D0689,FALSE
D1339,FALSE
D0510,FALSE
D2616,FALSE
D2381,FALSE
D2736,FALSE
D2833,FALSE
D1461,FALSE
D1910,FALSE
D1778,FALSE
D0393,FALSE
D0461,FALSE
D2538,FALSE
D1706,FALSE
D2912,FALSE
D2787,FALSE
D2871,FALSE
D2596,FALSE
D2532,FALSE
D1759,FALSE
D2304,FALSE
D0148,FALSE
D2732,FALSE
D2806,FALSE
D1369,FALSE
D0792,FALSE
D2753,FALSE
D2132,FALSE
D0885,FALSE
D0876,FALSE
D0018,FALSE
D0317,FALSE
D2805,FALSE
D1334,FALSE
D0541,FALSE
D1792,FALSE
D2508,FALSE
D2995,FALSE
D0492,FALSE
D2275,FALSE
D1437,FALSE
D0918,FALSE
D0912,FALSE
D2171,FALSE
D0341,FALSE
D0649,FALSE
D0845,FALSE
D0227,FALSE
D1799,FALSE
D0141,FALSE
D0688,FALSE
D1011,FALSE
D0343,FALSE
D0467,FALSE
D2991,FALSE
D1485,FALSE
D2320,FALSE
D1082,FALSE
D1663,FALSE
D1993,FALSE
D0905,FALSE
D0313,FALSE
D1569,FALSE
D1162,FALSE
D2894,FALSE
D2009,FALSE
D2602,FALSE
D1089,FALSE
D2640,FALSE
D0655,FALSE
D2907,FALSE
D1795,FALSE
D0014,FALSE
D2569,FALSE
D2644,FALSE
D0642,FALSE
D1695,FALSE
D2558,FALSE
D1100,FALSE
D2486,FALSE
D1859,FALSE
D2062,FALSE
D0162,FALSE
D1820,FALSE
D2224,FALSE
D2906,FALSE
D1187,FALSE
D0597,FALSE
D1920,FALSE
D0883,FALSE
D1234,FALSE
D2967,FALSE
D2413,FALSE
D1848,FALSE
D0495,FALSE
D1264,FALSE
D0030,FALSE
D1393,FALSE
D0542,FALSE
D1525,FALSE
D1241,FALSE
D1735,FALSE
D0618,FALSE
D0797,FALSE
D1112,FALSE
D2603,FALSE
D2266,FALSE
D0299,FALSE
D2129,FALSE
D0130,FALSE
D1231,FALSE
D1223,FALSE
D2359,FALSE
D0862,FALSE
D2069,FALSE
D2713,FALSE
D2102,FALSE
D0735,FALSE
D0815,FALSE
D0184,FALSE
D2292,FALSE
D2085,FALSE
D1913,FALSE
D1597,FALSE
D2249,FALSE
D0066,FALSE
D0661,FALSE
D2026,FALSE
D2213,FALSE
D0412,FALSE
D2109,FALSE
D2435,FALSE
D2637,FALSE
D2663,FALSE
D0149,FALSE
D1500,FALSE
D1227,FALSE
D1457,FALSE
D2934,FALSE
D0772,FALSE
D2828,FALSE
D2123,FALSE
D0898,FALSE
D2077,FALSE
D2789,FALSE
D2206,FALSE
D0182,FALSE
D0932,FALSE
D0841,FALSE
D0704,FALSE
D1202,FALSE
D0062,FALSE
D2067,FALSE
D2001,FALSE
D0981,FALSE
D2187,FALSE
D0384,FALSE
D1167,FALSE
D0269,FALSE
D2366,FALSE
D1292,FALSE
D1409,FALSE
D1191,FALSE
D0928,FALSE
D1829,FALSE
D1117,FALSE
D1038,FALSE
D0593,FALSE
D2983,FALSE
D2977,FALSE
D2030,FALSE
D2921,FALSE
D1897,FALSE
D0342,FALSE
D0462,FALSE
D0724,FALSE
D2387,FALSE
D0776,FALSE
D2835,FALSE
D0057,FALSE
D2890,FALSE
D0026,FALSE
D0292,FALSE
D1917,FALSE
D0560,FALSE
D2812,FALSE
D2086,FALSE
D1537,FALSE
D1054,FALSE
D0561,FALSE
D2074,FALSE
D2200,FALSE
D1397,FALSE
D0266,FALSE
D0316,FALSE
D1992,FALSE
D1088,FALSE
D2733,FALSE
D2139,FALSE
D2294,FALSE
D1572,FALSE
D2529,FALSE
D1921,FALSE
D0656,FALSE
D0779,FALSE
D1290,FALSE
D2846,FALSE
D2984,FALSE
D1013,FALSE
D0279,FALSE
D2693,FALSE
D0151,FALSE
D2225,FALSE
D0685,FALSE
D2950,FALSE
D2507,FALSE
D2136,FALSE
D0466,FALSE
D2714,FALSE
D2672,FALSE
D1359,FALSE
D2797,FALSE
D1127,FALSE
D2004,FALSE
D0417,FALSE
D2421,FALSE
D0392,FALSE
D2231,FALSE
D1400,FALSE
D2198,FALSE
D2044,FALSE
D0530,FALSE
D0020,FALSE
D2851,FALSE
D2671,FALSE
D1622,FALSE
D2879,FALSE
D1123,FALSE
D0228,FALSE
D2980,FALSE
D1404,FALSE
D0203,FALSE
D0789,FALSE
D2279,FALSE
D0259,FALSE
D1052,FALSE
D1270,FALSE
D0816,FALSE
D2540,FALSE
D1724,FALSE
D1107,FALSE
D1079,FALSE
D1980,FALSE
D0046,FALSE
D2571,FALSE
D1593,FALSE
D0819,FALSE
D0603,FALSE
D0027,FALSE
D1506,FALSE
D1145,FALSE
D0953,FALSE
D2194,FALSE
D1147,FALSE
D2130,FALSE
D2513,FALSE
D2191,FALSE
D2891,FALSE
D0608,FALSE
D2809,FALSE
D2827,FALSE
D0732,FALSE
D0781,FALSE
D1031,FALSE
D0168,FALSE
D0431,FALSE
D2271,FALSE
D2800,FALSE
D1486,FALSE
D0226,FALSE
D2918,FALSE
D2810,FALSE
D0433,FALSE
D2017,FALSE
D2658,FALSE
D2481,FALSE
D1823,FALSE
D0323,FALSE
D2302,FALSE
D1680,FALSE
D1797,FALSE
D0505,FALSE
D1497,FALSE
D2881,FALSE
D2559,FALSE
D2438,FALSE
D0098,FALSE
D2909,FALSE
D0708,FALSE
D1293,FALSE
D2282,FALSE
D0835,FALSE
D2472,FALSE
D0592,FALSE
D1771,FALSE
D2624,FALSE
D2445,FALSE
D1188,FALSE
D1686,FALSE
D0366,FALSE
D0853,FALSE
D1368,FALSE
D1826,FALSE
D1318,FALSE
D2706,FALSE
D2887,FALSE
D1468,FALSE
D0079,FALSE
D0997,FALSE
D0121,FALSE
D2325,FALSE
D0455,FALSE
D0977,FALSE
D2197,FALSE
D1505,FALSE
D1754,FALSE
D2092,FALSE
D1439,FALSE
D0782,FALSE
D2590,FALSE
D1742,FALSE
D1831,FALSE
D2575,FALSE
D1822,FALSE
D1519,FALSE
D1976,FALSE
D1707,FALSE
D2386,FALSE
D2252,FALSE
D1085,FALSE
D2936,FALSE
D0432,FALSE
D1938,FALSE
D0721,FALSE
D1087,FALSE
D1676,FALSE
D0762,FALSE
D0916,FALSE
D1489,FALSE
D2276,FALSE
D0061,FALSE
D0211,FALSE
D2870,FALSE
D1331,FALSE
D1218,FALSE
D1881,FALSE
D1459,FALSE
D0243,FALSE
D0023,FALSE
D0595,FALSE
D0756,FALSE
D1348,FALSE
D1679,FALSE
D2521,FALSE
D0107,FALSE
D0758,FALSE
D2598,FALSE
D0110,FALSE
D0172,FALSE
D2048,FALSE
D1207,FALSE
D2398,FALSE
D2400,FALSE
D0875,FALSE
D2337,FALSE
D0890,FALSE
D1321,FALSE
D0003,FALSE
D2319,FALSE
D1904,FALSE
D0042,FALSE
D0755,FALSE
D0993,FALSE
D1297,FALSE
D0886,FALSE
D0861,FALSE
D1044,FALSE
D2494,FALSE
D1351,FALSE
D2385,FALSE
D0970,FALSE
D0668,FALSE
D2728,FALSE
D0698,FALSE
D1835,FALSE
D1643,FALSE
D2649,FALSE
D1324,FALSE
D1004,FALSE
D1785,FALSE
D2402,FALSE
D1658,FALSE
D2342,FALSE
D1535,FALSE
D2431,FALSE
D1429,FALSE
D1907,FALSE
D2347,FALSE
D0345,FALSE
D0778,FALSE
D1033,FALSE
D2267,FALSE
D0328,FALSE
D1330,FALSE
D2079,FALSE
D1376,FALSE
D2986,FALSE
D1313,FALSE
D0682,FALSE
D2953,FALSE
D1062,FALSE
D1446,FALSE
D0807,FALSE
D2597,FALSE
D0701,FALSE
D1817,FALSE
D1725,FALSE
D1257,FALSE
D1453,FALSE
D2384,FALSE
D1588,FALSE
D2043,FALSE
D2257,FALSE
D2599,FALSE
D1275,FALSE
D1940,FALSE
D1092,FALSE
D1425,FALSE
D2250,FALSE
D1236,FALSE
D1066,FALSE
D1542,FALSE
D0937,FALSE
D2648,FALSE
D1309,FALSE
D2611,FALSE
