V1,V2
D1996,TRUE
D1494,TRUE
D2346,TRUE
D1420,TRUE
D2107,TRUE
D0016,TRUE
D0787,TRUE
D0404,TRUE
D1253,TRUE
D2963,TRUE
D0071,TRUE
D1384,TRUE
D2289,TRUE
D2662,TRUE
D0423,TRUE
D2772,TRUE
D1772,TRUE
D0019,TRUE
D1815,TRUE
D1935,TRUE
D2354,TRUE
D1518,TRUE
D0469,TRUE
D0674,TRUE
D2309,TRUE
D2838,TRUE
D0123,TRUE
D0899,TRUE
D1175,TRUE
D0537,TRUE
D1034,TRUE
D2557,TRUE
D1057,TRUE
D2440,TRUE
D2460,TRUE
D0291,TRUE
D2182,TRUE
D2134,TRUE
D1665,TRUE
D2567,TRUE
D1464,TRUE
D2033,TRUE
D1810,TRUE
D0044,TRUE
D2222,TRUE
D1906,TRUE
D1042,TRUE
D1539,TRUE
D0358,TRUE
D1433,TRUE
D0552,TRUE
D2731,TRUE
D0989,TRUE
D1083,TRUE
D2700,TRUE
D0987,TRUE
D2716,TRUE
D2849,TRUE
D2412,TRUE
D2485,TRUE
D0504,TRUE
D2511,TRUE
D2726,TRUE
D1209,TRUE
D1958,TRUE
D2205,TRUE
D2974,TRUE
D0105,TRUE
D1773,TRUE
D2631,TRUE
D0333,TRUE
D2166,TRUE
D2606,TRUE
D0258,TRUE
D0870,TRUE
D2650,TRUE
D2679,TRUE
D1761,TRUE
D0573,TRUE
D0694,TRUE
D2306,TRUE
D1703,TRUE
D0229,TRUE
D0846,TRUE
D2928,TRUE
D1458,TRUE
D2135,TRUE
D0362,TRUE
D0546,TRUE
D0115,TRUE
D2399,TRUE
D0983,TRUE
D2519,TRUE
D0521,TRUE
D0949,TRUE
D2896,TRUE
D2374,TRUE
D0929,TRUE
D2924,TRUE
D0060,TRUE
D1872,TRUE
D0707,TRUE
D0476,TRUE
D2725,TRUE
D1818,TRUE
D0486,TRUE
D2793,TRUE
D1113,TRUE
D2709,TRUE
D0519,TRUE
D2979,TRUE
D2240,TRUE
D2673,TRUE
D2436,TRUE
D2291,TRUE
D0600,TRUE
D2331,TRUE
D0499,TRUE
D0186,TRUE
D0221,TRUE
D2046,TRUE
D0494,TRUE
D0319,TRUE
D0679,TRUE
D2651,TRUE
D1653,TRUE
D0578,TRUE
D1221,TRUE
D1027,TRUE
D1502,TRUE
D0249,TRUE
D2248,TRUE
D0659,TRUE
D1215,TRUE
D1530,TRUE
D2477,TRUE
D1141,TRUE
D2761,TRUE
D0699,TRUE
D2496,TRUE
D1623,TRUE
D0990,TRUE
D1718,TRUE
D0884,TRUE
D0073,TRUE
D1177,TRUE
D0283,TRUE
D2659,TRUE
D0219,TRUE
D0850,TRUE
D1503,TRUE
D1758,TRUE
D2684,TRUE
D0415,TRUE
D0580,TRUE
D0742,TRUE
D2970,TRUE
D0628,TRUE
D0911,TRUE
D1172,TRUE
D1914,TRUE
D0441,TRUE
D0208,TRUE
D2862,TRUE
D0702,TRUE
D1511,TRUE
D2900,TRUE
D0389,TRUE
D2022,TRUE
D2683,TRUE
D2422,TRUE
D0154,TRUE
D0646,TRUE
D1769,TRUE
D1796,TRUE
D2379,TRUE
D1192,TRUE
D2349,TRUE
D1972,TRUE
D2699,TRUE
D2707,TRUE
D0803,TRUE
D0457,TRUE
D0828,TRUE
D0723,TRUE
D2895,TRUE
D0566,TRUE
D1635,TRUE
D2916,TRUE
D2145,TRUE
D1591,TRUE
D1086,TRUE
D1157,TRUE
D0351,TRUE
D2622,TRUE
D0860,TRUE
D2016,TRUE
D2756,TRUE
D1975,TRUE
D2734,TRUE
D2795,TRUE
D0985,TRUE
D1630,TRUE
D2168,TRUE
D1261,TRUE
D2656,TRUE
D2748,TRUE
D2905,TRUE
D2038,TRUE
D1946,TRUE
D1367,TRUE
D2677,TRUE
D2633,TRUE
D2264,TRUE
D1099,TRUE
D0814,TRUE
D2391,TRUE
D2108,TRUE
D1583,TRUE
D3000,TRUE
D0470,TRUE
D1199,TRUE
D2144,TRUE
D1919,TRUE
D0464,TRUE
D0998,TRUE
D2478,TRUE
D1636,TRUE
D0306,TRUE
D2997,TRUE
D1291,TRUE
D0825,TRUE
D2223,TRUE
D1484,TRUE
D2455,TRUE
D0804,TRUE
D1986,TRUE
D2464,TRUE
D2989,TRUE
D2816,TRUE
D1139,TRUE
D1558,TRUE
D1633,TRUE
D0260,TRUE
D1889,TRUE
D0234,TRUE
D1838,TRUE
D0401,TRUE
D1283,TRUE
D2375,TRUE
D2409,TRUE
D2284,TRUE
D2127,TRUE
D2179,TRUE
D2998,TRUE
D1678,TRUE
D2819,TRUE
D2951,TRUE
D1705,TRUE
D1687,TRUE
D1332,TRUE
D1154,TRUE
D1683,TRUE
D2920,TRUE
D0350,TRUE
D0442,TRUE
D2717,TRUE
D0102,TRUE
D1766,TRUE
D1748,TRUE
D0887,TRUE
D2005,TRUE
D0863,TRUE
D2518,TRUE
D1609,TRUE
D1719,TRUE
D0653,TRUE
D1546,TRUE
D2418,TRUE
D1969,TRUE
D2175,TRUE
D1895,TRUE
D1862,TRUE
D2992,TRUE
D1190,TRUE
D1613,TRUE
D2705,TRUE
D0766,TRUE
D2623,TRUE
D2899,TRUE
D0761,TRUE
D0903,TRUE
D0463,TRUE
D1776,TRUE
D2848,TRUE
D0867,TRUE
D1933,TRUE
D0590,TRUE
D1051,TRUE
D1247,TRUE
D2955,FALSE
D0493,FALSE
D0490,FALSE
D0244,FALSE
D0176,FALSE
D0304,FALSE
D0036,FALSE
D1240,FALSE
D2324,FALSE
D2579,FALSE
D0158,FALSE
D1405,FALSE
D2470,FALSE
D0617,FALSE
D0746,FALSE
D2156,FALSE
D2370,FALSE
D0091,FALSE
D2564,FALSE
D2898,FALSE
D2779,FALSE
D0094,FALSE
D0451,FALSE
D2660,FALSE
D0967,FALSE
D2316,FALSE
D1116,FALSE
D0930,FALSE
D0919,FALSE
D2059,FALSE
D2635,FALSE
D0300,FALSE
D1507,FALSE
D0837,FALSE
D1615,FALSE
D1847,FALSE
D0394,FALSE
D2333,FALSE
D2313,FALSE
D2580,FALSE
D1659,FALSE
D0586,FALSE
D1179,FALSE
D0395,FALSE
D0357,FALSE
D1354,FALSE
D2466,FALSE
D1408,FALSE
D2620,FALSE
D0242,FALSE
D2704,FALSE
D0274,FALSE
D2450,FALSE
D0029,FALSE
D2111,FALSE
D1747,FALSE
D0006,FALSE
D2574,FALSE
D1997,FALSE
D1905,FALSE
D2321,FALSE
D2542,FALSE
D2708,FALSE
D1135,FALSE
D0786,FALSE
D2642,FALSE
D2758,FALSE
D1628,FALSE
D2746,FALSE
D1294,FALSE
D0938,FALSE
D2560,FALSE
D1043,FALSE
D0379,FALSE
D0402,FALSE
D2940,FALSE
D2888,FALSE
D0534,FALSE
D2217,FALSE
D2095,FALSE
D1438,FALSE
D0796,FALSE
D2544,FALSE
D2473,FALSE
D0180,FALSE
D0978,FALSE
D0386,FALSE
D1206,FALSE
D0327,FALSE
D2459,FALSE
D0633,FALSE
D2825,FALSE
D2142,FALSE
D1000,FALSE
D2576,FALSE
D0146,FALSE
D0767,FALSE
D2996,FALSE
D0638,FALSE
D1282,FALSE
D1514,FALSE
D1775,FALSE
D2489,FALSE
D1295,FALSE
D0974,FALSE
D0173,FALSE
D1153,FALSE
D2293,FALSE
D1434,FALSE
D0958,FALSE
D1306,FALSE
D0109,FALSE
D0191,FALSE
D0202,FALSE
D1345,FALSE
D2760,FALSE
D0869,FALSE
D2340,FALSE
D1073,FALSE
D2721,FALSE
D2202,FALSE
D1777,FALSE
D1693,FALSE
D1926,FALSE
D0822,FALSE
D0252,FALSE
D2065,FALSE
D2025,FALSE
D2546,FALSE
D1418,FALSE
D1924,FALSE
D0222,FALSE
D2987,FALSE
D0124,FALSE
D2189,FALSE
D0565,FALSE
D1677,FALSE
D2718,FALSE
D2845,FALSE
D1963,FALSE
D2317,FALSE
D0422,FALSE
D0498,FALSE
D2113,FALSE
D1075,FALSE
D2281,FALSE
D2020,FALSE
D2037,FALSE
D1690,FALSE
D0344,FALSE
D1046,FALSE
D0205,FALSE
D0212,FALSE
D1844,FALSE
D1452,FALSE
D1210,FALSE
D1007,FALSE
D0446,FALSE
D1378,FALSE
D0190,FALSE
D2555,FALSE
D1196,FALSE
D1923,FALSE
D0092,FALSE
D2720,FALSE
D1105,FALSE
D2078,FALSE
D1526,FALSE
D1708,FALSE
D2270,FALSE
D2181,FALSE
D2301,FALSE
D2296,FALSE
D2447,FALSE
D2326,FALSE
D0282,FALSE
D1594,FALSE
D0941,FALSE
D1059,FALSE
D0377,FALSE
D1406,FALSE
D2539,FALSE
D1473,FALSE
D2860,FALSE
D1338,FALSE
D1990,FALSE
D0624,FALSE
D1379,FALSE
D1712,FALSE
D0613,FALSE
D2397,FALSE
D0986,FALSE
D0795,FALSE
D0015,FALSE
D2829,FALSE
D1197,FALSE
D2495,FALSE
D0314,FALSE
D2813,FALSE
D1496,FALSE
D0601,FALSE
D1128,FALSE
D0697,FALSE
D0531,FALSE
D0897,FALSE
D0915,FALSE
D0048,FALSE
D2295,FALSE
D1096,FALSE
D1673,FALSE
D1619,FALSE
D2711,FALSE
D1715,FALSE
D2781,FALSE
D2220,FALSE
D2350,FALSE
D2203,FALSE
D2262,FALSE
D1727,FALSE
D0909,FALSE
D2332,FALSE
D1666,FALSE
D2032,FALSE
D2357,FALSE
D2593,FALSE
D0545,FALSE
D0834,FALSE
D2474,FALSE
D2106,FALSE
D2259,FALSE
D2751,FALSE
D2814,FALSE
D2360,FALSE
D0414,FALSE
D1697,FALSE
D1396,FALSE
D1482,FALSE
D0086,FALSE
D0372,FALSE
D2931,FALSE
D1888,FALSE
D2049,FALSE
D2247,FALSE
D1652,FALSE
D2448,FALSE
D1627,FALSE
D2254,FALSE
D1009,FALSE
D0532,FALSE
D2768,FALSE
D2554,FALSE
D1150,FALSE
D2947,FALSE
D1682,FALSE
D2286,FALSE
D0908,FALSE
D0823,FALSE
D1476,FALSE
D1388,FALSE
D0612,FALSE
D1214,FALSE
D2514,FALSE
D1407,FALSE
D2014,FALSE
D1669,FALSE
D1508,FALSE
D1372,FALSE
D1387,FALSE
D2035,FALSE
D1694,FALSE
D2096,FALSE
D2865,FALSE
D0281,FALSE
D0705,FALSE
D0450,FALSE
D2230,FALSE
D0216,FALSE
D0677,FALSE
D0574,FALSE
D0156,FALSE
D0346,FALSE
D0524,FALSE
D2239,FALSE
D0591,FALSE
D2534,FALSE
D1937,FALSE
D1721,FALSE
D2392,FALSE
D1970,FALSE
D0471,FALSE
D1509,FALSE
D1988,FALSE
D1649,FALSE
D0502,FALSE
D2667,FALSE
D0272,FALSE
D0097,FALSE
D0671,FALSE
D2578,FALSE
D2405,FALSE
D1520,FALSE
D1447,FALSE
D1248,FALSE
D0856,FALSE
D2647,FALSE
D2750,FALSE
D2449,FALSE
D2824,FALSE
D2396,FALSE
D0411,FALSE
D0239,FALSE
D0880,FALSE
D1573,FALSE
D1744,FALSE
D2933,FALSE
D0606,FALSE
D1734,FALSE
D1841,FALSE
D1870,FALSE
D1336,FALSE
D1674,FALSE
D1743,FALSE
D0197,FALSE
D0657,FALSE
D1589,FALSE
D1063,FALSE
D2864,FALSE
D1055,FALSE
D1860,FALSE
D0722,FALSE
D0931,FALSE
D0497,FALSE
D2587,FALSE
D0106,FALSE
D1069,FALSE
D2355,FALSE
D1873,FALSE
D0945,FALSE
D1685,FALSE
D0370,FALSE
D0012,FALSE
D0034,FALSE
D2055,FALSE
D1071,FALSE
D1803,FALSE
D0572,FALSE
D0889,FALSE
D0068,FALSE
D2159,FALSE
D0947,FALSE
D2322,FALSE
D1599,FALSE
D1249,FALSE
D1432,FALSE
D2581,FALSE
D0695,FALSE
D0454,FALSE
D2755,FALSE
D1010,FALSE
D0714,FALSE
D0465,FALSE
D0391,FALSE
D1650,FALSE
D1065,FALSE
D1262,FALSE
D0157,FALSE
D0050,FALSE
D1050,FALSE
D1757,FALSE
D2515,FALSE
D1322,FALSE
D0380,FALSE
D0948,FALSE
D2373,FALSE
D0045,FALSE
D2401,FALSE
D2773,FALSE
D2184,FALSE
D1471,FALSE
D1269,FALSE
D2804,FALSE
D1875,FALSE
D0555,FALSE
D1789,FALSE
D1061,FALSE
D2820,FALSE
D1005,FALSE
D2080,FALSE
D1362,FALSE
D0551,FALSE
D1656,FALSE
D1842,FALSE
D1565,FALSE
D1136,FALSE
D2101,FALSE
D1867,FALSE
D1479,FALSE
D2439,FALSE
D1159,FALSE
D0535,FALSE
D2361,FALSE
D1962,FALSE
D2628,FALSE
D2072,FALSE
D2237,FALSE
D0634,FALSE
D0511,FALSE
D2131,FALSE
D1760,FALSE
D1327,FALSE
D2369,FALSE
D0135,FALSE
D0367,FALSE
D1296,FALSE
D1277,FALSE
D1595,FALSE
D0397,FALSE
D0557,FALSE
D2462,FALSE
D1144,FALSE
D0748,FALSE
D1427,FALSE
D0518,FALSE
D1871,FALSE
D2719,FALSE
D0348,FALSE
D2949,FALSE
D2075,FALSE
D1985,FALSE
D0147,FALSE
D2146,FALSE
D1346,FALSE
D2796,FALSE
D0866,FALSE
D0409,FALSE
D1512,FALSE
D0155,FALSE
D1967,FALSE
D0443,FALSE
D2452,FALSE
D2172,FALSE
D1945,FALSE
D1722,FALSE
D1104,FALSE
D2749,FALSE
D2657,FALSE
D1790,FALSE
D0475,FALSE
D0255,FALSE
D2112,FALSE
D1431,FALSE
D2170,FALSE
D0339,FALSE
D0637,FALSE
D0090,FALSE
D0419,FALSE
D1120,FALSE
D0165,FALSE
D2013,FALSE
D2204,FALSE
D2434,FALSE
D2655,FALSE
D2335,FALSE
D0533,FALSE
D0751,FALSE
D0315,FALSE
D0664,FALSE
D1451,FALSE
D0187,FALSE
D2729,FALSE
D2614,FALSE
D0936,FALSE
D1647,FALSE
D1911,FALSE
D0181,FALSE
D0332,FALSE
D1305,FALSE
D2823,FALSE
D0596,FALSE
D0119,FALSE
D1767,FALSE
D0651,FALSE
D2738,FALSE
D0321,FALSE
D0240,FALSE
D0906,FALSE
D1916,FALSE
D0077,FALSE
D2646,FALSE
D0488,FALSE
D2757,FALSE
D1349,FALSE
D2487,FALSE
D1146,FALSE
D1704,FALSE
D1517,FALSE
D2260,FALSE
D1675,FALSE
D0687,FALSE
D2051,FALSE
D0879,FALSE
D2315,FALSE
D1173,FALSE
D2634,FALSE
D2626,FALSE
D1217,FALSE
D0290,FALSE
D1280,FALSE
D0750,FALSE
D2036,FALSE
D1637,FALSE
D0427,FALSE
D0713,FALSE
D2212,FALSE
D1491,FALSE
D2089,FALSE
D2638,FALSE
D2822,FALSE
D2345,FALSE
D2126,FALSE
D1342,FALSE
D1574,FALSE
D2837,FALSE
D0385,FALSE
D1651,FALSE
D1205,FALSE
D0338,FALSE
D2283,FALSE
D0665,FALSE
D0629,FALSE
D2351,FALSE
D2457,FALSE
D1736,FALSE
D1570,FALSE
D2978,FALSE
D2461,FALSE
D1807,FALSE
D1900,FALSE
D1374,FALSE
D0568,FALSE
D1012,FALSE
D2066,FALSE
D2011,FALSE
D2338,FALSE
D1230,FALSE
D0482,FALSE
D1949,FALSE
D2866,FALSE
D1894,FALSE
D1311,FALSE
D2406,FALSE
D0824,FALSE
D0788,FALSE
D2821,FALSE
D1825,FALSE
D1601,FALSE
D1639,FALSE
D1189,FALSE
D0896,FALSE
D1605,FALSE
D0964,FALSE
D0408,FALSE
D0966,FALSE
D2274,FALSE
D2666,FALSE
D0662,FALSE
D0002,FALSE
D2128,FALSE
D0690,FALSE
D1006,FALSE
D2636,FALSE
D2522,FALSE
D1064,FALSE
D0599,FALSE
D0257,FALSE
D1816,FALSE
D0615,FALSE
D1385,FALSE
D2353,FALSE
D1563,FALSE
D2389,FALSE
D1465,FALSE
D1212,FALSE
D2081,FALSE
D1245,FALSE
D1081,FALSE
D1399,FALSE
D2103,FALSE
D0137,FALSE
D2221,FALSE
D2476,FALSE
D2903,FALSE
D1289,FALSE
D2985,FALSE
D1298,FALSE
D1501,FALSE
D0644,FALSE
D2533,FALSE
D0614,FALSE
D1522,FALSE
D2930,FALSE
D2854,FALSE
D2097,FALSE
D0051,FALSE
D0136,FALSE
D0398,FALSE
D1176,FALSE
D1965,FALSE
D0654,FALSE
D1463,FALSE
D2639,FALSE
D2453,FALSE
D1579,FALSE
D2710,FALSE
D2424,FALSE
D0334,FALSE
D1698,FALSE
D0434,FALSE
D0425,FALSE
D2186,FALSE
D2368,FALSE
D2124,FALSE
D2762,FALSE
D0381,FALSE
D2094,FALSE
D1041,FALSE
D1125,FALSE
D0921,FALSE
D2287,FALSE
D1430,FALSE
D0302,FALSE
D2410,FALSE
D1896,FALSE
D1426,FALSE
D1598,FALSE
D0773,FALSE
D0396,FALSE
D1002,FALSE
D1762,FALSE
D0329,FALSE
D0619,FALSE
D2630,FALSE
D0643,FALSE
D1108,FALSE
D1402,FALSE
D1699,FALSE
D0920,FALSE
D0217,FALSE
D2840,FALSE
D2883,FALSE
D0952,FALSE
D1610,FALSE
D0620,FALSE
D2957,FALSE
D2790,FALSE
D1161,FALSE
D2429,FALSE
D2482,FALSE
D0108,FALSE
D1119,FALSE
D0206,FALSE
D1590,FALSE
D0857,FALSE
D0075,FALSE
D1130,FALSE
D0024,FALSE
D1163,FALSE
D1040,FALSE
D2925,FALSE
D0840,FALSE
D2573,FALSE
D2327,FALSE
D0117,FALSE
D1308,FALSE
D1711,FALSE
D0289,FALSE
D2193,FALSE
D1607,FALSE
D1165,FALSE
D1329,FALSE
D1739,FALSE
D1662,FALSE
D0254,FALSE
D0829,FALSE
D1886,FALSE
D1401,FALSE
D1417,FALSE
D1994,FALSE
D1981,FALSE
D0142,FALSE
D1865,FALSE
D1208,FALSE
D2688,FALSE
D1363,FALSE
D1618,FALSE
D0712,FALSE
D1416,FALSE
D0153,FALSE
D1548,FALSE
D0474,FALSE
D0641,FALSE
D2468,FALSE
D2443,FALSE
D2344,FALSE
D2703,FALSE
D0298,FALSE
D1272,FALSE
D0305,FALSE
D1422,FALSE
D1812,FALSE
D1925,FALSE
D0901,FALSE
D0626,FALSE
D1222,FALSE
D0564,FALSE
D1251,FALSE
D0296,FALSE
D1608,FALSE
D0914,FALSE
D1578,FALSE
D2976,FALSE
D0100,FALSE
D0730,FALSE
D2006,FALSE
D1571,FALSE
D1947,FALSE
D2752,FALSE
D1477,FALSE
D1225,FALSE
D2002,FALSE
D0982,FALSE
D0218,FALSE
D1114,FALSE
D0111,FALSE
D0413,FALSE
D0673,FALSE
D0729,FALSE
D1049,FALSE
D1863,FALSE
D1284,FALSE
D2742,FALSE
D2863,FALSE
D0973,FALSE
D1800,FALSE
D2954,FALSE
D0025,FALSE
D1654,FALSE
D0337,FALSE
D1448,FALSE
D0037,FALSE
D1641,FALSE
D0826,FALSE
D1423,FALSE
D2451,FALSE
D0295,FALSE
D0406,FALSE
D1021,FALSE
D2000,FALSE
D1411,FALSE
D1890,FALSE
D1979,FALSE
D0610,FALSE
D1765,FALSE
D0407,FALSE
D2242,FALSE
D2311,FALSE
D2643,FALSE
D2553,FALSE
D2084,FALSE
D0910,FALSE
D1250,FALSE
D0387,FALSE
D2365,FALSE
D0132,FALSE
D2152,FALSE
D0892,FALSE
D0189,FALSE
D0273,FALSE
D1562,FALSE
D0078,FALSE
D2467,FALSE
D1410,FALSE
D0734,FALSE
D2607,FALSE
D2836,FALSE
D0330,FALSE
D2702,FALSE
D1857,FALSE
D0143,FALSE
D1450,FALSE
D2484,FALSE
D0775,FALSE
D1951,FALSE
D1587,FALSE
D2265,FALSE
D0371,FALSE
D0460,FALSE
D2880,FALSE
D2645,FALSE
D2394,FALSE
D0340,FALSE
D1902,FALSE
D0622,FALSE
D2310,FALSE
D0520,FALSE
D0527,FALSE
D2483,FALSE
D0038,FALSE
D0753,FALSE
D1495,FALSE
D0056,FALSE
D0553,FALSE
D0126,FALSE
D0378,FALSE
D1934,FALSE
D2878,FALSE
D2196,FALSE
D2856,FALSE
D0428,FALSE
D1200,FALSE
D0133,FALSE
D1242,FALSE
D2491,FALSE
D2723,FALSE
D2117,FALSE
D1237,FALSE
D1709,FALSE
D1782,FALSE
D2041,FALSE
D0832,FALSE
D1235,FALSE
D2873,FALSE
D2154,FALSE
D0103,FALSE
D1299,FALSE
D0007,FALSE
D1185,FALSE
D0645,FALSE
D0248,FALSE
D2285,FALSE
D0138,FALSE
D0813,FALSE
D1304,FALSE
D1581,FALSE
D0481,FALSE
D2312,FALSE
D2556,FALSE
D1389,FALSE
D2180,FALSE
D2960,FALSE
D1893,FALSE
D2763,FALSE
D1621,FALSE
D2308,FALSE
D1178,FALSE
D1903,FALSE
D2520,FALSE
D1670,FALSE
D2990,FALSE
D0969,FALSE
D2585,FALSE
D2214,FALSE
D0192,FALSE
D0625,FALSE
D1620,FALSE
D2099,FALSE
D0265,FALSE
D0235,FALSE
D2615,FALSE
D2104,FALSE
D2277,FALSE
D2243,FALSE
D1265,FALSE
D0623,FALSE
D0320,FALSE
D0888,FALSE
D0763,FALSE
D2238,FALSE
D2280,FALSE
D2161,FALSE
D0805,FALSE
D1307,FALSE
D0177,FALSE
D2595,FALSE
D0540,FALSE
D1642,FALSE
D1532,FALSE
D1561,FALSE
D0183,FALSE
D0263,FALSE
D0999,FALSE
D2652,FALSE
D2561,FALSE
D2155,FALSE
D1671,FALSE
D2739,FALSE
D1973,FALSE
D0549,FALSE
D0352,FALSE
D0159,FALSE
D1784,FALSE
D0268,FALSE
D0785,FALSE
D2882,FALSE
D2023,FALSE
D1194,FALSE
D1783,FALSE
D1238,FALSE
D1232,FALSE
D2938,FALSE
D0700,FALSE
D0907,FALSE
D2185,FALSE
D0954,FALSE
D1109,FALSE
D0059,FALSE
D2216,FALSE
D1492,FALSE
D2425,FALSE
D2785,FALSE
D2506,FALSE
D0437,FALSE
D2798,FALSE
D2073,FALSE
D0873,FALSE
D1455,FALSE
D1498,FALSE
D0820,FALSE
D0200,FALSE
D1353,FALSE
D2190,FALSE
D0421,FALSE
D2233,FALSE
D0522,FALSE
D2419,FALSE
D0691,FALSE
D1856,FALSE
D1751,FALSE
D2479,FALSE
D2692,FALSE
D0770,FALSE
D0169,FALSE
D1854,FALSE
D0529,FALSE
D0261,FALSE
D1899,FALSE
D0709,FALSE
D0435,FALSE
D0771,FALSE
D2935,FALSE
D1798,FALSE
D1806,FALSE
D0220,FALSE
D1646,FALSE
D2371,FALSE
D0616,FALSE
D0927,FALSE
D0072,FALSE
D1626,FALSE
D1882,FALSE
D0017,FALSE
D0449,FALSE
D0199,FALSE
D2383,FALSE
D0081,FALSE
D2218,FALSE
D1852,FALSE
D1428,FALSE
D2524,FALSE
D0733,FALSE
D0891,FALSE
D2791,FALSE
D1732,FALSE
D1091,FALSE
D1203,FALSE
D0361,FALSE
D0658,FALSE
D2497,FALSE
D1557,FALSE
D0843,FALSE
D0692,FALSE
D2050,FALSE
D0743,FALSE
D0076,FALSE
D2962,FALSE
D0256,FALSE
D2458,FALSE
D1750,FALSE
D0400,FALSE
D1710,FALSE
D0160,FALSE
D2121,FALSE
D2892,FALSE
D1436,FALSE
D1655,FALSE
D0424,FALSE
D2269,FALSE
D1901,FALSE
D2207,FALSE
D2766,FALSE
D2617,FALSE
D0588,FALSE
D0368,FALSE
D0579,FALSE
D1855,FALSE
D0745,FALSE
D1602,FALSE
D2826,FALSE
D1499,FALSE
D0811,FALSE
D1681,FALSE
D1164,FALSE
D2492,FALSE
D0325,FALSE
D1634,FALSE
D0652,FALSE
D0802,FALSE
D0164,FALSE
D1303,FALSE
D0754,FALSE
D0738,FALSE
D1341,FALSE
D0303,FALSE
D2876,FALSE
D0523,FALSE
D0516,FALSE
D2744,FALSE
D2526,FALSE
D0925,FALSE
D0310,FALSE
D1285,FALSE
D2352,FALSE
D2305,FALSE
D1915,FALSE
D2568,FALSE
D0444,FALSE
D1932,FALSE
D2917,FALSE
D0480,FALSE
D0276,FALSE
D2504,FALSE
D1195,FALSE
D0403,FALSE
D2535,FALSE
D1414,FALSE
D0965,FALSE
D2063,FALSE
D2807,FALSE
D1078,FALSE
D0710,FALSE
D2178,FALSE
D2058,FALSE
D2993,FALSE
D2076,FALSE
D1851,FALSE
D2847,FALSE
D0174,FALSE
D0736,FALSE
D1039,FALSE
D1559,FALSE
D2654,FALSE
D0943,FALSE
D2012,FALSE
D0582,FALSE
D0717,FALSE
D1029,FALSE
D0359,FALSE
D0784,FALSE
D2114,FALSE
D1936,FALSE
D2334,FALSE
D2844,FALSE
D1216,FALSE
D1543,FALSE
D1466,FALSE
D2471,FALSE
D0163,FALSE
D1978,FALSE
D1328,FALSE
D0696,FALSE
D0382,FALSE
D0757,FALSE
D1474,FALSE
D2792,FALSE
D1435,FALSE
D2745,FALSE
D1256,FALSE
D2605,FALSE
D0324,FALSE
D1333,FALSE
D1260,FALSE
D1467,FALSE
D1151,FALSE
D1224,FALSE
D0874,FALSE
D2901,FALSE
D0956,FALSE
D1977,FALSE
D0703,FALSE
D0139,FALSE
D1968,FALSE
D2232,FALSE
D1390,FALSE
D1550,FALSE
D1534,FALSE
D2162,FALSE
D2818,FALSE
D1169,FALSE
D2169,FALSE
D0924,FALSE
D0353,FALSE
D2944,FALSE
D1964,FALSE
D0959,FALSE
D1745,FALSE
D2942,FALSE
D2528,FALSE
D0706,FALSE
D0491,FALSE
D1020,FALSE
D1723,FALSE
D2754,FALSE
D1805,FALSE
D2364,FALSE
D2668,FALSE
D0336,FALSE
D2456,FALSE
D0125,FALSE
D0453,FALSE
D0179,FALSE
D1995,FALSE
D1493,FALSE
D2199,FALSE
D0429,FALSE
D2610,FALSE
D2061,FALSE
D2877,FALSE
D1770,FALSE
D1252,FALSE
D2911,FALSE
D0410,FALSE
D0647,FALSE
D1003,FALSE
D0765,FALSE
D0719,FALSE
D2570,FALSE
D0567,FALSE
D1267,FALSE
D0485,FALSE
D1930,FALSE
D2415,FALSE
D1193,FALSE
D0064,FALSE
D0632,FALSE
D0939,FALSE
D2686,FALSE
D2946,FALSE
D1991,FALSE
D2783,FALSE
D2782,FALSE
D2740,FALSE
D1383,FALSE
D1168,FALSE
D0478,FALSE
D1814,FALSE
D1801,FALSE
D1067,FALSE
D1454,FALSE
D0484,FALSE
D0550,FALSE
D1058,FALSE
D2208,FALSE
D0167,FALSE
D0055,FALSE
D1836,FALSE
D1928,FALSE
D1950,FALSE
D2028,FALSE
D2859,FALSE
D2588,FALSE
D1551,FALSE
D0031,FALSE
D2545,FALSE
D1314,FALSE
D1566,FALSE
D2138,FALSE
D2045,FALSE
D2498,FALSE
D0058,FALSE
D2411,FALSE
D2475,FALSE
D1219,FALSE
D0801,FALSE
D0365,FALSE
D0506,FALSE
D1756,FALSE
D2446,FALSE
D0101,FALSE
D1143,FALSE
D2441,FALSE
D1929,FALSE
D0084,FALSE
D2229,FALSE
D2961,FALSE
D1487,FALSE
D2054,FALSE
D2083,FALSE
D1056,FALSE
D1984,FALSE
D0287,FALSE
D1140,FALSE
D2150,FALSE
D0085,FALSE
D0331,FALSE
D1137,FALSE
D1259,FALSE
D1014,FALSE
D2857,FALSE
D1576,FALSE
D2173,FALSE
D1415,FALSE
D2437,FALSE
D0129,FALSE
D2149,FALSE
D1115,FALSE
D1381,FALSE
D0627,FALSE
D0669,FALSE
D0667,FALSE
D0831,FALSE
D2363,FALSE
D0670,FALSE
D0426,FALSE
D2215,FALSE
D1664,FALSE
D1909,FALSE
D1883,FALSE
D1640,FALSE
D2290,FALSE
D0865,FALSE
D2510,FALSE
D1529,FALSE
D0376,FALSE
D1531,FALSE
D2122,FALSE
D0322,FALSE
D0063,FALSE
D2348,FALSE
D0375,FALSE
D0224,FALSE
D2913,FALSE
D2234,FALSE
D0968,FALSE
D2423,FALSE
D0536,FALSE
D2619,FALSE
D0759,FALSE
D1689,FALSE
D0356,FALSE
D2600,FALSE
D0806,FALSE
D2378,FALSE
D1516,FALSE
D0951,FALSE
D1536,FALSE
D0630,FALSE
D0589,FALSE
D1111,FALSE
D1026,FALSE
D2039,FALSE
D1412,FALSE
D2604,FALSE
D0285,FALSE
D2192,FALSE
D2503,FALSE
D1828,FALSE
D1999,FALSE
D2343,FALSE
D2318,FALSE
D2972,FALSE
D1124,FALSE
D0636,FALSE
D0830,FALSE
D1181,FALSE
D1524,FALSE
D1596,FALSE
D0161,FALSE
D2695,FALSE
D2314,FALSE
D1821,FALSE
D1315,FALSE
D0448,FALSE
D0878,FALSE
D0040,FALSE
D2776,FALSE
D0957,FALSE
D2689,FALSE
D2770,FALSE
D2288,FALSE
D0013,FALSE
D1713,FALSE
D0374,FALSE
D1738,FALSE
D0204,FALSE
D2861,FALSE
D2592,FALSE
D1263,FALSE
D0877,FALSE
D2775,FALSE
D0140,FALSE
D1957,FALSE
D2531,FALSE
D2886,FALSE
D0021,FALSE
D1274,FALSE
D0716,FALSE
D2674,FALSE
D0517,FALSE
D0349,FALSE
D1696,FALSE
D2999,FALSE
D2869,FALSE
D0554,FALSE
D1184,FALSE
D0293,FALSE
D1781,FALSE
D2969,FALSE
D2771,FALSE
D2549,FALSE
D2690,FALSE
D0923,FALSE
D2922,FALSE
D2670,FALSE
D1076,FALSE
D1861,FALSE
D2994,FALSE
D2853,FALSE
D2566,FALSE
D1395,FALSE
D2767,FALSE
D1030,FALSE
D2517,FALSE
D1445,FALSE
D0640,FALSE
D0311,FALSE
D2843,FALSE
D0544,FALSE
D2303,FALSE
D0798,FALSE
D1266,FALSE
D1827,FALSE
D1174,FALSE
D1097,FALSE
D2919,FALSE
D0602,FALSE
D2395,FALSE
D1604,FALSE
D0264,FALSE
D2612,FALSE
D0308,FALSE
D2143,FALSE
D1749,FALSE
D2971,FALSE
D2594,FALSE
D0913,FALSE
D1741,FALSE
D0131,FALSE
D1833,FALSE
D0764,FALSE
D2939,FALSE
D0855,FALSE
D2140,FALSE
D2246,FALSE
D0507,FALSE
D1645,FALSE
D0538,FALSE
D0991,FALSE
D1740,FALSE
D2228,FALSE
D1018,FALSE
D1180,FALSE
D1966,FALSE
D2465,FALSE
D2299,FALSE
D0116,FALSE
D0769,FALSE
D1884,FALSE
D0944,FALSE
D2119,FALSE
D1198,FALSE
D0683,FALSE
D1370,FALSE
D1592,FALSE
D0420,FALSE
D0113,FALSE
D0933,FALSE
D1001,FALSE
D0033,FALSE
D1961,FALSE
D0979,FALSE
D2691,FALSE
D2608,FALSE
D0170,FALSE
D1544,FALSE
D0793,FALSE
D0080,FALSE
D0512,FALSE
D2064,FALSE
D2722,FALSE
D2093,FALSE
D2505,FALSE
D1982,FALSE
D0089,FALSE
D2625,FALSE
D2070,FALSE
D0858,FALSE
D2982,FALSE
D2236,FALSE
D2653,FALSE
D1755,FALSE
D0335,FALSE
D1556,FALSE
D0581,FALSE
D2536,FALSE
D1483,FALSE
D2493,FALSE
D1944,FALSE
D1288,FALSE
D1684,FALSE
D1998,FALSE
D1780,FALSE
D2116,FALSE
D2764,FALSE
D0675,FALSE
D1832,FALSE
D0917,FALSE
D2235,FALSE
D2724,FALSE
D2490,FALSE
D0041,FALSE
D2027,FALSE
D1714,FALSE
D2157,FALSE
D2251,FALSE
D2735,FALSE
D2621,FALSE
D1391,FALSE
D1974,FALSE
D2811,FALSE
D0210,FALSE
D2834,FALSE
D2885,FALSE
D0950,FALSE
D1877,FALSE
D2803,FALSE
D0731,FALSE
D0842,FALSE
D0609,FALSE
D1657,FALSE
D1726,FALSE
D1824,FALSE
D0456,FALSE
D1255,FALSE
D1047,FALSE
D0452,FALSE
D1866,FALSE
D0232,FALSE
D0250,FALSE
D2300,FALSE
D2973,FALSE
D1582,FALSE
D0995,FALSE
D0827,FALSE
D0118,FALSE
D0487,FALSE
D2339,FALSE
D0009,FALSE
D0992,FALSE
D2420,FALSE
D0711,FALSE
D2329,FALSE
D0309,FALSE
D0213,FALSE
D2547,FALSE
D1233,FALSE
D2336,FALSE
D2701,FALSE
D0128,FALSE
D2141,FALSE
D0001,FALSE
D1887,FALSE
D0900,FALSE
D2177,FALSE
D0241,FALSE
D0810,FALSE
D0881,FALSE
D0575,FALSE
D0984,FALSE
D2777,FALSE
D1323,FALSE
D1987,FALSE
D2562,FALSE
D1152,FALSE
D1989,FALSE
D0752,FALSE
D1386,FALSE
D2414,FALSE
D0215,FALSE
D1358,FALSE
D2356,FALSE
D1580,FALSE
D2211,FALSE
D1488,FALSE
D0676,FALSE
D0280,FALSE
D1310,FALSE
D1617,FALSE
D2509,FALSE
D1753,FALSE
D0035,FALSE
D1560,FALSE
D1943,FALSE
D1567,FALSE
D1850,FALSE
D1016,FALSE
D1846,FALSE
D1547,FALSE
D2499,FALSE
D0611,FALSE
D0373,FALSE
D0621,FALSE
D1022,FALSE
D2577,FALSE
D1344,FALSE
D1442,FALSE
D0780,FALSE
D0847,FALSE
D0405,FALSE
D0872,FALSE
D1729,FALSE
D0399,FALSE
D2839,FALSE
D1552,FALSE
D0799,FALSE
D0725,FALSE
D0253,FALSE
D1672,FALSE
D2082,FALSE
D1258,FALSE
D2188,FALSE
D1350,FALSE
D1462,FALSE
D1360,FALSE
D2681,FALSE
D0744,FALSE
D2328,FALSE
D1845,FALSE
D2552,FALSE
D1874,FALSE
D2501,FALSE
D1213,FALSE
D1228,FALSE
D1440,FALSE
D2272,FALSE
D1716,FALSE
D0559,FALSE
D1090,FALSE
D2959,FALSE
D2516,FALSE
D0515,FALSE
D1254,FALSE
D2945,FALSE
D2253,FALSE
D0760,FALSE
D0278,FALSE
D0864,FALSE
D1661,FALSE
D0741,FALSE
D1960,FALSE
D2100,FALSE
D2278,FALSE
D1731,FALSE
D1510,FALSE
D1819,FALSE
D1394,FALSE
D0684,FALSE
D1746,FALSE
D2664,FALSE
D1134,FALSE
D2661,FALSE
D0195,FALSE
D2769,FALSE
D1955,FALSE
D2910,FALSE
D0849,FALSE
D2480,FALSE
D0178,FALSE
D1053,FALSE
D1481,FALSE
D0445,FALSE
D0271,FALSE
D0360,FALSE
D1131,FALSE
D2527,FALSE
D1774,FALSE
D2589,FALSE
D1553,FALSE
D1036,FALSE
D2031,FALSE
D2927,FALSE
D0960,FALSE
D2003,FALSE
D1357,FALSE
D1182,FALSE
D2541,FALSE
D2741,FALSE
D0307,FALSE
D1728,FALSE
D2685,FALSE
D1849,FALSE
D0720,FALSE
D0262,FALSE
D2799,FALSE
D0839,FALSE
D0489,FALSE
D2601,FALSE
D1444,FALSE
D1600,FALSE
D1625,FALSE
D0039,FALSE
D2176,FALSE
D0650,FALSE
D1878,FALSE
D2273,FALSE
D2021,FALSE
D0791,FALSE
D1068,FALSE
D0605,FALSE
D1554,FALSE
D1853,FALSE
D2416,FALSE
D0728,FALSE
D1106,FALSE
D2537,FALSE
D0718,FALSE
D0988,FALSE
D0472,FALSE
D1840,FALSE
D1864,FALSE
D2584,FALSE
D0070,FALSE
D2052,FALSE
D1983,FALSE
D1490,FALSE
D1365,FALSE
D1521,FALSE
D1717,FALSE
D1691,FALSE
D0388,FALSE
D2889,FALSE
D0194,FALSE
D0483,FALSE
D0473,FALSE
D0848,FALSE
D1768,FALSE
D1858,FALSE
D2056,FALSE
D2263,FALSE
D2010,FALSE
D0513,FALSE
D1319,FALSE
D1340,FALSE
D2087,FALSE
D1070,FALSE
D0500,FALSE
D2941,FALSE
D1171,FALSE
D2201,FALSE
D1098,FALSE
D0976,FALSE
D2609,FALSE
D1093,FALSE
D0893,FALSE
D0821,FALSE
D2029,FALSE
D2929,FALSE
D1788,FALSE
D0768,FALSE
D1024,FALSE
D0980,FALSE
D0326,FALSE
D2367,FALSE
D1549,FALSE
D2148,FALSE
D2730,FALSE
D1008,FALSE
D1204,FALSE
D2488,FALSE
D0794,FALSE
D1688,FALSE
D1325,FALSE
D1538,FALSE
D1787,FALSE
D1126,FALSE
D2110,FALSE
D1246,FALSE
D2932,FALSE
D2788,FALSE
D1527,FALSE
D2964,FALSE
D0635,FALSE
D1317,FALSE
D1101,FALSE
D2698,FALSE
D2244,FALSE
D0558,FALSE
D0509,FALSE
D0996,FALSE
D1584,FALSE
D2831,FALSE
D2551,FALSE
D0971,FALSE
D2417,FALSE
D0569,FALSE
D2323,FALSE
D1834,FALSE
D1243,FALSE
D1166,FALSE
D0882,FALSE
D0902,FALSE
D2307,FALSE
D2872,FALSE
D0961,FALSE
D0660,FALSE
D0088,FALSE
D0069,FALSE
D0067,FALSE
D1586,FALSE
D2047,FALSE
D0926,FALSE
D1668,FALSE
D2525,FALSE
D0539,FALSE
D2884,FALSE
D0468,FALSE
D1366,FALSE
D1948,FALSE
D0416,FALSE
D0556,FALSE
D1523,FALSE
D1045,FALSE
D2897,FALSE
D2801,FALSE
D0095,FALSE
D1121,FALSE
D2680,FALSE
D1028,FALSE
D0975,FALSE
D1364,FALSE
D1320,FALSE
D0576,FALSE
D1138,FALSE
D1094,FALSE
D1830,FALSE
D0011,FALSE
D0854,FALSE
D0267,FALSE
D1918,FALSE
D2174,FALSE
D1575,FALSE
D0548,FALSE
D2388,FALSE
D1072,FALSE
D0525,FALSE
D0083,FALSE
D1343,FALSE
D0284,FALSE
D0032,FALSE
D2007,FALSE
D0093,FALSE
D1186,FALSE
D2407,FALSE
D1226,FALSE
D0277,FALSE
D1271,FALSE
D2040,FALSE
D0479,FALSE
D0152,FALSE
D1287,FALSE
D2463,FALSE
D2902,FALSE
D1614,FALSE
D2830,FALSE
D0171,FALSE
D2341,FALSE
D0028,FALSE
D0693,FALSE
D0774,FALSE
D2923,FALSE
D2765,FALSE
D0607,FALSE
D1316,FALSE
D1413,FALSE
D0053,FALSE
D0838,FALSE
D1335,FALSE
D1077,FALSE
D1149,FALSE
D1371,FALSE
D2256,FALSE
D0587,FALSE
D1786,FALSE
D2687,FALSE
D1273,FALSE
D0247,FALSE
D0868,FALSE
D1337,FALSE
D0369,FALSE
D2965,FALSE
D1533,FALSE
D2426,FALSE
D0347,FALSE
D2937,FALSE
D1421,FALSE
D0818,FALSE
D2743,FALSE
D1956,FALSE
D1813,FALSE
D2778,FALSE
D1158,FALSE
D0052,FALSE
D1941,FALSE
D0598,FALSE
D0047,FALSE
D1377,FALSE
D1268,FALSE
D2975,FALSE
D2432,FALSE
D1160,FALSE
D1443,FALSE
D2868,FALSE
D1281,FALSE
D1959,FALSE
D2500,FALSE
D1629,FALSE
D2018,FALSE
D1074,FALSE
D2904,FALSE
D0246,FALSE
D0270,FALSE
D0955,FALSE
D1301,FALSE
D0663,FALSE
D1480,FALSE
D2298,FALSE
D0740,FALSE
D1355,FALSE
D0594,FALSE
D2914,FALSE
D0196,FALSE
D2053,FALSE
D1239,FALSE
D1606,FALSE
D0230,FALSE
D2591,FALSE
D0962,FALSE
D1183,FALSE
D1922,FALSE
D0209,FALSE
D2565,FALSE
D0318,FALSE
D0777,FALSE
D1545,FALSE
D0354,FALSE
D0639,FALSE
D1133,FALSE
D1373,FALSE
D2042,FALSE
D1155,FALSE
D1953,FALSE
D0562,FALSE
D0233,FALSE
D1638,FALSE
D0383,FALSE
D0198,FALSE
D1839,FALSE
D0570,FALSE
D2268,FALSE
D0800,FALSE
D1616,FALSE
D0312,FALSE
D1648,FALSE
D2358,FALSE
D1954,FALSE
D1095,FALSE
D2209,FALSE
D0223,FALSE
D2855,FALSE
D0065,FALSE
D2842,FALSE
D1084,FALSE
D2697,FALSE
D2841,FALSE
D0547,FALSE
D2988,FALSE
D0245,FALSE
D1752,FALSE
D2572,FALSE
D1912,FALSE
D2151,FALSE
D2952,FALSE
D0852,FALSE
D0288,FALSE
D0851,FALSE
D2747,FALSE
D1733,FALSE
D0631,FALSE
D0715,FALSE
D1312,FALSE
D1793,FALSE
D1382,FALSE
D1025,FALSE
D0503,FALSE
D2133,FALSE
D0836,FALSE
D1667,FALSE
D1891,FALSE
D1802,FALSE
D2874,FALSE
D1931,FALSE
D2981,FALSE
D1220,FALSE
D1118,FALSE
D2390,FALSE
D1541,FALSE
D2163,FALSE
D1568,FALSE
D1555,FALSE
D0904,FALSE
D0583,FALSE
D2676,FALSE
D2502,FALSE
D0364,FALSE
D1148,FALSE
D2675,FALSE
D0122,FALSE
D2915,FALSE
D0680,FALSE
D1244,FALSE
D0790,FALSE
D0430,FALSE
D0922,FALSE
D1032,FALSE
D2893,FALSE
D2098,FALSE
D2430,FALSE
D0946,FALSE
D1279,FALSE
D2618,FALSE
D2715,FALSE
D2060,FALSE
D0286,FALSE
D2815,FALSE
D2737,FALSE
D2147,FALSE
D2034,FALSE
D1603,FALSE
D1035,FALSE
D0418,FALSE
D2167,FALSE
D2808,FALSE
D1939,FALSE
D1764,FALSE
D0439,FALSE
D2297,FALSE
D2563,FALSE
D1611,FALSE
D0604,FALSE
D1763,FALSE
D1700,FALSE
D2550,FALSE
D2362,FALSE
D2613,FALSE
D0096,FALSE
D2583,FALSE
D2120,FALSE
D1470,FALSE
D0193,FALSE
D0238,FALSE
D1577,FALSE
D2780,FALSE
D0049,FALSE
D1156,FALSE
D0940,FALSE
D0022,FALSE
D0783,FALSE
D2258,FALSE
D1843,FALSE
D1449,FALSE
D1737,FALSE
D0134,FALSE
D0390,FALSE
D1952,FALSE
D0236,FALSE
D1624,FALSE
D2759,FALSE
D2219,FALSE
D1868,FALSE
D1023,FALSE
D0214,FALSE
D1037,FALSE
D0201,FALSE
D0004,FALSE
D0681,FALSE
D1403,FALSE
D2627,FALSE
D0934,FALSE
D1300,FALSE
D0571,FALSE
D0871,FALSE
D0112,FALSE
D0301,FALSE
D1809,FALSE
D2024,FALSE
D1469,FALSE
D2105,FALSE
D2372,FALSE
D0087,FALSE
D0678,FALSE
D1170,FALSE
D0438,FALSE
D2088,FALSE
D0508,FALSE
D2669,FALSE
D1019,FALSE
D2696,FALSE
D2678,FALSE
D0528,FALSE
D1276,FALSE
D2195,FALSE
D1015,FALSE
D1720,FALSE
D0082,FALSE
D0585,FALSE
D2850,FALSE
D0294,FALSE
D2380,FALSE
D2241,FALSE
D2071,FALSE
D2867,FALSE
D1424,FALSE
D1837,FALSE
D1201,FALSE
D0672,FALSE
D0188,FALSE
D0275,FALSE
D2019,FALSE
D0812,FALSE
D1375,FALSE
D1302,FALSE
D2512,FALSE
D0648,FALSE
D2832,FALSE
D2632,FALSE
D2226,FALSE
D2158,FALSE
D0175,FALSE
D1730,FALSE
D2786,FALSE
D1540,FALSE
D1504,FALSE
D1419,FALSE
D1702,FALSE
D1060,FALSE
D0436,FALSE
D1644,FALSE
D1361,FALSE
D1927,FALSE
D0994,FALSE
D1804,FALSE
D0010,FALSE
D2875,FALSE
D2948,FALSE
D1528,FALSE
D2682,FALSE
D1229,FALSE
D2454,FALSE
D1876,FALSE
D0099,FALSE
D0237,FALSE
D0074,FALSE
D2428,FALSE
D0447,FALSE
D1326,FALSE
D2442,FALSE
D0166,FALSE
D1811,FALSE
D0686,FALSE
D2008,FALSE
D0297,FALSE
D1352,FALSE
D1794,FALSE
D1048,FALSE
D0809,FALSE
D0808,FALSE
D0942,FALSE
D1475,FALSE
D2433,FALSE
D2926,FALSE
D0737,FALSE
D0104,FALSE
D0514,FALSE
D0543,FALSE
D1472,FALSE
D1278,FALSE
D2530,FALSE
D1392,FALSE
D0355,FALSE
D1660,FALSE
D1142,FALSE
D2382,FALSE
D1908,FALSE
D0526,FALSE
D0145,FALSE
D2586,FALSE
D1380,FALSE
D2057,FALSE
D1356,FALSE
D1892,FALSE
D2137,FALSE
D2165,FALSE
D0127,FALSE
D1103,FALSE
D2090,FALSE
D0207,FALSE
D0144,FALSE
D2469,FALSE
D0859,FALSE
D2641,FALSE
D2694,FALSE
D0749,FALSE
D0895,FALSE
D1880,FALSE
D1612,FALSE
D0458,FALSE
D0114,FALSE
D2943,FALSE
D2427,FALSE
D1898,FALSE
D1211,FALSE
D0231,FALSE
D0501,FALSE
D2852,FALSE
D1132,FALSE
D0935,FALSE
D1513,FALSE
D2958,FALSE
D1286,FALSE
D2408,FALSE
D1701,FALSE
D0477,FALSE
D2956,FALSE
D1942,FALSE
D0120,FALSE
D1347,FALSE
D2227,FALSE
D1879,FALSE
D1080,FALSE
D1017,FALSE
D0972,FALSE
D2908,FALSE
D1885,FALSE
D0727,FALSE
D1808,FALSE
D0726,FALSE
D2858,FALSE
D0225,FALSE
D0043,FALSE
D2548,FALSE
D1692,FALSE
D2444,FALSE
D2727,FALSE
D2125,FALSE
D2403,FALSE
D0963,FALSE
D2091,FALSE
D1869,FALSE
D2261,FALSE
D2794,FALSE
D1456,FALSE
D1631,FALSE
D1398,FALSE
D2376,FALSE
D1971,FALSE
D0150,FALSE
D1585,FALSE
D0584,FALSE
D1102,FALSE
D2968,FALSE
D0577,FALSE
D2665,FALSE
D2183,FALSE
D2712,FALSE
D0833,FALSE
D2404,FALSE
D0440,FALSE
D2966,FALSE
D2774,FALSE
D2245,FALSE
D2210,FALSE
D1791,FALSE
D0054,FALSE
D0844,FALSE
D2015,FALSE
D2377,FALSE
D0008,FALSE
D2817,FALSE
D1129,FALSE
D2784,FALSE
D1478,FALSE
D1122,FALSE
D2255,FALSE
D2164,FALSE
D2543,FALSE
D2153,FALSE
D2068,FALSE
D0666,FALSE
D0894,FALSE
D0817,FALSE
D1564,FALSE
D1110,FALSE
D1460,FALSE
D0739,FALSE
D1632,FALSE
D1515,FALSE
D0005,FALSE
D2115,FALSE
D2393,FALSE
D2118,FALSE
D0185,FALSE
D0747,FALSE
D0251,FALSE
D2802,FALSE
D2330,FALSE
D0496,FALSE
D0563,FALSE
D2523,FALSE
D2160,FALSE
D1441,FALSE
D2629,FALSE
D1779,FALSE
D0459,FALSE
D2582,FALSE
D0363,FALSE
D0689,FALSE
D1339,FALSE
D0510,FALSE
D2616,FALSE
D2381,FALSE
D2736,FALSE
D2833,FALSE
D1461,FALSE
D1910,FALSE
D1778,FALSE
D0393,FALSE
D0461,FALSE
D2538,FALSE
D1706,FALSE
D2912,FALSE
D2787,FALSE
D2871,FALSE
D2596,FALSE
D2532,FALSE
D1759,FALSE
D2304,FALSE
D0148,FALSE
D2732,FALSE
D2806,FALSE
D1369,FALSE
D0792,FALSE
D2753,FALSE
D2132,FALSE
D0885,FALSE
D0876,FALSE
D0018,FALSE
D0317,FALSE
D2805,FALSE
D1334,FALSE
D0541,FALSE
D1792,FALSE
D2508,FALSE
D2995,FALSE
D0492,FALSE
D2275,FALSE
D1437,FALSE
D0918,FALSE
D0912,FALSE
D2171,FALSE
D0341,FALSE
D0649,FALSE
D0845,FALSE
D0227,FALSE
D1799,FALSE
D0141,FALSE
D0688,FALSE
D1011,FALSE
D0343,FALSE
D0467,FALSE
D2991,FALSE
D1485,FALSE
D2320,FALSE
D1082,FALSE
D1663,FALSE
D1993,FALSE
D0905,FALSE
D0313,FALSE
D1569,FALSE
D1162,FALSE
D2894,FALSE
D2009,FALSE
D2602,FALSE
D1089,FALSE
D2640,FALSE
D0655,FALSE
D2907,FALSE
D1795,FALSE
D0014,FALSE
D2569,FALSE
D2644,FALSE
D0642,FALSE
D1695,FALSE
D2558,FALSE
D1100,FALSE
D2486,FALSE
D1859,FALSE
D2062,FALSE
D0162,FALSE
D1820,FALSE
D2224,FALSE
D2906,FALSE
D1187,FALSE
D0597,FALSE
D1920,FALSE
D0883,FALSE
D1234,FALSE
D2967,FALSE
D2413,FALSE
D1848,FALSE
D0495,FALSE
D1264,FALSE
D0030,FALSE
D1393,FALSE
D0542,FALSE
D1525,FALSE
D1241,FALSE
D1735,FALSE
D0618,FALSE
D0797,FALSE
D1112,FALSE
D2603,FALSE
D2266,FALSE
D0299,FALSE
D2129,FALSE
D0130,FALSE
D1231,FALSE
D1223,FALSE
D2359,FALSE
D0862,FALSE
D2069,FALSE
D2713,FALSE
D2102,FALSE
D0735,FALSE
D0815,FALSE
D0184,FALSE
D2292,FALSE
D2085,FALSE
D1913,FALSE
D1597,FALSE
D2249,FALSE
D0066,FALSE
D0661,FALSE
D2026,FALSE
D2213,FALSE
D0412,FALSE
D2109,FALSE
D2435,FALSE
D2637,FALSE
D2663,FALSE
D0149,FALSE
D1500,FALSE
D1227,FALSE
D1457,FALSE
D2934,FALSE
D0772,FALSE
D2828,FALSE
D2123,FALSE
D0898,FALSE
D2077,FALSE
D2789,FALSE
D2206,FALSE
D0182,FALSE
D0932,FALSE
D0841,FALSE
D0704,FALSE
D1202,FALSE
D0062,FALSE
D2067,FALSE
D2001,FALSE
D0981,FALSE
D2187,FALSE
D0384,FALSE
D1167,FALSE
D0269,FALSE
D2366,FALSE
D1292,FALSE
D1409,FALSE
D1191,FALSE
D0928,FALSE
D1829,FALSE
D1117,FALSE
D1038,FALSE
D0593,FALSE
D2983,FALSE
D2977,FALSE
D2030,FALSE
D2921,FALSE
D1897,FALSE
D0342,FALSE
D0462,FALSE
D0724,FALSE
D2387,FALSE
D0776,FALSE
D2835,FALSE
D0057,FALSE
D2890,FALSE
D0026,FALSE
D0292,FALSE
D1917,FALSE
D0560,FALSE
D2812,FALSE
D2086,FALSE
D1537,FALSE
D1054,FALSE
D0561,FALSE
D2074,FALSE
D2200,FALSE
D1397,FALSE
D0266,FALSE
D0316,FALSE
D1992,FALSE
D1088,FALSE
D2733,FALSE
D2139,FALSE
D2294,FALSE
D1572,FALSE
D2529,FALSE
D1921,FALSE
D0656,FALSE
D0779,FALSE
D1290,FALSE
D2846,FALSE
D2984,FALSE
D1013,FALSE
D0279,FALSE
D2693,FALSE
D0151,FALSE
D2225,FALSE
D0685,FALSE
D2950,FALSE
D2507,FALSE
D2136,FALSE
D0466,FALSE
D2714,FALSE
D2672,FALSE
D1359,FALSE
D2797,FALSE
D1127,FALSE
D2004,FALSE
D0417,FALSE
D2421,FALSE
D0392,FALSE
D2231,FALSE
D1400,FALSE
D2198,FALSE
D2044,FALSE
D0530,FALSE
D0020,FALSE
D2851,FALSE
D2671,FALSE
D1622,FALSE
D2879,FALSE
D1123,FALSE
D0228,FALSE
D2980,FALSE
D1404,FALSE
D0203,FALSE
D0789,FALSE
D2279,FALSE
D0259,FALSE
D1052,FALSE
D1270,FALSE
D0816,FALSE
D2540,FALSE
D1724,FALSE
D1107,FALSE
D1079,FALSE
D1980,FALSE
D0046,FALSE
D2571,FALSE
D1593,FALSE
D0819,FALSE
D0603,FALSE
D0027,FALSE
D1506,FALSE
D1145,FALSE
D0953,FALSE
D2194,FALSE
D1147,FALSE
D2130,FALSE
D2513,FALSE
D2191,FALSE
D2891,FALSE
D0608,FALSE
D2809,FALSE
D2827,FALSE
D0732,FALSE
D0781,FALSE
D1031,FALSE
D0168,FALSE
D0431,FALSE
D2271,FALSE
D2800,FALSE
D1486,FALSE
D0226,FALSE
D2918,FALSE
D2810,FALSE
D0433,FALSE
D2017,FALSE
D2658,FALSE
D2481,FALSE
D1823,FALSE
D0323,FALSE
D2302,FALSE
D1680,FALSE
D1797,FALSE
D0505,FALSE
D1497,FALSE
D2881,FALSE
D2559,FALSE
D2438,FALSE
D0098,FALSE
D2909,FALSE
D0708,FALSE
D1293,FALSE
D2282,FALSE
D0835,FALSE
D2472,FALSE
D0592,FALSE
D1771,FALSE
D2624,FALSE
D2445,FALSE
D1188,FALSE
D1686,FALSE
D0366,FALSE
D0853,FALSE
D1368,FALSE
D1826,FALSE
D1318,FALSE
D2706,FALSE
D2887,FALSE
D1468,FALSE
D0079,FALSE
D0997,FALSE
D0121,FALSE
D2325,FALSE
D0455,FALSE
D0977,FALSE
D2197,FALSE
D1505,FALSE
D1754,FALSE
D2092,FALSE
D1439,FALSE
D0782,FALSE
D2590,FALSE
D1742,FALSE
D1831,FALSE
D2575,FALSE
D1822,FALSE
D1519,FALSE
D1976,FALSE
D1707,FALSE
D2386,FALSE
D2252,FALSE
D1085,FALSE
D2936,FALSE
D0432,FALSE
D1938,FALSE
D0721,FALSE
D1087,FALSE
D1676,FALSE
D0762,FALSE
D0916,FALSE
D1489,FALSE
D2276,FALSE
D0061,FALSE
D0211,FALSE
D2870,FALSE
D1331,FALSE
D1218,FALSE
D1881,FALSE
D1459,FALSE
D0243,FALSE
D0023,FALSE
D0595,FALSE
D0756,FALSE
D1348,FALSE
D1679,FALSE
D2521,FALSE
D0107,FALSE
D0758,FALSE
D2598,FALSE
D0110,FALSE
D0172,FALSE
D2048,FALSE
D1207,FALSE
D2398,FALSE
D2400,FALSE
D0875,FALSE
D2337,FALSE
D0890,FALSE
D1321,FALSE
D0003,FALSE
D2319,FALSE
D1904,FALSE
D0042,FALSE
D0755,FALSE
D0993,FALSE
D1297,FALSE
D0886,FALSE
D0861,FALSE
D1044,FALSE
D2494,FALSE
D1351,FALSE
D2385,FALSE
D0970,FALSE
D0668,FALSE
D2728,FALSE
D0698,FALSE
D1835,FALSE
D1643,FALSE
D2649,FALSE
D1324,FALSE
D1004,FALSE
D1785,FALSE
D2402,FALSE
D1658,FALSE
D2342,FALSE
D1535,FALSE
D2431,FALSE
D1429,FALSE
D1907,FALSE
D2347,FALSE
D0345,FALSE
D0778,FALSE
D1033,FALSE
D2267,FALSE
D0328,FALSE
D1330,FALSE
D2079,FALSE
D1376,FALSE
D2986,FALSE
D1313,FALSE
D0682,FALSE
D2953,FALSE
D1062,FALSE
D1446,FALSE
D0807,FALSE
D2597,FALSE
D0701,FALSE
D1817,FALSE
D1725,FALSE
D1257,FALSE
D1453,FALSE
D2384,FALSE
D1588,FALSE
D2043,FALSE
D2257,FALSE
D2599,FALSE
D1275,FALSE
D1940,FALSE
D1092,FALSE
D1425,FALSE
D2250,FALSE
D1236,FALSE
D1066,FALSE
D1542,FALSE
D0937,FALSE
D2648,FALSE
D1309,FALSE
D2611,FALSE
