"","ID","target"
"2","1",3.488339
"3","2",0.6928
"4","3",2.679079
"5","4",1.495333
"6","5",1.495333
"7","6",0.697377
"8","7",1.075366
"9","8",8.489044
"10","9",2.892037
"11","10",3.488339
"12","11",5.531915
"13","12",6.787749
"14","13",1.495333
"15","14",4.382178
"16","15",1.495333
"17","16",2.648025
"18","17",3.332985
"19","18",1.793478
"20","19",5.49186
"21","20",0.953372
"22","21",6.787749
"23","22",6.022769
"24","23",0.363232
"25","24",7.49533
"26","25",6.222976
"27","26",2.664568
"28","27",1.992747
"29","28",2.664568
"30","29",0.894587
"31","30",0.6928
"32","31",2.664568
"33","32",0.894587
"34","33",0.894587
"35","34",0.894587
"36","35",1.495333
"37","36",2.956609
"38","37",7.355944
"39","38",2.830855
"40","39",1.144509
"41","40",6.787749
"42","41",5.274215
"43","42",4.800294
"44","43",2.991508
"45","44",4.744183
"46","45",0.589652
"47","46",3.253986
"48","47",3.106443
"49","48",0.753299
"50","49",5.092942
"51","50",2.664568
"52","51",2.664568
"53","52",8.11941
"54","53",2.664568
"55","54",4.65397
"56","55",0.6928
"57","56",5.531915
"58","57",2.664568
"59","58",1.8275
"60","59",9.85213
"61","60",1.728674
"62","61",1.495333
"63","62",4.022243
"64","63",0.685091
"65","64",1.047276
"66","65",0.589652
"67","66",1.405909
"68","67",4.850723
"69","68",0.6928
"70","69",3.488339
"71","70",7.49533
"72","71",0.777242
"73","72",4.362562
"74","73",0.363232
"75","74",1.61634
"76","75",1.254744
"77","76",0.363232
"78","77",6.519626
"79","78",8.640498
"80","79",4.744183
"81","80",4.744183
"82","81",1.891613
"83","82",1.995004
"84","83",3.706335
"85","84",4.023331
"86","85",9.85213
"87","86",3.578003
"88","87",0.777242
"89","88",3.971456
"90","89",2.491836
"91","90",6.519626
"92","91",4.253015
"93","92",1.040383
"94","93",2.494676
"95","94",2.84481
"96","95",6.02477
"97","96",0.363232
"98","97",0.710466
"99","98",7.49533
"100","99",0.685091
"101","100",3.971456
"102","101",0.894587
"103","102",0.6928
"104","103",8.716225
"105","104",0.6928
"106","105",5.666603
"107","106",1.405909
"108","107",2.664568
"109","108",0.6928
"110","109",2.494676
"111","110",7.49533
"112","111",3.751145
"113","112",1.760161
"114","113",7.007478
"115","114",2.664568
"116","115",2.664568
"117","116",1.405909
"118","117",1.495333
"119","118",0.6928
"120","119",1.405909
"121","120",7.504335
"122","121",1.075366
"123","122",6.519626
"124","123",2.782582
"125","124",0.6928
"126","125",9.85213
"127","126",0.363232
"128","127",5.81326
"129","128",0.685091
"130","129",0.6928
"131","130",0.363232
"132","131",2.734708
"133","132",1.787727
"134","133",5.274215
"135","134",0.6928
"136","135",1.495333
"137","136",2.494676
"138","137",3.929281
"139","138",9.85213
"140","139",3.488339
"141","140",8.640498
"142","141",1.992747
"143","142",9.85213
"144","143",4.232809
"145","144",4.222111
"146","145",1.495333
"147","146",3.223724
"148","147",2.146257
"149","148",7.665107
"150","149",2.734708
"151","150",5.861152
"152","151",4.265427
"153","152",4.71668
"154","153",9.85213
"155","154",3.488339
"156","155",0.6928
"157","156",3.253986
"158","157",5.531915
"159","158",3.997745
"160","159",1.495333
"161","160",0.6928
"162","161",0.363232
"163","162",4.992188
"164","163",3.165501
"165","164",1.495333
"166","165",3.253986
"167","166",5.531915
"168","167",3.751145
"169","168",3.488339
"170","169",1.350547
"171","170",1.728674
"172","171",1.072767
"173","172",2.978791
"174","173",2.795297
"175","174",9.85213
"176","175",2.494676
"177","176",2.781767
"178","177",9.85213
"179","178",1.495333
"180","179",2.664568
"181","180",1.728674
"182","181",0.894587
"183","182",0.6928
"184","183",2.755299
"185","184",0.6928
"186","185",1.00072
"187","186",4.169531
"188","187",4.65397
"189","188",5.438473
"190","189",0.978872
"191","190",1.405909
"192","191",4.283813
"193","192",1.075366
"194","193",0.6928
"195","194",4.65397
"196","195",0.551916
"197","196",1.728674
"198","197",9.85213
"199","198",2.710606
"200","199",0.6928
"201","200",6.519626
"202","201",6.519626
"203","202",2.664568
"204","203",4.65397
"205","204",7.170096
"206","205",1.462143
"207","206",2.84481
"208","207",3.173975
"209","208",3.223724
"210","209",1.902331
"211","210",4.130181
"212","211",0.789521
"213","212",9.85213
"214","213",5.861152
"215","214",1.337071
"216","215",5.859151
"217","216",4.65397
"218","217",2.219532
"219","218",1.051443
"220","219",1.793478
"221","220",3.584532
"222","221",1.495333
"223","222",7.49533
"224","223",9.85213
"225","224",1.61634
"226","225",5.274215
"227","226",2.664568
"228","227",7.49533
"229","228",3.929281
"230","229",0.614768
"231","230",6.605253
"232","231",0.978872
"233","232",3.127547
"234","233",1.495333
"235","234",4.023331
"236","235",0.882002
"237","236",5.248718
"238","237",9.85213
"239","238",3.45108
"240","239",1.405909
"241","240",1.661416
"242","241",9.85213
"243","242",0.646257
"244","243",4.65397
"245","244",2.782582
"246","245",2.664568
"247","246",3.035642
"248","247",0.6928
"249","248",0.894587
"250","249",2.438748
"251","250",1.495333
"252","251",0.6928
"253","252",3.495564
"254","253",5.274215
"255","254",5.531915
"256","255",4.772605
"257","256",0.363232
"258","257",0.614768
"259","258",9.85213
"260","259",4.873456
"261","260",2.710606
"262","261",2.664568
"263","262",5.092942
"264","263",2.664568
"265","264",1.728674
"266","265",3.907114
"267","266",2.84481
"268","267",0.6928
"269","268",1.93879
"270","269",0.894587
"271","270",0.6928
"272","271",0.894587
"273","272",0.894587
"274","273",9.85213
"275","274",1.495333
"276","275",1.417945
"277","276",3.488339
"278","277",0.894587
"279","278",1.405909
"280","279",3.102124
"281","280",1.599206
"282","281",2.991508
"283","282",3.488339
"284","283",1.911131
"285","284",4.253015
"286","285",1.051443
"287","286",0.600059
"288","287",1.495333
"289","288",4.848739
"290","289",3.239924
"291","290",1.495333
"292","291",3.971456
"293","292",3.422095
"294","293",7.49533
"295","294",4.995003
"296","295",2.881326
"297","296",5.274215
"298","297",1.495333
"299","298",2.781767
"300","299",1.405909
"301","300",6.571507
"302","301",1.495333
"303","302",1.075366
"304","303",0.988254
"305","304",3.157118
"306","305",1.040383
"307","306",5.531915
"308","307",1.48364
"309","308",0.363232
"310","309",8.489044
"311","310",9.85213
"312","311",0.894587
"313","312",3.102124
"314","313",3.488339
"315","314",0.363232
"316","315",2.664568
"317","316",0.614768
"318","317",6.02477
"319","318",6.025771
"320","319",1.35382
"321","320",7.33381
"322","321",0.697377
"323","322",6.159667
"324","323",1.728674
"325","324",2.789058
"326","325",2.664568
"327","326",1.405909
"328","327",3.556906
"329","328",2.664568
"330","329",0.6928
"331","330",7.665107
"332","331",5.000981
"333","332",4.65397
"334","333",0.685091
"335","334",0.894587
"336","335",2.146257
"337","336",1.405909
"338","337",2.494676
"339","338",8.489044
"340","339",0.363232
"341","340",0.6928
"342","341",4.023331
"343","342",7.037921
"344","343",0.685091
"345","344",1.745168
"346","345",0.6928
"347","346",6.085819
"348","347",0.6928
"349","348",0.6928
"350","349",2.221974
"351","350",4.023331
"352","351",1.495333
"353","352",2.494676
"354","353",4.71668
"355","354",5.531915
"356","355",9.657404
"357","356",0.894587
"358","357",0.894587
"359","358",0.833112
"360","359",4.65397
"361","360",2.664568
"362","361",0.6928
"363","362",2.494676
"364","363",3.488339
"365","364",2.664568
"366","365",5.274215
"367","366",0.6928
"368","367",2.494676
"369","368",0.894587
"370","369",2.664568
"371","370",1.993584
"372","371",7.665107
"373","372",5.274215
"374","373",4.023331
"375","374",5.531915
"376","375",0.6928
"377","376",2.84481
"378","377",2.664568
"379","378",2.494676
"380","379",0.953372
"381","380",0.6928
"382","381",0.363232
"383","382",2.494676
"384","383",2.719887
"385","384",3.488339
"386","385",4.510127
"387","386",2.494676
"388","387",4.169531
"389","388",4.744183
"390","389",2.664568
"391","390",2.743092
"392","391",7.49533
"393","392",2.648025
"394","393",4.946618
"395","394",6.07465
"396","395",5.155241
"397","396",6.436127
"398","397",2.743092
"399","398",1.787727
"400","399",1.838776
"401","400",3.214441
"402","401",1.495333
"403","402",9.85213
"404","403",0.894587
"405","404",1.62025
"406","405",2.664568
"407","406",1.728674
"408","407",9.657404
"409","408",0.6928
"410","409",7.665107
"411","410",2.507484
"412","411",1.728674
"413","412",5.531915
"414","413",0.363232
"415","414",4.596357
"416","415",4.920492
"417","416",0.753299
"418","417",1.495333
"419","418",2.755299
"420","419",5.836433
"421","420",8.489044
"422","421",2.542934
"423","422",1.787727
"424","423",2.84481
"425","424",3.505536
"426","425",0.6928
"427","426",1.495333
"428","427",2.664568
"429","428",7.399646
"430","429",3.488339
"431","430",0.894587
"432","431",0.84654
"433","432",5.356326
"434","433",1.405909
"435","434",1.405909
"436","435",3.971456
"437","436",4.744183
"438","437",2.664568
"439","438",4.937295
"440","439",1.405909
"441","440",1.828447
"442","441",0.953372
"443","442",2.664568
"444","443",4.744183
"445","444",4.382178
"446","445",6.02477
"447","446",3.751145
"448","447",4.71668
"449","448",2.494676
"450","449",0.6928
"451","450",1.405909
"452","451",0.363232
"453","452",0.6928
"454","453",3.488339
"455","454",0.6928
"456","455",1.495333
"457","456",4.495331
"458","457",5.242347
"459","458",2.830855
"460","459",3.751145
"461","460",2.159668
"462","461",0.6928
"463","462",2.734708
"464","463",2.664568
"465","464",2.415364
"466","465",0.6928
"467","466",2.664568
"468","467",6.519626
"469","468",8.545839
"470","469",3.991502
"471","470",0.6928
"472","471",1.787727
"473","472",0.363232
"474","473",4.038391
"475","474",1.831542
"476","475",0.6928
"477","476",7.170096
"478","477",0.882002
"479","478",6.54821
"480","479",8.489044
"481","480",2.494676
"482","481",8.564368
"483","482",2.664568
"484","483",1.787727
"485","484",3.934205
"486","485",7.832571
"487","486",1.417945
"488","487",2.493966
"489","488",1.382103
"490","489",3.991502
"491","490",1.075366
"492","491",1.992747
"493","492",3.488339
"494","493",1.772531
"495","494",0.363232
"496","495",2.926535
"497","496",1.728674
"498","497",1.495333
"499","498",2.168959
"500","499",6.519626
"501","500",1.495333
"502","501",0.6928
"503","502",4.744183
"504","503",0.791089
"505","504",1.93879
"506","505",1.992747
"507","506",4.283813
"508","507",4.873456
"509","508",4.695721
"510","509",3.971456
"511","510",5.769252
"512","511",1.787727
"513","512",1.405909
"514","513",0.6928
"515","514",2.494676
"516","515",0.6928
"517","516",2.494676
"518","517",2.84481
"519","518",0.363232
"520","519",4.65397
"521","520",2.84481
"522","521",3.488339
"523","522",3.0345
"524","523",2.716935
"525","524",0.6928
"526","525",1.66189
"527","526",3.488339
"528","527",7.57177
"529","528",7.386919
"530","529",2.494676
"531","530",3.864311
"532","531",0.894587
"533","532",1.93879
"534","533",0.93753
"535","534",0.614768
"536","535",1.411608
"537","536",3.706335
"538","537",9.85213
"539","538",2.991508
"540","539",7.49533
"541","540",9.85213
"542","541",0.363232
"543","542",0.363232
"544","543",5.531915
"545","544",1.405909
"546","545",0.675743
"547","546",1.212307
"548","547",2.40466
"549","548",0.6928
"550","549",1.405909
"551","550",4.995003
"552","551",1.787727
"553","552",0.6928
"554","553",0.614768
"555","554",8.11941
"556","555",3.653374
"557","556",6.025771
"558","557",5.343587
"559","558",5.893738
"560","559",0.6928
"561","560",0.6928
"562","561",2.494676
"563","562",6.513623
"564","563",1.911131
"565","564",2.548212
"566","565",4.744183
"567","566",2.664568
"568","567",7.665107
"569","568",7.665107
"570","569",2.664568
"571","570",0.667724
"572","571",7.010479
"573","572",2.892037
"574","573",2.494676
"575","574",0.6928
"576","575",0.705482
"577","576",4.850723
"578","577",1.405909
"579","578",0.614768
"580","579",5.531915
"581","580",9.109536
"582","581",1.495333
"583","582",4.023331
"584","583",4.169531
"585","584",4.707823
"586","585",1.744458
"587","586",1.405909
"588","587",3.574323
"589","588",0.6928
"590","589",1.709072
"591","590",4.68209
"592","591",0.46615
"593","592",0.6928
"594","593",0.363232
"595","594",0.589652
"596","595",0.894587
"597","596",2.161562
"598","597",5.274215
"599","598",1.405909
"600","599",0.363232
"601","600",1.891613
"602","601",0.6928
"603","602",2.710606
"604","603",3.488339
"605","604",0.6928
"606","605",4.887312
"607","606",1.745168
"608","607",1.728674
"609","608",0.705482
"610","609",0.6928
"611","610",0.6928
"612","611",9.85213
"613","612",1.337071
"614","613",2.585009
"615","614",4.65397
"616","615",4.253015
"617","616",5.531915
"618","617",3.488339
"619","618",1.495333
"620","619",2.664568
"621","620",5.248718
"622","621",1.405909
"623","622",0.894587
"624","623",2.648025
"625","624",2.795297
"626","625",4.023331
"627","626",0.363232
"628","627",1.893934
"629","628",2.494676
"630","629",0.6928
"631","630",1.728674
"632","631",1.944715
"633","632",1.769504
"634","633",4.65397
"635","634",9.85213
"636","635",1.993584
"637","636",1.405909
"638","637",0.894587
"639","638",4.65397
"640","639",5.531915
"641","640",2.494676
"642","641",9.85213
"643","642",0.667724
"644","643",3.566507
"645","644",2.84481
"646","645",2.161562
"647","646",1.075366
"648","647",0.789521
"649","648",1.787727
"650","649",2.664568
"651","650",1.495333
"652","651",0.6928
"653","652",1.144509
"654","653",6.787749
"655","654",1.405909
"656","655",1.728674
"657","656",4.65397
"658","657",2.605083
"659","658",2.494676
"660","659",0.6928
"661","660",1.992747
"662","661",1.925786
"663","662",2.84481
"664","663",6.519626
"665","664",2.664568
"666","665",7.665107
"667","666",3.929281
"668","667",1.787727
"669","668",0.894587
"670","669",1.495333
"671","670",3.971456
"672","671",4.023331
"673","672",4.744183
"674","673",1.00072
"675","674",5.531915
"676","675",2.664568
"677","676",0.6928
"678","677",1.651106
"679","678",4.65397
"680","679",0.686689
"681","680",2.664568
"682","681",1.417945
"683","682",2.664568
"684","683",1.728674
"685","684",2.438748
"686","685",0.777242
"687","686",7.57177
"688","687",0.6928
"689","688",8.489044
"690","689",1.728674
"691","690",1.893934
"692","691",0.771175
"693","692",3.971456
"694","693",3.047139
"695","694",2.664568
"696","695",4.169531
"697","696",2.755299
"698","697",9.85213
"699","698",2.494676
"700","699",4.897195
"701","700",8.489044
"702","701",0.363232
"703","702",2.803147
"704","703",1.729804
"705","704",0.667724
"706","705",2.664568
"707","706",2.168959
"708","707",1.995004
"709","708",3.488339
"710","709",2.664568
"711","710",2.494676
"712","711",2.494676
"713","712",0.894587
"714","713",5.082426
"715","714",2.664568
"716","715",3.441429
"717","716",4.65397
"718","717",3.488339
"719","718",0.894587
"720","719",5.531915
"721","720",4.65397
"722","721",1.051443
"723","722",0.524961
"724","723",7.665107
"725","724",2.494676
"726","725",0.6928
"727","726",1.787727
"728","727",0.363232
"729","728",2.926535
"730","729",1.542833
"731","730",3.157118
"732","731",1.182733
"733","732",1.61634
"734","733",0.894587
"735","734",1.495333
"736","735",1.312971
"737","736",1.787727
"738","737",0.736055
"739","738",0.753871
"740","739",2.84481
"741","740",3.971456
"742","741",0.84654
"743","742",1.405909
"744","743",0.6928
"745","744",1.020301
"746","745",3.346388
"747","746",3.751145
"748","747",0.753299
"749","748",6.605253
"750","749",5.274215
"751","750",2.978791
"752","751",0.953372
"753","752",2.493966
"754","753",0.614768
"755","754",1.495333
"756","755",3.488339
"757","756",4.596357
"758","757",0.489021
"759","758",3.907114
"760","759",7.010479
"761","760",1.495333
"762","761",1.995004
"763","762",2.70125
"764","763",0.6928
"765","764",3.556906
"766","765",1.2661
"767","766",1.728674
"768","767",1.828447
"769","768",0.894587
"770","769",7.49533
"771","770",5.531915
"772","771",2.141501
"773","772",0.6928
"774","773",0.6928
"775","774",4.071155
"776","775",2.294807
"777","776",1.992747
"778","777",2.892037
"779","778",2.664568
"780","779",4.744183
"781","780",3.127547
"782","781",2.824004
"783","782",2.12706
"784","783",2.735457
"785","784",2.764588
"786","785",1.405909
"787","786",1.992747
"788","787",9.85213
"789","788",2.168959
"790","789",2.664568
"791","790",2.52072
"792","791",1.075366
"793","792",3.421736
"794","793",1.992747
"795","794",0.736055
"796","795",4.65397
"797","796",4.02812
"798","797",9.109536
"799","798",1.495333
"800","799",0.6928
"801","800",3.601091
"802","801",7.49533
"803","802",3.85362
"804","803",4.744183
"805","804",3.971456
"806","805",0.614768
"807","806",0.894587
"808","807",4.29801
"809","808",1.495333
"810","809",1.495333
"811","810",3.864311
"812","811",0.363232
"813","812",0.736055
"814","813",2.664568
"815","814",0.740599
"816","815",0.589652
"817","816",0.6928
"818","817",7.665107
"819","818",5.263553
"820","819",2.789058
"821","820",0.736055
"822","821",3.513624
"823","822",5.888958
"824","823",1.764788
"825","824",4.186387
"826","825",2.438748
"827","826",4.023331
"828","827",1.61634
"829","828",3.585475
"830","829",3.107578
"831","830",5.274215
"832","831",7.49533
"833","832",3.488339
"834","833",9.85213
"835","834",2.664568
"836","835",8.564368
"837","836",6.787749
"838","837",4.178981
"839","838",3.653374
"840","839",3.934205
"841","840",3.488339
"842","841",0.697377
"843","842",2.494676
"844","843",0.6928
"845","844",1.787727
"846","845",2.494676
"847","846",1.405909
"848","847",9.85213
"849","848",2.159668
"850","849",1.382103
"851","850",0.6928
"852","851",4.744183
"853","852",1.333604
"854","853",0.894587
"855","854",0.6928
"856","855",0.589652
"857","856",2.494676
"858","857",1.828447
"859","858",3.488339
"860","859",3.566507
"861","860",1.212307
"862","861",3.488339
"863","862",2.494676
"864","863",0.363232
"865","864",1.072767
"866","865",2.84481
"867","866",4.041007
"868","867",4.717609
"869","868",4.023331
"870","869",6.295909
"871","870",0.6928
"872","871",2.494676
"873","872",1.306649
"874","873",5.769252
"875","874",2.664568
"876","875",5.274215
"877","876",0.84654
"878","877",3.488339
"879","878",4.901924
"880","879",0.646257
"881","880",0.6928
"882","881",9.397768
"883","882",7.665107
"884","883",3.601091
"885","884",3.659581
"886","885",3.488339
"887","886",0.6928
"888","887",0.363232
"889","888",2.494676
"890","889",2.463493
"891","890",2.664568
"892","891",7.49533
"893","892",4.023331
"894","893",1.787727
"895","894",5.531915
"896","895",2.664568
"897","896",1.61634
"898","897",1.828447
"899","898",3.601091
"900","899",1.495333
"901","900",2.84481
"902","901",3.581286
"903","902",3.056493
"904","903",2.664568
"905","904",4.071155
"906","905",1.728674
"907","906",2.734708
"908","907",0.953372
"909","908",2.892037
"910","909",2.664568
"911","910",2.494676
"912","911",2.328119
"913","912",0.6928
"914","913",2.892037
"915","914",3.074651
"916","915",2.161562
"917","916",5.60109
"918","917",2.069597
"919","918",0.363232
"920","919",0.363232
"921","920",2.664568
"922","921",9.85213
"923","922",1.425332
"924","923",0.363232
"925","924",2.664568
"926","925",2.12706
"927","926",0.6928
"928","927",0.6928
"929","928",6.646389
"930","929",0.894587
"931","930",1.995004
"932","931",5.274215
"933","932",3.127547
"934","933",3.488339
"935","934",0.363232
"936","935",1.405909
"937","936",8.55259
"938","937",7.170096
"939","938",3.157118
"940","939",0.363232
"941","940",3.488339
"942","941",5.531915
"943","942",2.664568
"944","943",5.81326
"945","944",5.893738
"946","945",7.123633
"947","946",2.84481
"948","947",2.494676
"949","948",4.744183
"950","949",4.65397
"951","950",1.405909
"952","951",0.894587
"953","952",6.513623
"954","953",8.489044
"955","954",7.49533
"956","955",5.173974
"957","956",0.6928
"958","957",4.265427
"959","958",7.49533
"960","959",0.6928
"961","960",1.495333
"962","961",4.744183
"963","962",6.519626
"964","963",0.882002
"965","964",8.489044
"966","965",1.995004
"967","966",1.695201
"968","967",0.363232
"969","968",2.40466
"970","969",1.728674
"971","970",4.772605
"972","971",1.554117
"973","972",1.728674
"974","973",5.274215
"975","974",1.784195
"976","975",5.641661
"977","976",4.362562
"978","977",2.353317
"979","978",3.751145
"980","979",9.85213
"981","980",2.664568
"982","981",1.405909
"983","982",1.655403
"984","983",2.238297
"985","984",5.027101
"986","985",8.761661
"987","986",2.664568
"988","987",0.6928
"989","988",1.405909
"990","989",2.793871
"991","990",1.995004
"992","991",2.664568
"993","992",0.363232
"994","993",1.780048
"995","994",1.784195
"996","995",1.728674
"997","996",6.519626
"998","997",1.787727
"999","998",2.664568
"1000","999",1.495333
"1001","1000",1.212307
"1002","1001",1.647669
"1003","1002",0.894587
"1004","1003",0.6928
"1005","1004",6.847862
"1006","1005",1.495333
"1007","1006",5.531915
"1008","1007",7.49533
"1009","1008",6.571507
"1010","1009",5.897741
"1011","1010",4.382178
"1012","1011",0.6928
"1013","1012",0.953372
"1014","1013",9.85213
"1015","1014",1.224679
"1016","1015",5.869191
"1017","1016",0.6928
"1018","1017",1.61634
"1019","1018",4.873456
"1020","1019",2.664568
"1021","1020",0.894587
"1022","1021",5.95351
"1023","1022",0.589652
"1024","1023",0.84654
"1025","1024",0.6928
"1026","1025",3.488339
"1027","1026",2.494676
"1028","1027",4.023331
"1029","1028",0.363232
"1030","1029",1.995004
"1031","1030",1.62025
"1032","1031",6.085819
"1033","1032",0.363232
"1034","1033",8.640498
"1035","1034",2.664568
"1036","1035",5.836433
"1037","1036",0.6928
"1038","1037",6.295909
"1039","1038",0.6928
"1040","1039",2.494676
"1041","1040",3.488339
"1042","1041",9.85213
"1043","1042",1.922811
"1044","1043",8.640498
"1045","1044",0.363232
"1046","1045",1.787727
"1047","1046",8.564368
"1048","1047",3.706335
"1049","1048",1.495333
"1050","1049",2.26712
"1051","1050",0.6928
"1052","1051",5.869191
"1053","1052",5.531915
"1054","1053",1.992747
"1055","1054",2.664568
"1056","1055",5.274215
"1057","1056",0.953372
"1058","1057",5.962199
"1059","1058",3.488339
"1060","1059",3.780279
"1061","1060",1.405909
"1062","1061",0.6928
"1063","1062",2.71549
"1064","1063",1.405909
"1065","1064",3.074651
"1066","1065",1.405909
"1067","1066",0.6928
"1068","1067",0.894587
"1069","1068",2.84481
"1070","1069",1.787727
"1071","1070",9.85213
"1072","1071",0.363232
"1073","1072",3.581286
"1074","1073",0.6928
"1075","1074",2.101198
"1076","1075",2.84481
"1077","1076",5.274215
"1078","1077",1.495333
"1079","1078",1.838776
"1080","1079",0.6928
"1081","1080",1.495333
"1082","1081",3.488339
"1083","1082",0.976195
"1084","1083",0.6928
"1085","1084",1.542833
"1086","1085",0.894587
"1087","1086",1.728674
"1088","1087",1.337071
"1089","1088",0.6928
"1090","1089",3.488339
"1091","1090",5.274215
"1092","1091",1.813065
"1093","1092",0.589652
"1094","1093",7.826568
"1095","1094",0.6928
"1096","1095",2.494676
"1097","1096",3.574323
"1098","1097",0.6928
"1099","1098",1.417945
"1100","1099",0.363232
"1101","1100",3.43836
"1102","1101",4.873456
"1103","1102",2.438748
"1104","1103",2.734708
"1105","1104",2.438748
"1106","1105",2.664568
"1107","1106",2.664568
"1108","1107",2.664568
"1109","1108",5.274215
"1110","1109",4.695721
"1111","1110",7.665107
"1112","1111",9.85213
"1113","1112",1.992747
"1114","1113",1.787727
"1115","1114",6.222976
"1116","1115",1.992747
"1117","1116",7.123633
"1118","1117",1.00072
"1119","1118",0.93753
"1120","1119",0.736055
"1121","1120",1.61634
"1122","1121",0.6928
"1123","1122",2.664568
"1124","1123",2.648025
"1125","1124",0.6928
"1126","1125",0.685091
"1127","1126",2.84481
"1128","1127",4.65397
"1129","1128",5.769252
"1130","1129",2.743092
"1131","1130",4.265427
"1132","1131",2.648025
"1133","1132",2.892037
"1134","1133",1.405909
"1135","1134",3.346388
"1136","1135",5.122371
"1137","1136",5.274215
"1138","1137",0.589652
"1139","1138",6.787749
"1140","1139",0.988254
"1141","1140",3.780279
"1142","1141",7.96669
"1143","1142",1.405909
"1144","1143",1.495333
"1145","1144",0.953372
"1146","1145",1.728674
"1147","1146",0.675743
"1148","1147",5.897741
"1149","1148",5.932328
"1150","1149",1.495333
"1151","1150",7.665107
"1152","1151",5.274215
"1153","1152",1.495333
"1154","1153",2.735457
"1155","1154",1.728674
"1156","1155",2.664568
"1157","1156",2.84481
"1158","1157",0.894587
"1159","1158",6.180366
"1160","1159",3.488339
"1161","1160",4.68209
"1162","1161",0.363232
"1163","1162",2.978791
"1164","1163",4.65397
"1165","1164",2.789058
"1166","1165",1.040383
"1167","1166",5.1666
"1168","1167",3.601091
"1169","1168",9.85213
"1170","1169",0.773658
"1171","1170",3.488339
"1172","1171",1.893934
"1173","1172",2.498991
"1174","1173",2.494676
"1175","1174",0.6928
"1176","1175",2.141501
"1177","1176",3.488339
"1178","1177",9.85213
"1179","1178",1.405909
"1180","1179",0.685091
"1181","1180",1.893934
"1182","1181",2.734708
"1183","1182",0.953372
"1184","1183",0.6928
"1185","1184",2.494676
"1186","1185",2.84481
"1187","1186",0.614768
"1188","1187",5.531915
"1189","1188",0.6928
"1190","1189",1.369544
"1191","1190",1.787727
"1192","1191",6.519626
"1193","1192",0.363232
"1194","1193",5.248718
"1195","1194",2.664568
"1196","1195",4.65397
"1197","1196",0.988254
"1198","1197",5.239267
"1199","1198",9.85213
"1200","1199",0.363232
"1201","1200",1.760161
"1202","1201",2.664568
"1203","1202",0.363232
"1204","1203",6.519626
"1205","1204",0.6928
"1206","1205",7.49533
"1207","1206",3.488339
"1208","1207",2.353317
"1209","1208",3.165501
"1210","1209",0.646257
"1211","1210",2.494676
"1212","1211",1.728674
"1213","1212",7.665107
"1214","1213",2.664568
"1215","1214",7.57177
"1216","1215",5.003983
"1217","1216",5.869191
"1218","1217",2.618884
"1219","1218",0.6928
"1220","1219",5.729457
"1221","1220",3.991502
"1222","1221",1.8275
"1223","1222",1.495333
"1224","1223",1.495333
"1225","1224",1.405909
"1226","1225",0.6928
"1227","1226",7.665107
"1228","1227",1.405909
"1229","1228",5.609603
"1230","1229",3.971456
"1231","1230",1.417945
"1232","1231",4.844862
"1233","1232",4.850723
"1234","1233",1.787727
"1235","1234",1.911131
"1236","1235",4.744183
"1237","1236",0.363232
"1238","1237",3.43836
"1239","1238",6.0115
"1240","1239",2.494676
"1241","1240",1.61634
"1242","1241",1.117966
"1243","1242",6.787749
"1244","1243",6.436127
"1245","1244",2.782582
"1246","1245",1.495333
"1247","1246",9.85213
"1248","1247",5.729457
"1249","1248",0.894587
"1250","1249",6.519626
"1251","1250",0.363232
"1252","1251",0.623658
"1253","1252",6.787749
"1254","1253",6.787749
"1255","1254",0.697377
"1256","1255",6.513623
"1257","1256",4.023331
"1258","1257",0.6928
"1259","1258",1.62025
"1260","1259",0.6928
"1261","1260",1.473206
"1262","1261",5.248718
"1263","1262",1.495333
"1264","1263",0.438706
"1265","1264",0.6928
"1266","1265",3.971456
"1267","1266",1.93879
"1268","1267",3.441429
"1269","1268",1.992747
"1270","1269",0.363232
"1271","1270",1.760161
"1272","1271",1.992747
"1273","1272",0.363232
"1274","1273",3.488339
"1275","1274",1.495333
"1276","1275",6.787749
"1277","1276",1.405909
"1278","1277",1.405909
"1279","1278",2.664568
"1280","1279",4.744183
"1281","1280",1.992747
"1282","1281",1.992747
"1283","1282",4.093396
"1284","1283",5.769252
"1285","1284",6.519626
"1286","1285",6.022769
"1287","1286",3.421736
"1288","1287",2.494676
"1289","1288",0.6928
"1290","1289",0.896093
"1291","1290",1.787727
"1292","1291",4.362562
"1293","1292",6.519626
"1294","1293",0.363232
"1295","1294",0.489021
"1296","1295",3.706335
"1297","1296",0.363232
"1298","1297",5.666603
"1299","1298",3.488339
"1300","1299",2.494676
"1301","1300",0.6928
"1302","1301",9.85213
"1303","1302",3.993554
"1304","1303",9.657404
"1305","1304",1.495333
"1306","1305",4.495331
"1307","1306",4.744183
"1308","1307",7.637289
"1309","1308",5.531915
"1310","1309",1.405909
"1311","1310",1.333604
"1312","1311",1.316205
"1313","1312",3.617854
"1314","1313",2.432217
"1315","1314",0.6928
"1316","1315",3.253986
"1317","1316",5.769252
"1318","1317",0.6928
"1319","1318",0.6928
"1320","1319",3.488339
"1321","1320",6.159667
"1322","1321",4.023331
"1323","1322",0.894587
"1324","1323",0.899574
"1325","1324",2.693409
"1326","1325",4.65397
"1327","1326",4.280932
"1328","1327",1.787727
"1329","1328",1.787727
"1330","1329",0.6928
"1331","1330",0.6928
"1332","1331",1.728674
"1333","1332",7.665107
"1334","1333",4.65397
"1335","1334",9.85213
"1336","1335",0.363232
"1337","1336",4.65397
"1338","1337",2.438748
"1339","1338",5.95351
"1340","1339",7.49533
"1341","1340",4.023331
"1342","1341",6.519626
"1343","1342",1.728674
"1344","1343",3.907114
"1345","1344",0.894587
"1346","1345",0.6928
"1347","1346",1.495333
"1348","1347",1.911131
"1349","1348",6.814138
"1350","1349",1.61634
"1351","1350",5.274215
"1352","1351",1.760161
"1353","1352",2.494676
"1354","1353",2.664568
"1355","1354",3.997745
"1356","1355",4.744183
"1357","1356",7.49533
"1358","1357",0.6928
"1359","1358",1.846401
"1360","1359",8.489044
"1361","1360",8.489044
"1362","1361",0.6928
"1363","1362",8.640498
"1364","1363",1.405909
"1365","1364",1.728674
"1366","1365",0.773658
"1367","1366",0.894587
"1368","1367",3.751145
"1369","1368",1.495333
"1370","1369",1.417945
"1371","1370",1.787727
"1372","1371",6.814138
"1373","1372",7.170096
"1374","1373",1.417945
"1375","1374",0.6928
"1376","1375",4.65397
"1377","1376",1.495333
"1378","1377",1.793478
"1379","1378",0.6928
"1380","1379",1.316205
"1381","1380",4.744183
"1382","1381",0.6928
"1383","1382",0.6928
"1384","1383",3.488339
"1385","1384",5.531915
"1386","1385",1.405909
"1387","1386",4.071155
"1388","1387",0.907156
"1389","1388",0.6928
"1390","1389",2.664568
"1391","1390",5.81326
"1392","1391",8.67373
"1393","1392",4.023331
"1394","1393",0.363232
"1395","1394",0.84654
"1396","1395",3.488339
"1397","1396",6.847862
"1398","1397",0.856217
"1399","1398",6.519626
"1400","1399",0.499213
"1401","1400",0.6928
"1402","1401",0.6928
"1403","1402",2.664568
"1404","1403",4.265427
"1405","1404",5.836433
"1406","1405",1.728674
"1407","1406",8.489044
"1408","1407",7.665107
"1409","1408",2.161562
"1410","1409",4.071155
"1411","1410",5.888958
"1412","1411",0.6928
"1413","1412",5.274215
"1414","1413",1.943842
"1415","1414",5.666603
"1416","1415",3.488339
"1417","1416",9.85213
"1418","1417",2.494676
"1419","1418",0.894587
"1420","1419",1.787727
"1421","1420",0.6928
"1422","1421",5.107681
"1423","1422",0.777242
"1424","1423",2.664568
"1425","1424",1.760161
"1426","1425",4.048831
"1427","1426",4.65397
"1428","1427",4.897195
"1429","1428",2.892037
"1430","1429",6.840858
"1431","1430",2.84481
"1432","1431",2.84481
"1433","1432",0.6928
"1434","1433",4.873456
"1435","1434",4.772605
"1436","1435",1.316205
"1437","1436",1.728674
"1438","1437",4.744183
"1439","1438",0.6928
"1440","1439",4.483357
"1441","1440",2.978791
"1442","1441",1.495333
"1443","1442",2.494676
"1444","1443",0.976195
"1445","1444",2.719887
"1446","1445",2.84481
"1447","1446",1.787727
"1448","1447",0.894587
"1449","1448",1.495333
"1450","1449",1.405909
"1451","1450",6.787749
"1452","1451",6.54821
"1453","1452",2.664568
"1454","1453",2.84481
"1455","1454",3.253986
"1456","1455",1.728674
"1457","1456",1.728674
"1458","1457",1.382103
"1459","1458",2.494676
"1460","1459",0.363232
"1461","1460",6.814138
"1462","1461",3.488339
"1463","1462",6.519626
"1464","1463",4.710558
"1465","1464",4.510127
"1466","1465",4.093396
"1467","1466",0.697377
"1468","1467",1.224679
"1469","1468",0.697377
"1470","1469",9.85213
"1471","1470",0.6928
"1472","1471",3.74484
"1473","1472",4.007479
"1474","1473",5.696533
"1475","1474",2.494676
"1476","1475",0.363232
"1477","1476",3.107578
"1478","1477",5.343587
"1479","1478",4.023331
"1480","1479",2.438748
"1481","1480",6.519626
"1482","1481",1.224679
"1483","1482",0.363232
"1484","1483",6.295909
"1485","1484",0.6928
"1486","1485",5.586798
"1487","1486",0.84654
"1488","1487",0.6928
"1489","1488",2.734708
"1490","1489",2.585009
"1491","1490",8.640498
"1492","1491",0.6928
"1493","1492",0.363232
"1494","1493",0.504745
"1495","1494",1.769504
"1496","1495",0.894587
"1497","1496",4.710558
"1498","1497",4.048831
"1499","1498",6.025771
"1500","1499",1.495333
"1501","1500",2.507484
"1502","1501",2.664568
"1503","1502",6.436127
"1504","1503",0.363232
"1505","1504",1.62025
"1506","1505",0.363232
"1507","1506",5.274215
"1508","1507",2.664568
"1509","1508",1.495333
"1510","1509",0.6928
"1511","1510",3.129919
"1512","1511",5.531915
"1513","1512",0.6928
"1514","1513",3.958578
"1515","1514",1.495333
"1516","1515",0.6928
"1517","1516",4.964913
"1518","1517",7.665107
"1519","1518",4.71668
"1520","1519",6.272698
"1521","1520",2.494676
"1522","1521",7.665107
"1523","1522",1.405909
"1524","1523",5.248718
"1525","1524",5.826569
"1526","1525",1.745168
"1527","1526",1.350547
"1528","1527",0.6928
"1529","1528",1.728674
"1530","1529",0.6928
"1531","1530",2.648025
"1532","1531",2.735457
"1533","1532",1.61634
"1534","1533",4.459698
"1535","1534",5.531915
"1536","1535",6.814138
"1537","1536",9.85213
"1538","1537",1.542833
"1539","1538",1.954492
"1540","1539",4.65397
"1541","1540",6.443648
"1542","1541",3.157118
"1543","1542",2.494676
"1544","1543",2.71549
"1545","1544",2.719887
"1546","1545",2.494676
"1547","1546",0.895383
"1548","1547",0.896093
"1549","1548",1.992747
"1550","1549",1.728674
"1551","1550",2.438748
"1552","1551",0.646257
"1553","1552",2.664568
"1554","1553",1.040383
"1555","1554",0.6928
"1556","1555",2.84481
"1557","1556",0.6928
"1558","1557",1.787727
"1559","1558",1.405909
"1560","1559",2.24484
"1561","1560",5.531915
"1562","1561",2.755299
"1563","1562",3.214441
"1564","1563",0.6928
"1565","1564",1.992747
"1566","1565",3.114089
"1567","1566",1.382103
"1568","1567",2.664568
"1569","1568",6.646389
"1570","1569",1.495333
"1571","1570",3.117965
"1572","1571",2.101198
"1573","1572",4.65397
"1574","1573",5.027101
"1575","1574",0.894587
"1576","1575",2.424952
"1577","1576",1.212307
"1578","1577",4.65397
"1579","1578",0.697377
"1580","1579",1.495333
"1581","1580",1.369544
"1582","1581",6.714767
"1583","1582",5.274215
"1584","1583",1.728674
"1585","1584",0.623658
"1586","1585",1.316205
"1587","1586",1.8275
"1588","1587",2.664568
"1589","1588",1.787727
"1590","1589",0.363232
"1591","1590",4.522864
"1592","1591",6.519626
"1593","1592",2.664568
"1594","1593",2.221974
"1595","1594",1.405909
"1596","1595",5.274215
"1597","1596",0.6928
"1598","1597",0.894587
"1599","1598",2.84481
"1600","1599",2.84481
"1601","1600",2.328119
"1602","1601",2.664568
"1603","1602",7.123633
"1604","1603",2.824004
"1605","1604",1.995004
"1606","1605",5.248718
"1607","1606",5.274215
"1608","1607",2.168959
"1609","1608",9.85213
"1610","1609",0.6928
"1611","1610",0.6928
"1612","1611",5.248718
"1613","1612",6.085819
"1614","1613",0.6928
"1615","1614",1.61634
"1616","1615",0.953372
"1617","1616",0.894587
"1618","1617",3.170097
"1619","1618",3.074651
"1620","1619",5.1666
"1621","1620",4.169531
"1622","1621",0.697377
"1623","1622",0.953372
"1624","1623",4.023331
"1625","1624",1.337071
"1626","1625",0.697377
"1627","1626",8.489044
"1628","1627",0.789521
"1629","1628",7.355944
"1630","1629",1.993584
"1631","1630",2.494676
"1632","1631",6.085819
"1633","1632",1.417945
"1634","1633",2.664568
"1635","1634",3.421736
"1636","1635",4.920492
"1637","1636",2.84481
"1638","1637",5.686982
"1639","1638",3.574323
"1640","1639",9.85213
"1641","1640",4.65397
"1642","1641",1.425332
"1643","1642",0.705482
"1644","1643",8.640498
"1645","1644",2.755299
"1646","1645",0.667724
"1647","1646",4.744183
"1648","1647",5.274215
"1649","1648",4.023331
"1650","1649",2.664568
"1651","1650",4.596357
"1652","1651",6.830136
"1653","1652",4.65397
"1654","1653",0.705482
"1655","1654",3.071836
"1656","1655",1.606371
"1657","1656",0.6928
"1658","1657",1.405909
"1659","1658",5.274215
"1660","1659",6.519626
"1661","1660",0.894587
"1662","1661",7.504335
"1663","1662",5.81326
"1664","1663",0.988254
"1665","1664",1.495333
"1666","1665",1.495333
"1667","1666",1.369544
"1668","1667",0.363232
"1669","1668",2.755299
"1670","1669",6.787749
"1671","1670",0.614768
"1672","1671",1.787727
"1673","1672",5.666603
"1674","1673",1.495333
"1675","1674",0.363232
"1676","1675",1.828447
"1677","1676",7.186127
"1678","1677",3.539878
"1679","1678",0.363232
"1680","1679",1.695201
"1681","1680",2.84481
"1682","1681",4.265427
"1683","1682",9.85213
"1684","1683",0.736055
"1685","1684",0.894587
"1686","1685",3.223724
"1687","1686",1.337071
"1688","1687",0.363232
"1689","1688",2.12706
"1690","1689",3.488339
"1691","1690",5.778843
"1692","1691",2.494676
"1693","1692",4.995003
"1694","1693",9.85213
"1695","1694",7.102647
"1696","1695",0.6928
"1697","1696",1.495333
"1698","1697",3.377932
"1699","1698",1.67737
"1700","1699",9.85213
"1701","1700",1.495333
"1702","1701",2.664568
"1703","1702",1.405909
"1704","1703",4.65397
"1705","1704",5.274215
"1706","1705",1.350547
"1707","1706",1.728674
"1708","1707",3.127547
"1709","1708",5.274215
"1710","1709",0.6928
"1711","1710",7.57177
"1712","1711",2.660287
"1713","1712",0.953372
"1714","1713",2.494676
"1715","1714",1.92511
"1716","1715",3.488339
"1717","1716",0.363232
"1718","1717",6.123341
"1719","1718",3.488339
"1720","1719",5.836433
"1721","1720",0.6928
"1722","1721",2.84481
"1723","1722",8.28093
"1724","1723",1.495333
"1725","1724",3.071836
"1726","1725",1.495333
"1727","1726",1.405909
"1728","1727",0.6928
"1729","1728",1.599206
"1730","1729",1.542833
"1731","1730",1.728674
"1732","1731",4.023331
"1733","1732",0.363232
"1734","1733",0.363232
"1735","1734",1.405909
"1736","1735",7.665107
"1737","1736",0.6928
"1738","1737",4.887312
"1739","1738",5.191319
"1740","1739",8.640498
"1741","1740",1.495333
"1742","1741",3.584532
"1743","1742",2.755299
"1744","1743",9.019004
"1745","1744",3.617854
"1746","1745",6.519626
"1747","1746",7.49533
"1748","1747",6.025771
"1749","1748",3.488339
"1750","1749",2.664568
"1751","1750",0.489021
"1752","1751",1.891613
"1753","1752",2.284992
"1754","1753",4.023331
"1755","1754",4.65397
"1756","1755",9.85213
"1757","1756",4.744183
"1758","1757",0.363232
"1759","1758",7.665107
"1760","1759",1.495333
"1761","1760",7.49533
"1762","1761",2.494676
"1763","1762",5.021021
"1764","1763",9.85213
"1765","1764",1.495333
"1766","1765",5.343587
"1767","1766",0.976195
"1768","1767",2.664568
"1769","1768",1.117966
"1770","1769",1.405909
"1771","1770",7.665107
"1772","1771",0.697377
"1773","1772",0.363232
"1774","1773",2.664568
"1775","1774",9.85213
"1776","1775",3.513624
"1777","1776",0.614768
"1778","1777",0.363232
"1779","1778",0.6928
"1780","1779",2.825897
"1781","1780",8.489044
"1782","1781",1.495333
"1783","1782",5.248718
"1784","1783",5.531915
"1785","1784",5.531915
"1786","1785",1.993584
"1787","1786",0.6928
"1788","1787",1.495333
"1789","1788",1.350547
"1790","1789",6.787749
"1791","1790",9.85213
"1792","1791",5.36431
"1793","1792",1.495333
"1794","1793",1.495333
"1795","1794",4.060767
"1796","1795",4.744183
"1797","1796",2.84481
"1798","1797",0.6928
"1799","1798",0.6928
"1800","1799",2.664568
"1801","1800",4.65397
"1802","1801",3.894266
"1803","1802",0.894587
"1804","1803",2.498991
"1805","1804",1.553557
"1806","1805",3.488339
"1807","1806",8.716225
"1808","1807",5.729457
"1809","1808",1.405909
"1810","1809",0.6928
"1811","1810",6.814138
"1812","1811",0.363232
"1813","1812",1.992747
"1814","1813",0.646257
"1815","1814",0.736055
"1816","1815",3.488339
"1817","1816",0.499213
"1818","1817",1.760161
"1819","1818",2.664568
"1820","1819",1.350547
"1821","1820",3.488339
"1822","1821",5.212563
"1823","1822",1.787727
"1824","1823",3.422095
"1825","1824",2.494676
"1826","1825",1.925786
"1827","1826",2.548212
"1828","1827",3.751145
"1829","1828",3.513624
"1830","1829",0.614768
"1831","1830",4.65397
"1832","1831",9.85213
"1833","1832",5.531915
"1834","1833",9.85213
"1835","1834",1.62025
"1836","1835",1.93879
"1837","1836",1.764788
"1838","1837",0.363232
"1839","1838",2.494676
"1840","1839",9.85213
"1841","1840",7.49533
"1842","1841",2.494676
"1843","1842",4.850723
"1844","1843",0.705482
"1845","1844",2.468912
"1846","1845",2.101198
"1847","1846",0.6928
"1848","1847",0.894587
"1849","1848",0.777242
"1850","1849",0.736055
"1851","1850",1.405909
"1852","1851",2.494676
"1853","1852",5.034141
"1854","1853",2.664568
"1855","1854",4.65397
"1856","1855",3.223724
"1857","1856",8.489044
"1858","1857",9.85213
"1859","1858",0.363232
"1860","1859",0.614768
"1861","1860",0.777242
"1862","1861",0.6928
"1863","1862",6.159667
"1864","1863",9.397768
"1865","1864",0.6928
"1866","1865",1.495333
"1867","1866",0.6928
"1868","1867",2.40466
"1869","1868",1.075366
"1870","1869",0.623658
"1871","1870",3.488339
"1872","1871",2.978791
"1873","1872",0.363232
"1874","1873",3.751145
"1875","1874",0.894587
"1876","1875",4.873456
"1877","1876",1.495333
"1878","1877",0.789521
"1879","1878",4.498768
"1880","1879",1.992747
"1881","1880",1.728674
"1882","1881",2.690976
"1883","1882",2.84481
"1884","1883",4.65397
"1885","1884",1.495333
"1886","1885",1.495333
"1887","1886",3.539878
"1888","1887",2.208811
"1889","1888",0.504745
"1890","1889",4.65397
"1891","1890",2.824004
"1892","1891",1.992747
"1893","1892",2.781767
"1894","1893",2.494676
"1895","1894",0.6928
"1896","1895",0.363232
"1897","1896",2.161562
"1898","1897",9.85213
"1899","1898",4.920492
"1900","1899",5.581814
"1901","1900",7.665107
"1902","1901",6.07465
"1903","1902",1.495333
"1904","1903",4.510127
"1905","1904",4.65397
"1906","1905",3.047139
"1907","1906",7.007478
"1908","1907",1.728674
"1909","1908",1.306649
"1910","1909",1.709072
"1911","1910",2.491836
"1912","1911",3.934205
"1913","1912",1.473206
"1914","1913",5.092942
"1915","1914",0.6928
"1916","1915",3.513624
"1917","1916",1.787727
"1918","1917",6.272698
"1919","1918",2.40466
"1920","1919",2.664568
"1921","1920",4.65397
"1922","1921",0.363232
"1923","1922",2.168959
"1924","1923",3.893739
"1925","1924",6.519626
"1926","1925",0.84654
"1927","1926",2.664568
"1928","1927",3.214441
"1929","1928",4.65397
"1930","1929",0.894587
"1931","1930",2.825897
"1932","1931",0.667724
"1933","1932",9.85213
"1934","1933",1.405909
"1935","1934",0.6928
"1936","1935",5.531915
"1937","1936",3.488339
"1938","1937",2.494676
"1939","1938",4.707823
"1940","1939",1.8275
"1941","1940",0.6928
"1942","1941",2.991508
"1943","1942",1.61634
"1944","1943",1.61634
"1945","1944",3.488339
"1946","1945",2.146257
"1947","1946",4.744183
"1948","1947",2.664568
"1949","1948",1.382103
"1950","1949",8.640498
"1951","1950",0.697377
"1952","1951",6.40988
"1953","1952",9.85213
"1954","1953",0.363232
"1955","1954",5.274215
"1956","1955",0.6928
"1957","1956",5.107681
"1958","1957",2.664568
"1959","1958",1.992747
"1960","1959",6.763552
"1961","1960",0.6928
"1962","1961",2.664568
"1963","1962",2.585009
"1964","1963",4.744183
"1965","1964",2.830855
"1966","1965",4.65397
"1967","1966",0.6928
"1968","1967",9.85213
"1969","1968",0.363232
"1970","1969",4.65397
"1971","1970",0.6928
"1972","1971",0.895383
"1973","1972",1.728674
"1974","1973",4.130181
"1975","1974",6.513623
"1976","1975",3.876883
"1977","1976",1.040383
"1978","1977",0.894587
"1979","1978",0.6928
"1980","1979",0.6928
"1981","1980",5.263553
"1982","1981",4.844862
"1983","1982",3.706335
"1984","1983",1.795978
"1985","1984",0.363232
"1986","1985",0.894587
"1987","1986",2.664568
"1988","1987",3.601091
"1989","1988",2.494676
"1990","1989",4.65397
"1991","1990",0.697377
"1992","1991",5.962199
"1993","1992",0.894587
"1994","1993",1.405909
"1995","1994",1.728674
"1996","1995",1.728674
"1997","1996",0.6928
"1998","1997",0.894587
"1999","1998",6.519626
"2000","1999",1.495333
"2001","2000",1.728674
"2002","2001",0.363232
"2003","2002",0.850491
"2004","2003",1.495333
"2005","2004",4.65397
"2006","2005",7.799217
"2007","2006",6.519626
"2008","2007",7.665107
"2009","2008",4.992188
"2010","2009",1.495333
"2011","2010",1.495333
"2012","2011",4.498768
"2013","2012",1.337071
"2014","2013",1.542833
"2015","2014",2.494676
"2016","2015",2.438748
"2017","2016",3.047139
"2018","2017",0.614768
"2019","2018",6.519626
"2020","2019",2.84481
"2021","2020",3.488339
"2022","2021",1.992747
"2023","2022",4.519502
"2024","2023",4.183393
"2025","2024",2.446637
"2026","2025",3.488339
"2027","2026",2.648025
"2028","2027",4.459698
"2029","2028",0.363232
"2030","2029",5.312429
"2031","2030",4.023331
"2032","2031",0.363232
"2033","2032",0.718473
"2034","2033",3.876883
"2035","2034",4.65397
"2036","2035",4.65397
"2037","2036",0.600059
"2038","2037",2.494676
"2039","2038",1.495333
"2040","2039",2.978791
"2041","2040",6.014454
"2042","2041",3.864311
"2043","2042",1.229004
"2044","2043",1.337071
"2045","2044",1.047276
"2046","2045",3.993268
"2047","2046",0.6928
"2048","2047",0.777242
"2049","2048",1.495333
"2050","2049",2.494676
"2051","2050",5.274215
"2052","2051",7.123633
"2053","2052",1.952087
"2054","2053",5.274215
"2055","2054",6.222976
"2056","2055",8.489044
"2057","2056",4.507151
"2058","2057",9.85213
"2059","2058",4.246161
"2060","2059",0.6928
"2061","2060",5.49186
"2062","2061",2.84481
"2063","2062",1.495333
"2064","2063",2.84481
"2065","2064",2.664568
"2066","2065",2.438748
"2067","2066",4.060767
"2068","2067",1.61634
"2069","2068",1.61634
"2070","2069",5.274215
"2071","2070",1.495333
"2072","2071",7.49533
"2073","2072",6.519626
"2074","2073",3.107578
"2075","2074",0.882002
"2076","2075",2.664568
"2077","2076",4.007479
"2078","2077",2.664568
"2079","2078",4.155405
"2080","2079",8.489044
"2081","2080",2.086126
"2082","2081",2.494676
"2083","2082",0.882002
"2084","2083",3.488339
"2085","2084",2.664568
"2086","2085",9.85213
"2087","2086",0.363232
"2088","2087",6.272698
"2089","2088",4.65397
"2090","2089",2.491836
"2091","2090",1.495333
"2092","2091",3.047139
"2093","2092",0.489021
"2094","2093",2.494676
"2095","2094",0.6928
"2096","2095",1.93879
"2097","2096",0.753871
"2098","2097",3.107578
"2099","2098",1.405909
"2100","2099",2.994207
"2101","2100",3.971456
"2102","2101",0.6928
"2103","2102",7.170096
"2104","2103",4.65397
"2105","2104",2.881326
"2106","2105",0.6928
"2107","2106",5.81326
"2108","2107",1.922811
"2109","2108",2.438748
"2110","2109",4.071155
"2111","2110",6.0115
"2112","2111",0.953372
"2113","2112",3.035642
"2114","2113",4.093396
"2115","2114",0.363232
"2116","2115",4.186387
"2117","2116",3.780279
"2118","2117",8.489044
"2119","2118",4.048831
"2120","2119",1.405909
"2121","2120",3.751145
"2122","2121",1.495333
"2123","2122",4.65397
"2124","2123",6.800972
"2125","2124",0.851637
"2126","2125",5.696533
"2127","2126",0.6928
"2128","2127",5.242347
"2129","2128",2.664568
"2130","2129",0.6928
"2131","2130",2.494676
"2132","2131",2.664568
"2133","2132",4.246161
"2134","2133",0.6928
"2135","2134",4.507151
"2136","2135",8.716225
"2137","2136",0.896093
"2138","2137",1.992747
"2139","2138",0.697377
"2140","2139",1.764788
"2141","2140",0.6928
"2142","2141",1.425332
"2143","2142",1.00072
"2144","2143",7.665107
"2145","2144",0.589652
"2146","2145",1.263344
"2147","2146",6.654598
"2148","2147",2.664568
"2149","2148",1.075366
"2150","2149",4.283813
"2151","2150",1.66189
"2152","2151",0.894587
"2153","2152",1.728674
"2154","2153",8.145998
"2155","2154",9.85213
"2156","2155",4.023331
"2157","2156",2.664568
"2158","2157",2.781767
"2159","2158",1.405909
"2160","2159",0.363232
"2161","2160",1.728674
"2162","2161",6.519626
"2163","2162",1.078355
"2164","2163",1.813065
"2165","2164",2.168959
"2166","2165",1.728674
"2167","2166",2.719887
"2168","2167",1.787727
"2169","2168",6.519626
"2170","2169",5.714636
"2171","2170",6.646389
"2172","2171",2.491836
"2173","2172",0.363232
"2174","2173",6.014454
"2175","2174",1.48364
"2176","2175",3.706335
"2177","2176",1.728674
"2178","2177",2.494676
"2179","2178",1.495333
"2180","2179",4.873456
"2181","2180",2.664568
"2182","2181",7.007478
"2183","2182",9.85213
"2184","2183",2.494676
"2185","2184",1.992747
"2186","2185",1.495333
"2187","2186",0.894587
"2188","2187",2.825897
"2189","2188",0.6928
"2190","2189",0.6928
"2191","2190",1.787727
"2192","2191",2.84481
"2193","2192",3.601091
"2194","2193",1.405909
"2195","2194",0.907156
"2196","2195",0.6928
"2197","2196",0.6928
"2198","2197",1.62025
"2199","2198",4.65397
"2200","2199",2.734708
"2201","2200",3.581286
"2202","2201",7.123633
"2203","2202",4.507151
"2204","2203",3.585475
"2205","2204",2.498991
"2206","2205",1.117966
"2207","2206",9.85213
"2208","2207",2.494676
"2209","2208",1.405909
"2210","2209",0.363232
"2211","2210",1.405909
"2212","2211",0.363232
"2213","2212",0.740599
"2214","2213",1.992747
"2215","2214",2.664568
"2216","2215",3.573187
"2217","2216",5.092942
"2218","2217",7.49533
"2219","2218",3.971456
"2220","2219",7.694073
"2221","2220",3.422095
"2222","2221",2.415364
"2223","2222",3.958578
"2224","2223",7.799217
"2225","2224",6.787749
"2226","2225",4.265427
"2227","2226",1.728674
"2228","2227",1.542833
"2229","2228",1.495333
"2230","2229",5.81326
"2231","2230",1.212307
"2232","2231",5.696533
"2233","2232",3.751145
"2234","2233",2.438748
"2235","2234",0.46615
"2236","2235",5.826569
"2237","2236",2.734708
"2238","2237",3.751145
"2239","2238",0.953372
"2240","2239",5.761805
"2241","2240",2.146257
"2242","2241",0.697377
"2243","2242",1.992747
"2244","2243",0.675743
"2245","2244",1.254744
"2246","2245",3.488339
"2247","2246",0.894587
"2248","2247",0.6928
"2249","2248",2.664568
"2250","2249",4.995003
"2251","2250",2.438748
"2252","2251",0.6928
"2253","2252",0.6928
"2254","2253",1.728674
"2255","2254",1.405909
"2256","2255",7.123633
"2257","2256",9.85213
"2258","2257",0.6928
"2259","2258",6.787749
"2260","2259",0.6928
"2261","2260",4.772605
"2262","2261",1.405909
"2263","2262",0.6928
"2264","2263",2.795297
"2265","2264",9.109536
"2266","2265",0.6928
"2267","2266",1.92511
"2268","2267",2.84481
"2269","2268",0.363232
"2270","2269",1.728674
"2271","2270",3.488339
"2272","2271",0.6928
"2273","2272",2.494676
"2274","2273",7.49533
"2275","2274",2.664568
"2276","2275",4.283813
"2277","2276",4.246161
"2278","2277",2.664568
"2279","2278",5.836433
"2280","2279",8.489044
"2281","2280",9.85213
"2282","2281",0.6928
"2283","2282",4.992188
"2284","2283",1.075366
"2285","2284",4.65397
"2286","2285",3.488339
"2287","2286",7.57177
"2288","2287",0.6928
"2289","2288",7.49533
"2290","2289",2.245332
"2291","2290",0.753871
"2292","2291",3.513624
"2293","2292",7.170096
"2294","2293",0.6928
"2295","2294",3.897055
"2296","2295",1.728674
"2297","2296",1.495333
"2298","2297",1.728674
"2299","2298",5.274215
"2300","2299",1.728674
"2301","2300",5.531915
"2302","2301",5.666603
"2303","2302",7.77454
"2304","2303",3.488339
"2305","2304",5.531915
"2306","2305",1.728674
"2307","2306",4.65397
"2308","2307",4.65397
"2309","2308",6.605253
"2310","2309",2.494676
"2311","2310",0.363232
"2312","2311",0.894587
"2313","2312",8.489044
"2314","2313",1.495333
"2315","2314",2.664568
"2316","2315",0.6928
"2317","2316",5.274215
"2318","2317",1.212307
"2319","2318",0.894587
"2320","2319",0.6928
"2321","2320",2.664568
"2322","2321",0.894587
"2323","2322",1.787727
"2324","2323",1.075366
"2325","2324",5.1666
"2326","2325",3.488339
"2327","2326",6.787749
"2328","2327",2.438748
"2329","2328",3.157118
"2330","2329",0.894587
"2331","2330",0.363232
"2332","2331",0.882002
"2333","2332",0.614768
"2334","2333",1.495333
"2335","2334",1.117966
"2336","2335",2.978791
"2337","2336",3.364132
"2338","2337",1.789652
"2339","2338",2.664568
"2340","2339",4.65397
"2341","2340",3.601091
"2342","2341",3.488339
"2343","2342",3.585475
"2344","2343",2.690976
"2345","2344",4.459698
"2346","2345",0.363232
"2347","2346",4.65397
"2348","2347",9.85213
"2349","2348",2.294807
"2350","2349",0.6928
"2351","2350",4.65397
"2352","2351",2.664568
"2353","2352",7.665107
"2354","2353",2.735457
"2355","2354",4.65397
"2356","2355",3.488339
"2357","2356",1.428954
"2358","2357",0.614768
"2359","2358",1.495333
"2360","2359",3.513624
"2361","2360",0.6928
"2362","2361",1.943842
"2363","2362",0.894587
"2364","2363",3.114089
"2365","2364",1.417945
"2366","2365",4.280932
"2367","2366",0.6928
"2368","2367",0.614768
"2369","2368",6.830136
"2370","2369",3.488339
"2371","2370",3.958578
"2372","2371",0.667724
"2373","2372",1.495333
"2374","2373",3.601091
"2375","2374",6.519626
"2376","2375",0.363232
"2377","2376",0.894587
"2378","2377",0.789521
"2379","2378",0.894587
"2380","2379",2.494676
"2381","2380",7.37334
"2382","2381",7.004476
"2383","2382",1.495333
"2384","2383",4.65397
"2385","2384",2.664568
"2386","2385",5.36431
"2387","2386",8.489044
"2388","2387",0.6928
"2389","2388",0.6928
"2390","2389",0.6928
"2391","2390",1.495333
"2392","2391",5.491835
"2393","2392",4.041007
"2394","2393",3.971456
"2395","2394",9.85213
"2396","2395",2.690976
"2397","2396",5.962199
"2398","2397",6.844861
"2399","2398",2.446637
"2400","2399",2.101198
"2401","2400",4.246161
"2402","2401",0.685091
"2403","2402",8.290301
"2404","2403",4.65397
"2405","2404",6.787749
"2406","2405",7.37334
"2407","2406",6.519626
"2408","2407",6.654598
"2409","2408",2.664568
"2410","2409",1.405909
"2411","2410",4.65397
"2412","2411",1.312971
"2413","2412",9.85213
"2414","2413",0.789521
"2415","2414",3.239924
"2416","2415",8.489044
"2417","2416",1.925786
"2418","2417",2.190184
"2419","2418",1.075366
"2420","2419",0.736055
"2421","2420",3.488339
"2422","2421",0.978872
"2423","2422",0.894587
"2424","2423",0.718473
"2425","2424",8.489044
"2426","2425",7.665107
"2427","2426",3.488339
"2428","2427",6.865066
"2429","2428",4.362562
"2430","2429",1.268912
"2431","2430",3.351014
"2432","2431",4.65397
"2433","2432",4.901924
"2434","2433",0.6928
"2435","2434",4.844862
"2436","2435",1.280687
"2437","2436",0.894587
"2438","2437",3.897055
"2439","2438",3.127547
"2440","2439",0.6928
"2441","2440",2.494676
"2442","2441",1.787727
"2443","2442",2.494676
"2444","2443",1.495333
"2445","2444",1.787727
"2446","2445",7.49533
"2447","2446",3.864311
"2448","2447",1.48364
"2449","2448",4.744183
"2450","2449",0.894587
"2451","2450",5.274215
"2452","2451",0.6928
"2453","2452",8.489044
"2454","2453",4.744183
"2455","2454",5.531915
"2456","2455",2.84481
"2457","2456",1.144509
"2458","2457",4.510127
"2459","2458",3.047139
"2460","2459",3.488339
"2461","2460",2.84481
"2462","2461",1.787727
"2463","2462",0.953372
"2464","2463",2.84481
"2465","2464",0.6928
"2466","2465",2.494676
"2467","2466",2.84481
"2468","2467",3.488339
"2469","2468",1.992747
"2470","2469",0.6928
"2471","2470",0.894587
"2472","2471",5.343587
"2473","2472",4.65397
"2474","2473",2.667655
"2475","2474",0.6928
"2476","2475",5.531915
"2477","2476",0.6928
"2478","2477",2.146257
"2479","2478",7.186127
"2480","2479",2.494676
"2481","2480",1.405909
"2482","2481",6.513623
"2483","2482",0.884083
"2484","2483",2.830855
"2485","2484",0.6928
"2486","2485",1.831542
"2487","2486",2.190184
"2488","2487",6.40988
"2489","2488",2.734708
"2490","2489",5.274215
"2491","2490",2.947573
"2492","2491",1.047276
"2493","2492",1.00072
"2494","2493",4.232809
"2495","2494",0.600059
"2496","2495",4.246161
"2497","2496",5.531915
"2498","2497",4.161561
"2499","2498",1.405909
"2500","2499",2.664568
"2501","2500",5.531915
"2502","2501",3.585475
"2503","2502",2.168959
"2504","2503",2.667655
"2505","2504",2.84481
"2506","2505",2.664568
"2507","2506",1.8275
"2508","2507",5.531915
"2509","2508",1.2661
"2510","2509",7.49533
"2511","2510",1.405909
"2512","2511",1.495333
"2513","2512",6.519626
"2514","2513",6.787749
"2515","2514",5.274215
"2516","2515",0.84654
"2517","2516",2.245332
"2518","2517",1.405909
"2519","2518",2.585009
"2520","2519",5.60109
"2521","2520",0.836801
"2522","2521",1.728674
"2523","2522",1.117966
"2524","2523",6.605253
"2525","2524",1.495333
"2526","2525",4.023331
"2527","2526",9.85213
"2528","2527",2.664568
"2529","2528",8.489044
"2530","2529",1.212307
"2531","2530",1.051443
"2532","2531",2.168959
"2533","2532",4.744183
"2534","2533",2.494676
"2535","2534",5.274215
"2536","2535",2.84481
"2537","2536",2.494676
"2538","2537",1.495333
"2539","2538",6.436127
"2540","2539",5.859151
"2541","2540",1.495333
"2542","2541",2.84481
"2543","2542",3.934205
"2544","2543",1.405909
"2545","2544",7.665107
"2546","2545",3.047139
"2547","2546",4.68209
"2548","2547",7.665107
"2549","2548",2.548212
"2550","2549",0.6928
"2551","2550",5.177976
"2552","2551",2.664568
"2553","2552",0.363232
"2554","2553",1.787727
"2555","2554",9.85213
"2556","2555",5.888958
"2557","2556",7.49533
"2558","2557",4.65397
"2559","2558",7.49533
"2560","2559",8.489044
"2561","2560",1.405909
"2562","2561",2.664568
"2563","2562",5.239267
"2564","2563",0.6928
"2565","2564",2.734708
"2566","2565",4.65397
"2567","2566",2.664568
"2568","2567",4.744183
"2569","2568",4.980528
"2570","2569",1.35382
"2571","2570",0.791089
"2572","2571",7.832571
"2573","2572",1.405909
"2574","2573",7.49533
"2575","2574",2.84481
"2576","2575",1.787727
"2577","2576",0.614768
"2578","2577",3.574323
"2579","2578",8.489044
"2580","2579",2.664568
"2581","2580",6.022769
"2582","2581",3.488339
"2583","2582",3.214441
"2584","2583",4.65397
"2585","2584",3.107578
"2586","2585",0.6928
"2587","2586",3.488339
"2588","2587",0.363232
"2589","2588",0.363232
"2590","2589",4.946618
"2591","2590",0.791089
"2592","2591",4.510127
"2593","2592",3.578003
"2594","2593",2.734708
"2595","2594",6.07465
"2596","2595",2.446637
"2597","2596",2.071987
"2598","2597",0.6928
"2599","2598",4.65397
"2600","2599",4.65397
"2601","2600",4.772605
"2602","2601",6.646389
"2603","2602",3.127547
"2604","2603",0.6928
"2605","2604",1.728674
"2606","2605",6.605253
"2607","2606",2.743092
"2608","2607",4.253015
"2609","2608",0.686689
"2610","2609",0.363232
"2611","2610",0.6928
"2612","2611",1.417945
"2613","2612",0.6928
"2614","2613",6.07465
"2615","2614",6.571507
"2616","2615",3.488339
"2617","2616",2.021022
"2618","2617",3.157118
"2619","2618",2.755299
"2620","2619",4.283813
"2621","2620",2.764588
"2622","2621",1.495333
"2623","2622",2.664568
"2624","2623",0.589652
"2625","2624",0.623658
"2626","2625",2.494676
"2627","2626",6.787749
"2628","2627",1.992747
"2629","2628",1.405909
"2630","2629",0.6928
"2631","2630",3.102124
"2632","2631",3.601091
"2633","2632",4.265427
"2634","2633",1.051443
"2635","2634",0.789521
"2636","2635",9.85213
"2637","2636",2.585009
"2638","2637",1.075366
"2639","2638",6.787749
"2640","2639",4.65397
"2641","2640",2.978791
"2642","2641",2.84481
"2643","2642",2.664568
"2644","2643",0.894587
"2645","2644",2.892037
"2646","2645",2.825897
"2647","2646",3.488339
"2648","2647",2.069597
"2649","2648",1.405909
"2650","2649",7.77454
"2651","2650",1.728674
"2652","2651",4.507151
"2653","2652",2.664568
"2654","2653",3.578003
"2655","2654",1.760161
"2656","2655",2.438748
"2657","2656",4.155405
"2658","2657",0.6928
"2659","2658",2.12706
"2660","2659",0.6928
"2661","2660",4.519502
"2662","2661",7.49533
"2663","2662",6.519626
"2664","2663",2.507484
"2665","2664",7.71119
"2666","2665",3.114089
"2667","2666",2.40466
"2668","2667",2.101198
"2669","2668",7.667967
"2670","2669",4.707823
"2671","2670",1.405909
"2672","2671",5.531915
"2673","2672",0.6928
"2674","2673",2.494676
"2675","2674",3.488339
"2676","2675",0.697377
"2677","2676",2.947573
"2678","2677",3.488339
"2679","2678",0.646257
"2680","2679",1.417945
"2681","2680",6.085819
"2682","2681",1.787727
"2683","2682",1.337071
"2684","2683",2.825897
"2685","2684",4.65397
"2686","2685",1.495333
"2687","2686",5.666603
"2688","2687",0.589652
"2689","2688",1.405909
"2690","2689",4.023331
"2691","2690",0.882002
"2692","2691",9.85213
"2693","2692",4.169531
"2694","2693",0.894587
"2695","2694",1.780048
"2696","2695",1.728674
"2697","2696",2.534904
"2698","2697",8.489044
"2699","2698",0.614768
"2700","2699",2.415364
"2701","2700",4.023331
"2702","2701",4.65397
"2703","2702",0.6928
"2704","2703",5.191319
"2705","2704",5.274215
"2706","2705",0.894587
"2707","2706",0.363232
"2708","2707",3.876883
"2709","2708",3.488339
"2710","2709",2.664568
"2711","2710",6.787749
"2712","2711",4.65397
"2713","2712",2.734708
"2714","2713",1.745168
"2715","2714",4.246161
"2716","2715",1.787727
"2717","2716",6.436127
"2718","2717",2.664568
"2719","2718",7.665107
"2720","2719",6.787749
"2721","2720",3.488339
"2722","2721",3.692697
"2723","2722",0.894587
"2724","2723",0.504745
"2725","2724",2.494676
"2726","2725",0.363232
"2727","2726",2.168959
"2728","2727",2.664568
"2729","2728",2.494676
"2730","2729",1.728674
"2731","2730",0.894587
"2732","2731",0.6928
"2733","2732",2.664568
"2734","2733",1.495333
"2735","2734",0.836801
"2736","2735",4.023331
"2737","2736",2.892037
"2738","2737",1.780048
"2739","2738",4.744183
"2740","2739",1.182733
"2741","2740",2.991508
"2742","2741",1.728674
"2743","2742",0.6928
"2744","2743",1.405909
"2745","2744",9.85213
"2746","2745",1.787727
"2747","2746",2.795297
"2748","2747",1.263344
"2749","2748",1.117966
"2750","2749",7.49533
"2751","2750",1.495333
"2752","2751",4.980528
"2753","2752",2.548212
"2754","2753",1.495333
"2755","2754",2.446637
"2756","2755",5.531915
"2757","2756",0.894587
"2758","2757",1.787727
"2759","2758",0.833112
"2760","2759",3.102124
"2761","2760",2.892037
"2762","2761",2.71549
"2763","2762",3.127547
"2764","2763",0.6928
"2765","2764",4.744183
"2766","2765",3.441429
"2767","2766",2.413374
"2768","2767",4.023331
"2769","2768",0.6928
"2770","2769",0.988254
"2771","2770",3.971456
"2772","2771",2.161562
"2773","2772",2.664568
"2774","2773",5.531915
"2775","2774",1.00072
"2776","2775",2.494676
"2777","2776",6.490904
"2778","2777",0.894587
"2779","2778",0.710466
"2780","2779",6.519626
"2781","2780",1.316205
"2782","2781",7.665107
"2783","2782",1.992747
"2784","2783",5.861152
"2785","2784",2.795297
"2786","2785",1.728674
"2787","2786",0.894587
"2788","2787",0.6928
"2789","2788",0.6928
"2790","2789",4.65397
"2791","2790",4.65397
"2792","2791",9.019004
"2793","2792",0.894587
"2794","2793",1.229004
"2795","2794",5.248718
"2796","2795",4.023331
"2797","2796",1.787727
"2798","2797",2.168959
"2799","2798",9.85213
"2800","2799",9.85213
"2801","2800",2.664568
"2802","2801",0.685091
"2803","2802",2.494676
"2804","2803",1.495333
"2805","2804",1.405909
"2806","2805",2.664568
"2807","2806",0.614768
"2808","2807",5.531915
"2809","2808",1.787727
"2810","2809",1.831542
"2811","2810",2.664568
"2812","2811",8.640498
"2813","2812",8.489044
"2814","2813",2.664568
"2815","2814",6.787749
"2816","2815",5.274215
"2817","2816",1.93879
"2818","2817",5.531915
"2819","2818",2.664568
"2820","2819",0.363232
"2821","2820",2.830855
"2822","2821",1.337071
"2823","2822",6.787749
"2824","2823",0.894587
"2825","2824",5.531915
"2826","2825",1.495333
"2827","2826",3.513624
"2828","2827",6.295909
"2829","2828",2.824004
"2830","2829",5.531915
"2831","2830",0.363232
"2832","2831",0.363232
"2833","2832",2.734708
"2834","2833",2.664568
"2835","2834",1.072767
"2836","2835",1.911131
"2837","2836",6.571507
"2838","2837",4.071155
"2839","2838",0.363232
"2840","2839",4.071155
"2841","2840",4.848739
"2842","2841",2.84481
"2843","2842",0.736055
"2844","2843",4.596357
"2845","2844",0.614768
"2846","2845",2.84481
"2847","2846",1.891613
"2848","2847",0.894587
"2849","2848",0.6928
"2850","2849",2.168959
"2851","2850",6.787749
"2852","2851",0.894587
"2853","2852",0.894587
"2854","2853",8.545839
"2855","2854",6.085819
"2856","2855",2.507484
"2857","2856",3.601091
"2858","2857",0.675743
"2859","2858",1.787727
"2860","2859",0.988254
"2861","2860",0.6928
"2862","2861",1.787727
"2863","2862",2.648025
"2864","2863",1.405909
"2865","2864",7.49533
"2866","2865",0.896093
"2867","2866",1.728674
"2868","2867",2.664568
"2869","2868",5.861152
"2870","2869",3.488339
"2871","2870",2.994207
"2872","2871",1.787727
"2873","2872",2.168959
"2874","2873",1.405909
"2875","2874",0.6928
"2876","2875",2.734708
"2877","2876",8.640498
"2878","2877",0.363232
"2879","2878",8.489044
"2880","2879",1.411608
"2881","2880",1.495333
"2882","2881",0.894587
"2883","2882",5.531915
"2884","2883",5.531915
"2885","2884",0.6928
"2886","2885",3.929281
"2887","2886",1.187215
"2888","2887",1.405909
"2889","2888",1.405909
"2890","2889",2.491836
"2891","2890",3.617854
"2892","2891",4.946618
"2893","2892",0.524961
"2894","2893",1.495333
"2895","2894",1.787727
"2896","2895",0.753299
"2897","2896",7.123633
"2898","2897",3.488339
"2899","2898",3.488339
"2900","2899",2.824004
"2901","2900",0.896093
"2902","2901",3.876883
"2903","2902",1.784195
"2904","2903",0.363232
"2905","2904",0.6928
"2906","2905",0.6928
"2907","2906",0.6928
"2908","2907",1.728674
"2909","2908",6.840858
"2910","2909",3.907114
"2911","2910",1.212307
"2912","2911",4.202736
"2913","2912",6.844861
"2914","2913",4.937295
"2915","2914",6.879448
"2916","2915",9.85213
"2917","2916",9.85213
"2918","2917",0.791089
"2919","2918",3.239924
"2920","2919",6.519626
"2921","2920",2.468912
"2922","2921",2.507484
"2923","2922",0.6928
"2924","2923",6.787749
"2925","2924",2.994207
"2926","2925",4.023331
"2927","2926",2.438748
"2928","2927",9.85213
"2929","2928",3.157118
"2930","2929",2.491836
"2931","2930",9.85213
"2932","2931",5.666603
"2933","2932",1.553557
"2934","2933",2.585009
"2935","2934",0.894587
"2936","2935",2.168959
"2937","2936",1.695201
"2938","2937",4.023331
"2939","2938",0.896093
"2940","2939",0.6928
"2941","2940",4.65397
"2942","2941",4.507151
"2943","2942",5.239267
"2944","2943",0.740599
"2945","2944",4.498768
"2946","2945",4.65397
"2947","2946",4.265427
"2948","2947",5.274215
"2949","2948",0.6928
"2950","2949",0.614768
"2951","2950",7.355944
"2952","2951",2.664568
"2953","2952",0.789521
"2954","2953",1.925786
"2955","2954",0.6928
"2956","2955",2.463493
"2957","2956",0.685091
"2958","2957",3.214441
"2959","2958",6.787749
"2960","2959",4.920492
"2961","2960",2.84481
"2962","2961",0.953372
"2963","2962",7.665107
"2964","2963",5.003983
"2965","2964",0.894587
"2966","2965",0.685091
"2967","2966",9.85213
"2968","2967",1.405909
"2969","2968",0.363232
"2970","2969",0.685091
"2971","2970",7.665107
"2972","2971",2.494676
"2973","2972",1.405909
"2974","2973",6.787749
"2975","2974",2.664568
"2976","2975",0.899574
"2977","2976",5.531915
"2978","2977",4.65397
"2979","2978",0.6928
"2980","2979",0.6928
"2981","2980",3.223724
"2982","2981",0.589652
"2983","2982",4.65397
"2984","2983",4.362562
"2985","2984",4.744183
"2986","2985",1.229004
"2987","2986",5.003983
"2988","2987",2.468912
"2989","2988",1.787727
"2990","2989",9.85213
"2991","2990",0.6928
"2992","2991",0.6928
"2993","2992",3.239924
"2994","2993",3.971456
"2995","2994",1.405909
"2996","2995",2.548212
"2997","2996",0.589652
"2998","2997",0.6928
"2999","2998",0.6928
"3000","2999",0.6928
"3001","3000",4.202736
"3002","3001",0.894587
"3003","3002",9.657404
"3004","3003",0.697377
"3005","3004",8.564368
"3006","3005",1.554117
"3007","3006",0.736055
"3008","3007",1.350547
"3009","3008",7.504335
"3010","3009",5.092942
"3011","3010",3.488339
"3012","3011",2.664568
"3013","3012",2.664568
"3014","3013",5.021021
"3015","3014",0.894587
"3016","3015",0.6928
"3017","3016",0.6928
"3018","3017",4.169531
"3019","3018",0.894587
"3020","3019",7.49533
"3021","3020",0.6928
"3022","3021",1.405909
"3023","3022",2.664568
"3024","3023",6.40988
"3025","3024",0.6928
"3026","3025",1.405909
"3027","3026",4.995003
"3028","3027",8.489044
"3029","3028",0.777242
"3030","3029",3.505536
"3031","3030",4.023331
"3032","3031",1.405909
"3033","3032",2.84481
"3034","3033",6.654598
"3035","3034",5.531915
"3036","3035",2.24484
"3037","3036",8.489044
"3038","3037",7.49533
"3039","3038",0.6928
"3040","3039",0.6928
"3041","3040",0.363232
"3042","3041",3.971456
"3043","3042",0.524961
"3044","3043",2.795297
"3045","3044",9.85213
"3046","3045",6.571507
"3047","3046",2.664568
"3048","3047",4.850723
"3049","3048",2.991508
"3050","3049",8.545839
"3051","3050",3.127547
"3052","3051",1.405909
"3053","3052",5.761805
"3054","3053",1.495333
"3055","3054",0.833112
"3056","3055",5.686982
"3057","3056",3.505536
"3058","3057",1.728674
"3059","3058",9.85213
"3060","3059",3.562696
"3061","3060",9.85213
"3062","3061",1.316205
"3063","3062",5.274215
"3064","3063",3.488339
"3065","3064",1.495333
"3066","3065",1.695201
"3067","3066",1.787727
"3068","3067",1.599206
"3069","3068",5.122371
"3070","3069",2.795297
"3071","3070",0.363232
"3072","3071",8.564368
"3073","3072",8.545839
"3074","3073",0.736055
"3075","3074",0.6928
"3076","3075",0.6928
"3077","3076",0.882002
"3078","3077",2.84481
"3079","3078",0.6928
"3080","3079",2.664568
"3081","3080",6.787749
"3082","3081",2.664568
"3083","3082",4.850723
"3084","3083",0.499213
"3085","3084",2.12706
"3086","3085",1.729804
"3087","3086",7.123633
"3088","3087",7.49533
"3089","3088",7.49533
"3090","3089",0.6928
"3091","3090",2.494676
"3092","3091",3.488339
"3093","3092",2.830855
"3094","3093",0.6928
"3095","3094",3.991502
"3096","3095",0.6928
"3097","3096",0.740599
"3098","3097",0.6928
"3099","3098",4.459698
"3100","3099",0.6928
"3101","3100",4.023331
"3102","3101",2.664568
"3103","3102",2.507484
"3104","3103",0.6928
"3105","3104",3.751145
"3106","3105",3.351007
"3107","3106",1.405909
"3108","3107",3.493681
"3109","3108",0.894587
"3110","3109",2.245332
"3111","3110",1.405909
"3112","3111",8.489044
"3113","3112",2.664568
"3114","3113",2.494676
"3115","3114",3.601091
"3116","3115",5.581814
"3117","3116",1.48364
"3118","3117",1.62025
"3119","3118",8.489044
"3120","3119",1.239324
"3121","3120",1.869376
"3122","3121",5.509197
"3123","3122",5.531915
"3124","3123",0.499213
"3125","3124",1.417945
"3126","3125",1.495333
"3127","3126",2.707063
"3128","3127",9.85213
"3129","3128",6.436127
"3130","3129",0.363232
"3131","3130",2.648025
"3132","3131",5.003983
"3133","3132",3.488339
"3134","3133",0.736055
"3135","3134",2.221974
"3136","3135",2.664568
"3137","3136",0.6928
"3138","3137",7.007478
"3139","3138",1.405909
"3140","3139",6.814138
"3141","3140",3.001242
"3142","3141",7.665107
"3143","3142",7.665107
"3144","3143",0.6928
"3145","3144",2.438748
"3146","3145",6.396162
"3147","3146",0.6928
"3148","3147",0.953372
"3149","3148",1.728674
"3150","3149",4.023331
"3151","3150",0.896093
"3152","3151",4.382178
"3153","3152",0.6928
"3154","3153",0.6928
"3155","3154",7.665107
"3156","3155",2.52072
"3157","3156",1.040383
"3158","3157",4.023331
"3159","3158",0.736055
"3160","3159",1.661416
"3161","3160",2.648025
"3162","3161",1.760161
"3163","3162",4.744183
"3164","3163",1.224679
"3165","3164",3.253986
"3166","3165",9.85213
"3167","3166",2.494676
"3168","3167",5.122371
"3169","3168",2.161562
"3170","3169",9.85213
"3171","3170",6.159667
"3172","3171",7.49533
"3173","3172",1.745168
"3174","3173",0.894587
"3175","3174",6.355008
"3176","3175",2.413374
"3177","3176",2.021022
"3178","3177",1.925786
"3179","3178",2.494676
"3180","3179",2.438748
"3181","3180",3.127547
"3182","3181",2.664568
"3183","3182",5.531915
"3184","3183",2.735457
"3185","3184",7.49533
"3186","3185",0.363232
"3187","3186",6.519626
"3188","3187",0.6928
"3189","3188",3.157118
"3190","3189",4.65397
"3191","3190",1.075366
"3192","3191",2.294807
"3193","3192",5.003983
"3194","3193",3.074651
"3195","3194",3.214441
"3196","3195",3.488339
"3197","3196",0.6928
"3198","3197",4.510127
"3199","3198",6.519626
"3200","3199",5.212563
"3201","3200",8.67373
"3202","3201",1.813065
"3203","3202",1.992747
"3204","3203",2.84481
"3205","3204",1.764788
"3206","3205",5.274215
"3207","3206",2.664568
"3208","3207",0.6928
"3209","3208",1.337071
"3210","3209",3.488339
"3211","3210",4.707823
"3212","3211",5.274215
"3213","3212",4.023331
"3214","3213",2.793871
"3215","3214",2.168959
"3216","3215",3.488339
"3217","3216",2.494676
"3218","3217",4.65397
"3219","3218",2.664568
"3220","3219",8.489044
"3221","3220",2.664568
"3222","3221",0.6928
"3223","3222",3.43836
"3224","3223",2.664568
"3225","3224",1.729804
"3226","3225",0.363232
"3227","3226",3.488339
"3228","3227",3.488339
"3229","3228",2.664568
"3230","3229",2.548212
"3231","3230",1.602097
"3232","3231",0.6928
"3233","3232",2.494676
"3234","3233",5.686982
"3235","3234",0.499213
"3236","3235",6.519626
"3237","3236",2.161562
"3238","3237",2.664568
"3239","3238",5.531915
"3240","3239",4.946618
"3241","3240",0.791089
"3242","3241",1.760161
"3243","3242",0.6928
"3244","3243",2.494676
"3245","3244",2.991508
"3246","3245",6.378525
"3247","3246",3.706335
"3248","3247",2.892037
"3249","3248",6.605253
"3250","3249",3.581286
"3251","3250",0.789521
"3252","3251",7.77454
"3253","3252",2.795297
"3254","3253",3.86725
"3255","3254",1.462143
"3256","3255",1.992747
"3257","3256",1.728674
"3258","3257",1.224679
"3259","3258",0.6928
"3260","3259",8.489044
"3261","3260",3.991502
"3262","3261",3.24376
"3263","3262",6.519626
"3264","3263",2.781767
"3265","3264",6.295909
"3266","3265",1.61634
"3267","3266",0.363232
"3268","3267",0.499213
"3269","3268",2.793871
"3270","3269",3.488339
"3271","3270",3.971456
"3272","3271",4.596357
"3273","3272",1.93879
"3274","3273",1.8275
"3275","3274",6.519626
"3276","3275",2.491836
"3277","3276",0.894587
"3278","3277",6.519626
"3279","3278",2.432217
"3280","3279",0.953372
"3281","3280",0.363232
"3282","3281",3.223724
"3283","3282",6.519626
"3284","3283",1.911131
"3285","3284",3.488339
"3286","3285",5.531915
"3287","3286",0.6928
"3288","3287",5.531915
"3289","3288",0.953372
"3290","3289",9.657404
"3291","3290",3.601091
"3292","3291",6.295909
"3293","3292",4.757258
"3294","3293",5.092942
"3295","3294",2.585009
"3296","3295",5.248718
"3297","3296",7.49533
"3298","3297",8.640498
"3299","3298",6.787749
"3300","3299",2.664568
"3301","3300",2.494676
"3302","3301",1.48364
"3303","3302",1.992747
"3304","3303",0.6928
"3305","3304",0.6928
"3306","3305",6.025771
"3307","3306",3.223724
"3308","3307",2.494676
"3309","3308",0.363232
"3310","3309",2.494676
"3311","3310",0.363232
"3312","3311",2.494676
"3313","3312",7.665107
"3314","3313",0.6928
"3315","3314",2.498991
"3316","3315",4.844862
"3317","3316",2.493966
"3318","3317",1.405909
"3319","3318",9.85213
"3320","3319",3.170097
"3321","3320",5.122371
"3322","3321",1.075366
"3323","3322",1.676515
"3324","3323",9.85213
"3325","3324",7.71119
"3326","3325",5.274215
"3327","3326",0.705482
"3328","3327",4.744183
"3329","3328",1.676515
"3330","3329",1.411608
"3331","3330",2.830855
"3332","3331",1.117966
"3333","3332",3.706335
"3334","3333",3.706335
"3335","3334",0.6928
"3336","3335",0.363232
"3337","3336",0.363232
"3338","3337",1.417945
"3339","3338",2.494676
"3340","3339",5.274215
"3341","3340",1.728674
"3342","3341",6.787749
"3343","3342",2.664568
"3344","3343",3.513624
"3345","3344",6.519626
"3346","3345",0.6928
"3347","3346",0.363232
"3348","3347",2.494676
"3349","3348",4.65397
"3350","3349",5.438473
"3351","3350",6.513623
"3352","3351",1.350547
"3353","3352",0.6928
"3354","3353",1.48364
"3355","3354",3.071836
"3356","3355",1.992747
"3357","3356",2.664568
"3358","3357",2.664568
"3359","3358",4.023331
"3360","3359",1.952087
"3361","3360",1.728674
"3362","3361",0.894587
"3363","3362",2.764588
"3364","3363",2.664568
"3365","3364",5.082426
"3366","3365",1.495333
"3367","3366",1.780048
"3368","3367",1.404935
"3369","3368",0.894587
"3370","3369",1.405909
"3371","3370",8.11941
"3372","3371",1.922811
"3373","3372",0.976195
"3374","3373",1.902331
"3375","3374",0.363232
"3376","3375",2.664568
"3377","3376",2.664568
"3378","3377",5.274215
"3379","3378",0.551916
"3380","3379",1.495333
"3381","3380",2.446637
"3382","3381",4.65397
"3383","3382",0.614768
"3384","3383",4.038391
"3385","3384",2.755299
"3386","3385",0.6928
"3387","3386",3.566507
"3388","3387",1.405909
"3389","3388",1.078355
"3390","3389",3.488339
"3391","3390",1.787727
"3392","3391",3.488339
"3393","3392",1.425332
"3394","3393",5.274215
"3395","3394",7.49533
"3396","3395",0.363232
"3397","3396",1.61634
"3398","3397",3.488339
"3399","3398",0.6928
"3400","3399",1.729804
"3401","3400",0.6928
"3402","3401",5.122371
"3403","3402",4.757258
"3404","3403",3.253986
"3405","3404",1.728674
"3406","3405",2.664568
"3407","3406",0.363232
"3408","3407",3.864311
"3409","3408",3.74484
"3410","3409",5.531915
"3411","3410",5.248718
"3412","3411",6.787749
"3413","3412",1.795978
"3414","3413",0.6928
"3415","3414",1.040383
"3416","3415",1.405909
"3417","3416",0.6928
"3418","3417",0.6928
"3419","3418",1.073713
"3420","3419",0.6928
"3421","3420",4.992188
"3422","3421",2.664568
"3423","3422",2.494676
"3424","3423",6.519626
"3425","3424",8.716225
"3426","3425",0.6928
"3427","3426",3.047139
"3428","3427",0.363232
"3429","3428",4.071155
"3430","3429",0.646257
"3431","3430",0.614768
"3432","3431",1.542833
"3433","3432",0.736055
"3434","3433",1.495333
"3435","3434",1.405909
"3436","3435",0.6928
"3437","3436",6.787749
"3438","3437",3.488339
"3439","3438",8.640498
"3440","3439",2.494676
"3441","3440",1.787727
"3442","3441",4.023331
"3443","3442",2.991508
"3444","3443",2.664568
"3445","3444",3.074651
"3446","3445",1.2661
"3447","3446",2.494676
"3448","3447",0.6928
"3449","3448",1.789652
"3450","3449",4.222111
"3451","3450",3.780279
"3452","3451",1.495333
"3453","3452",9.85213
"3454","3453",3.114089
"3455","3454",3.368445
"3456","3455",5.274215
"3457","3456",6.40988
"3458","3457",2.245332
"3459","3458",9.85213
"3460","3459",3.24376
"3461","3460",2.664568
"3462","3461",0.6928
"3463","3462",6.844861
"3464","3463",0.896093
"3465","3464",2.789058
"3466","3465",0.363232
"3467","3466",5.248718
"3468","3467",2.294807
"3469","3468",1.728674
"3470","3469",2.664568
"3471","3470",2.071987
"3472","3471",1.350547
"3473","3472",3.893739
"3474","3473",4.65397
"3475","3474",2.782582
"3476","3475",4.023331
"3477","3476",5.092942
"3478","3477",1.495333
"3479","3478",2.735457
"3480","3479",5.36431
"3481","3480",1.8275
"3482","3481",1.745168
"3483","3482",6.02477
"3484","3483",1.728674
"3485","3484",2.664568
"3486","3485",2.328119
"3487","3486",2.446637
"3488","3487",0.93753
"3489","3488",1.61634
"3490","3489",1.051443
"3491","3490",3.488339
"3492","3491",1.728674
"3493","3492",2.84481
"3494","3493",1.787727
"3495","3494",1.417945
"3496","3495",2.84481
"3497","3496",0.894587
"3498","3497",5.274215
"3499","3498",3.864311
"3500","3499",2.494676
"3501","3500",2.84481
"3502","3501",4.023331
"3503","3502",3.441429
"3504","3503",1.93879
"3505","3504",4.65397
"3506","3505",0.736055
"3507","3506",2.664568
"3508","3507",0.856217
"3509","3508",5.581814
"3510","3509",0.667724
"3511","3510",0.894587
"3512","3511",1.495333
"3513","3512",0.685091
"3514","3513",3.86725
"3515","3514",0.363232
"3516","3515",2.664568
"3517","3516",4.65397
"3518","3517",0.6928
"3519","3518",4.023331
"3520","3519",3.377932
"3521","3520",8.545839
"3522","3521",6.513623
"3523","3522",0.6928
"3524","3523",2.832147
"3525","3524",0.499213
"3526","3525",0.6928
"3527","3526",3.127547
"3528","3527",1.495333
"3529","3528",3.488339
"3530","3529",0.363232
"3531","3530",0.705482
"3532","3531",0.363232
"3533","3532",5.274215
"3534","3533",0.777242
"3535","3534",2.735457
"3536","3535",1.695201
"3537","3536",0.894587
"3538","3537",1.553557
"3539","3538",3.751145
"3540","3539",0.685091
"3541","3540",6.07465
"3542","3541",0.363232
"3543","3542",2.494676
"3544","3543",1.495333
"3545","3544",2.795297
"3546","3545",0.791089
"3547","3546",5.274215
"3548","3547",0.363232
"3549","3548",7.170096
"3550","3549",2.664568
"3551","3550",0.6928
"3552","3551",1.051443
"3553","3552",1.944715
"3554","3553",9.85213
"3555","3554",1.182733
"3556","3555",6.54821
"3557","3556",2.84086
"3558","3557",3.751145
"3559","3558",5.531915
"3560","3559",0.363232
"3561","3560",0.363232
"3562","3561",1.787727
"3563","3562",0.894587
"3564","3563",6.159667
"3565","3564",1.728674
"3566","3565",0.6928
"3567","3566",0.363232
"3568","3567",1.828447
"3569","3568",2.734708
"3570","3569",4.023331
"3571","3570",7.49533
"3572","3571",1.954492
"3573","3572",0.614768
"3574","3573",1.728674
"3575","3574",2.664568
"3576","3575",1.411608
"3577","3576",0.363232
"3578","3577",2.491836
"3579","3578",0.736055
"3580","3579",8.55259
"3581","3580",2.494676
"3582","3581",2.664568
"3583","3582",1.787727
"3584","3583",4.522864
"3585","3584",1.417945
"3586","3585",0.710466
"3587","3586",3.488339
"3588","3587",3.488339
"3589","3588",1.2661
"3590","3589",2.494676
"3591","3590",2.664568
"3592","3591",3.751145
"3593","3592",0.953372
"3594","3593",0.894587
"3595","3594",1.728674
"3596","3595",5.531915
"3597","3596",3.876883
"3598","3597",5.769252
"3599","3598",5.122371
"3600","3599",1.405909
"3601","3600",5.859151
"3602","3601",0.363232
"3603","3602",1.992747
"3604","3603",4.161561
"3605","3604",6.085819
"3606","3605",0.777242
"3607","3606",1.992747
"3608","3607",3.556906
"3609","3608",3.307673
"3610","3609",2.306649
"3611","3610",2.494676
"3612","3611",0.953372
"3613","3612",0.6928
"3614","3613",0.6928
"3615","3614",0.6928
"3616","3615",3.488339
"3617","3616",0.777242
"3618","3617",3.488339
"3619","3618",2.494676
"3620","3619",0.736055
"3621","3620",0.685091
"3622","3621",4.023331
"3623","3622",8.489044
"3624","3623",3.601091
"3625","3624",1.268912
"3626","3625",5.248718
"3627","3626",6.40988
"3628","3627",1.93879
"3629","3628",0.363232
"3630","3629",2.168959
"3631","3630",1.789652
"3632","3631",1.075366
"3633","3632",5.274215
"3634","3633",0.6928
"3635","3634",3.488339
"3636","3635",5.531915
"3637","3636",0.6928
"3638","3637",1.728674
"3639","3638",7.504335
"3640","3639",1.405909
"3641","3640",9.85213
"3642","3641",1.411608
"3643","3642",4.510127
"3644","3643",5.531915
"3645","3644",3.223724
"3646","3645",2.353317
"3647","3646",5.274215
"3648","3647",9.109536
"3649","3648",8.640498
"3650","3649",0.953372
"3651","3650",1.695201
"3652","3651",1.495333
"3653","3652",3.495564
"3654","3653",1.495333
"3655","3654",7.49533
"3656","3655",4.65397
"3657","3656",6.787749
"3658","3657",1.728674
"3659","3658",0.894587
"3660","3659",0.753871
"3661","3660",0.777242
"3662","3661",6.787749
"3663","3662",1.078355
"3664","3663",2.494676
"3665","3664",2.159668
"3666","3665",2.764588
"3667","3666",5.828446
"3668","3667",3.488339
"3669","3668",2.84481
"3670","3669",1.2661
"3671","3670",1.793478
"3672","3671",7.49533
"3673","3672",0.6928
"3674","3673",0.363232
"3675","3674",1.495333
"3676","3675",1.495333
"3677","3676",0.6928
"3678","3677",2.84481
"3679","3678",1.943842
"3680","3679",2.825897
"3681","3680",0.6928
"3682","3681",5.274215
"3683","3682",2.069597
"3684","3683",2.664568
"3685","3684",0.894587
"3686","3685",0.894587
"3687","3686",1.828447
"3688","3687",9.85213
"3689","3688",1.787727
"3690","3689",2.494676
"3691","3690",0.363232
"3692","3691",0.6928
"3693","3692",6.800972
"3694","3693",0.789521
"3695","3694",0.363232
"3696","3695",7.665107
"3697","3696",9.85213
"3698","3697",0.438706
"3699","3698",0.363232
"3700","3699",3.971456
"3701","3700",1.728674
"3702","3701",1.495333
"3703","3702",9.85213
"3704","3703",3.253986
"3705","3704",2.494676
"3706","3705",2.494676
"3707","3706",1.405909
"3708","3707",0.589652
"3709","3708",5.122371
"3710","3709",5.155241
"3711","3710",2.415364
"3712","3711",0.697377
"3713","3712",5.242347
"3714","3713",4.65397
"3715","3714",6.513623
"3716","3715",6.519626
"3717","3716",3.488339
"3718","3717",5.531915
"3719","3718",4.65397
"3720","3719",1.495333
"3721","3720",7.25305
"3722","3721",1.606371
"3723","3722",3.223724
"3724","3723",2.306649
"3725","3724",3.102124
"3726","3725",1.405909
"3727","3726",1.992747
"3728","3727",1.435917
"3729","3728",2.664568
"3730","3729",1.35382
"3731","3730",3.488339
"3732","3731",2.168959
"3733","3732",3.488339
"3734","3733",0.953372
"3735","3734",2.494676
"3736","3735",0.614768
"3737","3736",7.49533
"3738","3737",0.976195
"3739","3738",1.695201
"3740","3739",3.653374
"3741","3740",2.161562
"3742","3741",1.993584
"3743","3742",2.734708
"3744","3743",1.405909
"3745","3744",3.170097
"3746","3745",5.769252
"3747","3746",3.074651
"3748","3747",4.071155
"3749","3748",3.999233
"3750","3749",3.488339
"3751","3750",0.686689
"3752","3751",3.488339
"3753","3752",1.473206
"3754","3753",2.781767
"3755","3754",2.743092
"3756","3755",0.6928
"3757","3756",1.495333
"3758","3757",2.494676
"3759","3758",0.976195
"3760","3759",0.789521
"3761","3760",0.6928
"3762","3761",2.494676
"3763","3762",0.84654
"3764","3763",1.728674
"3765","3764",0.363232
"3766","3765",2.208811
"3767","3766",4.744183
"3768","3767",9.85213
"3769","3768",4.65397
"3770","3769",1.495333
"3771","3770",5.274215
"3772","3771",2.793871
"3773","3772",6.355008
"3774","3773",1.954492
"3775","3774",1.744458
"3776","3775",5.778843
"3777","3776",0.363232
"3778","3777",4.65397
"3779","3778",0.685091
"3780","3779",1.495333
"3781","3780",4.65397
"3782","3781",0.6928
"3783","3782",2.664568
"3784","3783",2.664568
"3785","3784",0.6928
"3786","3785",9.85213
"3787","3786",2.664568
"3788","3787",3.239924
"3789","3788",0.753299
"3790","3789",4.937295
"3791","3790",0.6928
"3792","3791",2.84481
"3793","3792",4.65397
"3794","3793",3.488339
"3795","3794",0.675743
"3796","3795",1.495333
"3797","3796",5.834449
"3798","3797",2.825897
"3799","3798",4.071155
"3800","3799",0.6928
"3801","3800",1.728674
"3802","3801",0.685091
"3803","3802",0.6928
"3804","3803",3.488339
"3805","3804",4.946618
"3806","3805",1.495333
"3807","3806",0.363232
"3808","3807",4.992188
"3809","3808",2.504478
"3810","3809",4.65397
"3811","3810",4.023331
"3812","3811",0.363232
"3813","3812",2.664568
"3814","3813",0.6928
"3815","3814",3.214441
"3816","3815",2.438748
"3817","3816",1.61634
"3818","3817",0.6928
"3819","3818",0.6928
"3820","3819",2.84481
"3821","3820",4.992188
"3822","3821",2.664568
"3823","3822",2.494676
"3824","3823",0.6928
"3825","3824",5.664719
"3826","3825",1.047276
"3827","3826",0.363232
"3828","3827",4.995003
"3829","3828",7.57177
"3830","3829",0.6928
"3831","3830",0.84654
"3832","3831",2.494676
"3833","3832",5.274215
"3834","3833",1.760161
"3835","3834",2.494676
"3836","3835",4.844862
"3837","3836",9.85213
"3838","3837",4.023331
"3839","3838",1.728674
"3840","3839",4.048831
"3841","3840",0.6928
"3842","3841",1.891613
"3843","3842",0.6928
"3844","3843",0.6928
"3845","3844",0.685091
"3846","3845",2.159668
"3847","3846",5.531915
"3848","3847",6.443648
"3849","3848",0.736055
"3850","3849",3.488339
"3851","3850",2.491836
"3852","3851",7.665107
"3853","3852",2.664568
"3854","3853",1.495333
"3855","3854",1.495333
"3856","3855",2.84481
"3857","3856",1.61634
"3858","3857",1.405909
"3859","3858",7.49533
"3860","3859",8.489044
"3861","3860",1.728674
"3862","3861",4.65397
"3863","3862",4.65397
"3864","3863",0.84654
"3865","3864",8.640498
"3866","3865",3.351007
"3867","3866",5.155241
"3868","3867",1.728674
"3869","3868",0.6928
"3870","3869",4.65397
"3871","3870",6.787749
"3872","3871",4.850723
"3873","3872",1.495333
"3874","3873",4.169531
"3875","3874",1.61634
"3876","3875",2.84481
"3877","3876",1.93879
"3878","3877",6.519626
"3879","3878",4.510127
"3880","3879",0.93753
"3881","3880",8.545839
"3882","3881",4.580561
"3883","3882",8.640498
"3884","3883",1.8275
"3885","3884",2.84481
"3886","3885",2.494676
"3887","3886",3.864311
"3888","3887",6.605253
"3889","3888",2.648025
"3890","3889",1.495333
"3891","3890",3.706335
"3892","3891",1.312971
"3893","3892",6.646389
"3894","3893",2.755299
"3895","3894",4.873456
"3896","3895",1.2661
"3897","3896",3.488339
"3898","3897",6.014454
"3899","3898",1.992747
"3900","3899",2.664568
"3901","3900",1.728674
"3902","3901",0.6928
"3903","3902",3.351014
"3904","3903",4.382178
"3905","3904",5.122371
"3906","3905",6.605253
"3907","3906",5.531915
"3908","3907",4.744183
"3909","3908",4.850723
"3910","3909",3.035642
"3911","3910",3.157118
"3912","3911",6.519626
"3913","3912",6.519626
"3914","3913",0.6928
"3915","3914",2.494676
"3916","3915",1.8275
"3917","3916",1.787727
"3918","3917",0.614768
"3919","3918",1.495333
"3920","3919",0.6928
"3921","3920",0.6928
"3922","3921",4.596357
"3923","3922",3.488339
"3924","3923",5.531915
"3925","3924",0.697377
"3926","3925",4.65397
"3927","3926",1.495333
"3928","3927",0.551916
"3929","3928",0.6928
"3930","3929",2.664568
"3931","3930",0.489021
"3932","3931",6.814138
"3933","3932",0.363232
"3934","3933",5.343587
"3935","3934",0.614768
"3936","3935",0.6928
"3937","3936",3.441429
"3938","3937",2.12706
"3939","3938",3.934205
"3940","3939",4.65397
"3941","3940",2.494676
"3942","3941",2.438748
"3943","3942",3.102124
"3944","3943",2.84481
"3945","3944",2.08933
"3946","3945",4.510127
"3947","3946",1.728674
"3948","3947",1.382103
"3949","3948",5.531915
"3950","3949",4.382178
"3951","3950",2.664568
"3952","3951",1.992747
"3953","3952",1.405909
"3954","3953",2.221974
"3955","3954",1.728674
"3956","3955",4.710558
"3957","3956",4.186387
"3958","3957",1.992747
"3959","3958",0.363232
"3960","3959",6.787749
"3961","3960",0.6928
"3962","3961",1.728674
"3963","3962",0.6928
"3964","3963",2.438748
"3965","3964",1.495333
"3966","3965",5.664719
"3967","3966",0.6928
"3968","3967",0.976195
"3969","3968",2.56041
"3970","3969",2.498991
"3971","3970",7.665107
"3972","3971",2.664568
"3973","3972",6.571507
"3974","3973",6.787749
"3975","3974",2.438748
"3976","3975",1.8275
"3977","3976",0.6928
"3978","3977",1.495333
"3979","3978",4.744183
"3980","3979",8.489044
"3981","3980",2.664568
"3982","3981",6.646389
"3983","3982",9.85213
"3984","3983",6.519626
"3985","3984",5.531915
"3986","3985",2.664568
"3987","3986",9.85213
"3988","3987",0.6928
"3989","3988",0.953372
"3990","3989",5.107681
"3991","3990",2.664568
"3992","3991",4.382178
"3993","3992",4.232809
"3994","3993",5.531915
"3995","3994",5.438473
"3996","3995",4.596357
"3997","3996",0.363232
"3998","3997",4.844862
"3999","3998",0.736055
"4000","3999",5.36431
"4001","4000",3.488339
