V1,V2
D0001,TRUE
D0002,FALSE
D0003,TRUE
D0004,FALSE
D0005,FALSE
D0006,FALSE
D0007,FALSE
D0008,FALSE
D0009,TRUE
D0010,FALSE
D0011,FALSE
D0012,FALSE
D0013,FALSE
D0014,FALSE
D0015,FALSE
D0016,FALSE
D0017,TRUE
D0018,FALSE
D0019,FALSE
D0020,FALSE
D0021,FALSE
D0022,FALSE
D0023,FALSE
D0024,FALSE
D0025,TRUE
D0026,FALSE
D0027,FALSE
D0028,FALSE
D0029,TRUE
D0030,FALSE
D0031,TRUE
D0032,FALSE
D0033,TRUE
D0034,TRUE
D0035,TRUE
D0036,TRUE
D0037,TRUE
D0038,TRUE
D0039,FALSE
D0040,FALSE
D0041,FALSE
D0042,FALSE
D0043,FALSE
D0044,FALSE
D0045,FALSE
D0046,FALSE
D0047,FALSE
D0048,FALSE
D0049,FALSE
D0050,FALSE
D0051,TRUE
D0052,FALSE
D0053,FALSE
D0054,FALSE
D0055,TRUE
D0056,TRUE
D0057,FALSE
D0058,FALSE
D0059,TRUE
D0060,TRUE
D0061,FALSE
D0062,FALSE
D0063,TRUE
D0064,TRUE
D0065,FALSE
D0066,FALSE
D0067,FALSE
D0068,TRUE
D0069,FALSE
D0070,TRUE
D0071,FALSE
D0072,TRUE
D0073,FALSE
D0074,FALSE
D0075,FALSE
D0076,TRUE
D0077,FALSE
D0078,TRUE
D0079,FALSE
D0080,FALSE
D0081,TRUE
D0082,FALSE
D0083,TRUE
D0084,TRUE
D0085,TRUE
D0086,TRUE
D0087,FALSE
D0088,FALSE
D0089,FALSE
D0090,FALSE
D0091,TRUE
D0092,FALSE
D0093,FALSE
D0094,FALSE
D0095,FALSE
D0096,FALSE
D0097,TRUE
D0098,FALSE
D0099,FALSE
D0100,TRUE
D0101,TRUE
D0102,TRUE
D0103,TRUE
D0104,FALSE
D0105,FALSE
D0106,FALSE
D0107,FALSE
D0108,FALSE
D0109,TRUE
D0110,FALSE
D0111,TRUE
D0112,FALSE
D0113,TRUE
D0114,FALSE
D0115,FALSE
D0116,TRUE
D0117,FALSE
D0118,TRUE
D0119,TRUE
D0120,FALSE
D0121,FALSE
D0122,FALSE
D0123,FALSE
D0124,FALSE
D0125,TRUE
D0126,TRUE
D0127,FALSE
D0128,TRUE
D0129,FALSE
D0130,FALSE
D0131,TRUE
D0132,TRUE
D0133,TRUE
D0134,FALSE
D0135,TRUE
D0136,TRUE
D0137,TRUE
D0138,TRUE
D0139,TRUE
D0140,TRUE
D0141,FALSE
D0142,TRUE
D0143,TRUE
D0144,FALSE
D0145,FALSE
D0146,FALSE
D0147,TRUE
D0148,FALSE
D0149,FALSE
D0150,FALSE
D0151,FALSE
D0152,FALSE
D0153,TRUE
D0154,FALSE
D0155,FALSE
D0156,TRUE
D0157,TRUE
D0158,TRUE
D0159,TRUE
D0160,TRUE
D0161,TRUE
D0162,FALSE
D0163,TRUE
D0164,TRUE
D0165,TRUE
D0166,FALSE
D0167,TRUE
D0168,FALSE
D0169,TRUE
D0170,TRUE
D0171,FALSE
D0172,FALSE
D0173,TRUE
D0174,TRUE
D0175,FALSE
D0176,FALSE
D0177,TRUE
D0178,TRUE
D0179,TRUE
D0180,FALSE
D0181,FALSE
D0182,FALSE
D0183,TRUE
D0184,FALSE
D0185,FALSE
D0186,TRUE
D0187,FALSE
D0188,FALSE
D0189,TRUE
D0190,FALSE
D0191,FALSE
D0192,TRUE
D0193,FALSE
D0194,TRUE
D0195,FALSE
D0196,FALSE
D0197,FALSE
D0198,FALSE
D0199,TRUE
D0200,FALSE
D0201,FALSE
D0202,TRUE
D0203,FALSE
D0204,TRUE
D0205,FALSE
D0206,TRUE
D0207,FALSE
D0208,FALSE
D0209,FALSE
D0210,TRUE
D0211,FALSE
D0212,TRUE
D0213,TRUE
D0214,TRUE
D0215,TRUE
D0216,TRUE
D0217,TRUE
D0218,FALSE
D0219,TRUE
D0220,TRUE
D0221,FALSE
D0222,TRUE
D0223,FALSE
D0224,TRUE
D0225,FALSE
D0226,FALSE
D0227,FALSE
D0228,FALSE
D0229,TRUE
D0230,FALSE
D0231,FALSE
D0232,FALSE
D0233,TRUE
D0234,FALSE
D0235,FALSE
D0236,FALSE
D0237,FALSE
D0238,FALSE
D0239,TRUE
D0240,FALSE
D0241,TRUE
D0242,TRUE
D0243,FALSE
D0244,FALSE
D0245,FALSE
D0246,TRUE
D0247,FALSE
D0248,TRUE
D0249,TRUE
D0250,TRUE
D0251,FALSE
D0252,TRUE
D0253,FALSE
D0254,TRUE
D0255,FALSE
D0256,TRUE
D0257,TRUE
D0258,FALSE
D0259,FALSE
D0260,FALSE
D0261,TRUE
D0262,FALSE
D0263,TRUE
D0264,FALSE
D0265,TRUE
D0266,FALSE
D0267,FALSE
D0268,FALSE
D0269,FALSE
D0270,FALSE
D0271,FALSE
D0272,TRUE
D0273,TRUE
D0274,TRUE
D0275,FALSE
D0276,TRUE
D0277,TRUE
D0278,FALSE
D0279,FALSE
D0280,FALSE
D0281,FALSE
D0282,FALSE
D0283,TRUE
D0284,FALSE
D0285,FALSE
D0286,FALSE
D0287,FALSE
D0288,FALSE
D0289,TRUE
D0290,FALSE
D0291,FALSE
D0292,FALSE
D0293,FALSE
D0294,FALSE
D0295,TRUE
D0296,TRUE
D0297,FALSE
D0298,TRUE
D0299,FALSE
D0300,TRUE
D0301,FALSE
D0302,TRUE
D0303,TRUE
D0304,FALSE
D0305,TRUE
D0306,TRUE
D0307,TRUE
D0308,TRUE
D0309,FALSE
D0310,TRUE
D0311,FALSE
D0312,FALSE
D0313,FALSE
D0314,FALSE
D0315,TRUE
D0316,FALSE
D0317,FALSE
D0318,FALSE
D0319,TRUE
D0320,TRUE
D0321,TRUE
D0322,FALSE
D0323,FALSE
D0324,TRUE
D0325,TRUE
D0326,TRUE
D0327,TRUE
D0328,FALSE
D0329,TRUE
D0330,TRUE
D0331,TRUE
D0332,TRUE
D0333,FALSE
D0334,TRUE
D0335,FALSE
D0336,TRUE
D0337,TRUE
D0338,FALSE
D0339,FALSE
D0340,TRUE
D0341,FALSE
D0342,FALSE
D0343,FALSE
D0344,FALSE
D0345,FALSE
D0346,TRUE
D0347,FALSE
D0348,TRUE
D0349,TRUE
D0350,FALSE
D0351,FALSE
D0352,TRUE
D0353,TRUE
D0354,FALSE
D0355,FALSE
D0356,TRUE
D0357,TRUE
D0358,FALSE
D0359,TRUE
D0360,TRUE
D0361,TRUE
D0362,FALSE
D0363,FALSE
D0364,FALSE
D0365,TRUE
D0366,FALSE
D0367,TRUE
D0368,TRUE
D0369,FALSE
D0370,FALSE
D0371,FALSE
D0372,FALSE
D0373,TRUE
D0374,TRUE
D0375,TRUE
D0376,TRUE
D0377,FALSE
D0378,FALSE
D0379,TRUE
D0380,TRUE
D0381,TRUE
D0382,TRUE
D0383,FALSE
D0384,FALSE
D0385,FALSE
D0386,FALSE
D0387,FALSE
D0388,TRUE
D0389,FALSE
D0390,FALSE
D0391,FALSE
D0392,FALSE
D0393,FALSE
D0394,TRUE
D0395,TRUE
D0396,FALSE
D0397,FALSE
D0398,TRUE
D0399,TRUE
D0400,TRUE
D0401,FALSE
D0402,FALSE
D0403,TRUE
D0404,TRUE
D0405,TRUE
D0406,FALSE
D0407,TRUE
D0408,FALSE
D0409,FALSE
D0410,FALSE
D0411,FALSE
D0412,FALSE
D0413,TRUE
D0414,TRUE
D0415,FALSE
D0416,FALSE
D0417,FALSE
D0418,FALSE
D0419,TRUE
D0420,TRUE
D0421,TRUE
D0422,FALSE
D0423,FALSE
D0424,TRUE
D0425,FALSE
D0426,TRUE
D0427,FALSE
D0428,TRUE
D0429,TRUE
D0430,FALSE
D0431,FALSE
D0432,FALSE
D0433,FALSE
D0434,TRUE
D0435,TRUE
D0436,FALSE
D0437,TRUE
D0438,TRUE
D0439,FALSE
D0440,FALSE
D0441,FALSE
D0442,FALSE
D0443,FALSE
D0444,TRUE
D0445,FALSE
D0446,TRUE
D0447,FALSE
D0448,FALSE
D0449,FALSE
D0450,FALSE
D0451,FALSE
D0452,TRUE
D0453,TRUE
D0454,FALSE
D0455,FALSE
D0456,TRUE
D0457,FALSE
D0458,FALSE
D0459,FALSE
D0460,TRUE
D0461,FALSE
D0462,FALSE
D0463,TRUE
D0464,TRUE
D0465,TRUE
D0466,FALSE
D0467,FALSE
D0468,FALSE
D0469,TRUE
D0470,TRUE
D0471,FALSE
D0472,TRUE
D0473,FALSE
D0474,FALSE
D0475,TRUE
D0476,TRUE
D0477,FALSE
D0478,FALSE
D0479,TRUE
D0480,TRUE
D0481,TRUE
D0482,FALSE
D0483,FALSE
D0484,TRUE
D0485,FALSE
D0486,TRUE
D0487,FALSE
D0488,FALSE
D0489,FALSE
D0490,FALSE
D0491,TRUE
D0492,FALSE
D0493,TRUE
D0494,TRUE
D0495,FALSE
D0496,FALSE
D0497,FALSE
D0498,TRUE
D0499,FALSE
D0500,FALSE
D0501,FALSE
D0502,TRUE
D0503,FALSE
D0504,TRUE
D0505,FALSE
D0506,TRUE
D0507,TRUE
D0508,FALSE
D0509,FALSE
D0510,FALSE
D0511,FALSE
D0512,TRUE
D0513,TRUE
D0514,FALSE
D0515,FALSE
D0516,TRUE
D0517,TRUE
D0518,FALSE
D0519,TRUE
D0520,FALSE
D0521,TRUE
D0522,FALSE
D0523,FALSE
D0524,TRUE
D0525,FALSE
D0526,FALSE
D0527,TRUE
D0528,FALSE
D0529,TRUE
D0530,FALSE
D0531,TRUE
D0532,TRUE
D0533,FALSE
D0534,FALSE
D0535,FALSE
D0536,FALSE
D0537,FALSE
D0538,TRUE
D0539,TRUE
D0540,TRUE
D0541,FALSE
D0542,FALSE
D0543,FALSE
D0544,TRUE
D0545,TRUE
D0546,TRUE
D0547,FALSE
D0548,TRUE
D0549,TRUE
D0550,TRUE
D0551,FALSE
D0552,TRUE
D0553,TRUE
D0554,TRUE
D0555,TRUE
D0556,FALSE
D0557,FALSE
D0558,FALSE
D0559,TRUE
D0560,FALSE
D0561,FALSE
D0562,FALSE
D0563,FALSE
D0564,TRUE
D0565,TRUE
D0566,FALSE
D0567,TRUE
D0568,FALSE
D0569,TRUE
D0570,FALSE
D0571,FALSE
D0572,TRUE
D0573,TRUE
D0574,FALSE
D0575,TRUE
D0576,FALSE
D0577,FALSE
D0578,FALSE
D0579,TRUE
D0580,FALSE
D0581,TRUE
D0582,FALSE
D0583,FALSE
D0584,FALSE
D0585,FALSE
D0586,FALSE
D0587,TRUE
D0588,TRUE
D0589,TRUE
D0590,FALSE
D0591,TRUE
D0592,FALSE
D0593,FALSE
D0594,FALSE
D0595,FALSE
D0596,FALSE
D0597,FALSE
D0598,FALSE
D0599,FALSE
D0600,FALSE
D0601,FALSE
D0602,FALSE
D0603,FALSE
D0604,FALSE
D0605,TRUE
D0606,TRUE
D0607,FALSE
D0608,FALSE
D0609,TRUE
D0610,FALSE
D0611,FALSE
D0612,FALSE
D0613,TRUE
D0614,TRUE
D0615,TRUE
D0616,FALSE
D0617,FALSE
D0618,FALSE
D0619,TRUE
D0620,FALSE
D0621,FALSE
D0622,TRUE
D0623,TRUE
D0624,TRUE
D0625,TRUE
D0626,TRUE
D0627,FALSE
D0628,TRUE
D0629,FALSE
D0630,TRUE
D0631,FALSE
D0632,FALSE
D0633,TRUE
D0634,FALSE
D0635,FALSE
D0636,FALSE
D0637,TRUE
D0638,TRUE
D0639,FALSE
D0640,TRUE
D0641,TRUE
D0642,FALSE
D0643,TRUE
D0644,FALSE
D0645,TRUE
D0646,FALSE
D0647,TRUE
D0648,FALSE
D0649,FALSE
D0650,FALSE
D0651,TRUE
D0652,TRUE
D0653,TRUE
D0654,TRUE
D0655,FALSE
D0656,FALSE
D0657,FALSE
D0658,TRUE
D0659,TRUE
D0660,TRUE
D0661,FALSE
D0662,TRUE
D0663,FALSE
D0664,FALSE
D0665,FALSE
D0666,FALSE
D0667,TRUE
D0668,FALSE
D0669,TRUE
D0670,TRUE
D0671,TRUE
D0672,FALSE
D0673,TRUE
D0674,FALSE
D0675,TRUE
D0676,TRUE
D0677,TRUE
D0678,FALSE
D0679,FALSE
D0680,FALSE
D0681,FALSE
D0682,FALSE
D0683,TRUE
D0684,FALSE
D0685,FALSE
D0686,FALSE
D0687,FALSE
D0688,FALSE
D0689,FALSE
D0690,TRUE
D0691,TRUE
D0692,TRUE
D0693,FALSE
D0694,FALSE
D0695,TRUE
D0696,FALSE
D0697,FALSE
D0698,FALSE
D0699,TRUE
D0700,TRUE
D0701,FALSE
D0702,FALSE
D0703,TRUE
D0704,FALSE
D0705,FALSE
D0706,TRUE
D0707,TRUE
D0708,FALSE
D0709,FALSE
D0710,FALSE
D0711,TRUE
D0712,TRUE
D0713,FALSE
D0714,TRUE
D0715,FALSE
D0716,TRUE
D0717,TRUE
D0718,TRUE
D0719,TRUE
D0720,TRUE
D0721,FALSE
D0722,TRUE
D0723,TRUE
D0724,FALSE
D0725,TRUE
D0726,FALSE
D0727,FALSE
D0728,FALSE
D0729,TRUE
D0730,FALSE
D0731,TRUE
D0732,FALSE
D0733,TRUE
D0734,TRUE
D0735,FALSE
D0736,TRUE
D0737,FALSE
D0738,TRUE
D0739,FALSE
D0740,FALSE
D0741,TRUE
D0742,TRUE
D0743,FALSE
D0744,FALSE
D0745,TRUE
D0746,TRUE
D0747,FALSE
D0748,TRUE
D0749,FALSE
D0750,FALSE
D0751,TRUE
D0752,FALSE
D0753,TRUE
D0754,TRUE
D0755,FALSE
D0756,FALSE
D0757,TRUE
D0758,FALSE
D0759,TRUE
D0760,TRUE
D0761,FALSE
D0762,FALSE
D0763,FALSE
D0764,TRUE
D0765,TRUE
D0766,TRUE
D0767,TRUE
D0768,TRUE
D0769,TRUE
D0770,TRUE
D0771,TRUE
D0772,FALSE
D0773,TRUE
D0774,TRUE
D0775,TRUE
D0776,FALSE
D0777,FALSE
D0778,FALSE
D0779,FALSE
D0780,FALSE
D0781,FALSE
D0782,FALSE
D0783,FALSE
D0784,TRUE
D0785,TRUE
D0786,FALSE
D0787,FALSE
D0788,TRUE
D0789,FALSE
D0790,FALSE
D0791,FALSE
D0792,FALSE
D0793,FALSE
D0794,FALSE
D0795,TRUE
D0796,FALSE
D0797,FALSE
D0798,FALSE
D0799,TRUE
D0800,FALSE
D0801,TRUE
D0802,TRUE
D0803,FALSE
D0804,FALSE
D0805,FALSE
D0806,TRUE
D0807,FALSE
D0808,FALSE
D0809,FALSE
D0810,TRUE
D0811,TRUE
D0812,FALSE
D0813,TRUE
D0814,FALSE
D0815,FALSE
D0816,FALSE
D0817,FALSE
D0818,TRUE
D0819,FALSE
D0820,TRUE
D0821,FALSE
D0822,FALSE
D0823,TRUE
D0824,TRUE
D0825,TRUE
D0826,TRUE
D0827,FALSE
D0828,FALSE
D0829,FALSE
D0830,TRUE
D0831,FALSE
D0832,TRUE
D0833,FALSE
D0834,FALSE
D0835,FALSE
D0836,FALSE
D0837,FALSE
D0838,TRUE
D0839,FALSE
D0840,TRUE
D0841,FALSE
D0842,TRUE
D0843,TRUE
D0844,FALSE
D0845,FALSE
D0846,FALSE
D0847,TRUE
D0848,TRUE
D0849,TRUE
D0850,TRUE
D0851,TRUE
D0852,FALSE
D0853,FALSE
D0854,TRUE
D0855,TRUE
D0856,FALSE
D0857,TRUE
D0858,FALSE
D0859,FALSE
D0860,FALSE
D0861,FALSE
D0862,FALSE
D0863,TRUE
D0864,TRUE
D0865,FALSE
D0866,TRUE
D0867,FALSE
D0868,FALSE
D0869,FALSE
D0870,FALSE
D0871,FALSE
D0872,FALSE
D0873,TRUE
D0874,TRUE
D0875,FALSE
D0876,FALSE
D0877,TRUE
D0878,TRUE
D0879,TRUE
D0880,FALSE
D0881,FALSE
D0882,FALSE
D0883,FALSE
D0884,FALSE
D0885,FALSE
D0886,FALSE
D0887,FALSE
D0888,TRUE
D0889,TRUE
D0890,FALSE
D0891,FALSE
D0892,TRUE
D0893,FALSE
D0894,FALSE
D0895,FALSE
D0896,FALSE
D0897,FALSE
D0898,FALSE
D0899,TRUE
D0900,TRUE
D0901,TRUE
D0902,TRUE
D0903,TRUE
D0904,FALSE
D0905,FALSE
D0906,FALSE
D0907,TRUE
D0908,TRUE
D0909,TRUE
D0910,TRUE
D0911,TRUE
D0912,FALSE
D0913,FALSE
D0914,FALSE
D0915,TRUE
D0916,FALSE
D0917,TRUE
D0918,FALSE
D0919,TRUE
D0920,TRUE
D0921,FALSE
D0922,FALSE
D0923,TRUE
D0924,TRUE
D0925,TRUE
D0926,FALSE
D0927,TRUE
D0928,FALSE
D0929,FALSE
D0930,FALSE
D0931,FALSE
D0932,FALSE
D0933,FALSE
D0934,FALSE
D0935,FALSE
D0936,FALSE
D0937,FALSE
D0938,FALSE
D0939,TRUE
D0940,FALSE
D0941,TRUE
D0942,FALSE
D0943,TRUE
D0944,FALSE
D0945,TRUE
D0946,TRUE
D0947,FALSE
D0948,FALSE
D0949,FALSE
D0950,FALSE
D0951,TRUE
D0952,TRUE
D0953,FALSE
D0954,FALSE
D0955,FALSE
D0956,TRUE
D0957,TRUE
D0958,TRUE
D0959,TRUE
D0960,FALSE
D0961,FALSE
D0962,FALSE
D0963,FALSE
D0964,FALSE
D0965,FALSE
D0966,TRUE
D0967,FALSE
D0968,TRUE
D0969,TRUE
D0970,FALSE
D0971,TRUE
D0972,FALSE
D0973,FALSE
D0974,TRUE
D0975,TRUE
D0976,TRUE
D0977,FALSE
D0978,FALSE
D0979,TRUE
D0980,FALSE
D0981,FALSE
D0982,TRUE
D0983,TRUE
D0984,FALSE
D0985,FALSE
D0986,TRUE
D0987,FALSE
D0988,FALSE
D0989,TRUE
D0990,TRUE
D0991,FALSE
D0992,FALSE
D0993,FALSE
D0994,FALSE
D0995,FALSE
D0996,TRUE
D0997,FALSE
D0998,FALSE
D0999,FALSE
D1000,TRUE
D1001,FALSE
D1002,TRUE
D1003,TRUE
D1004,FALSE
D1005,FALSE
D1006,FALSE
D1007,FALSE
D1008,TRUE
D1009,TRUE
D1010,TRUE
D1011,FALSE
D1012,FALSE
D1013,FALSE
D1014,FALSE
D1015,FALSE
D1016,TRUE
D1017,FALSE
D1018,TRUE
D1019,TRUE
D1020,TRUE
D1021,TRUE
D1022,TRUE
D1023,FALSE
D1024,FALSE
D1025,TRUE
D1026,FALSE
D1027,FALSE
D1028,FALSE
D1029,TRUE
D1030,TRUE
D1031,FALSE
D1032,FALSE
D1033,FALSE
D1034,TRUE
D1035,FALSE
D1036,TRUE
D1037,FALSE
D1038,FALSE
D1039,TRUE
D1040,TRUE
D1041,TRUE
D1042,FALSE
D1043,FALSE
D1044,FALSE
D1045,FALSE
D1046,FALSE
D1047,TRUE
D1048,FALSE
D1049,FALSE
D1050,FALSE
D1051,FALSE
D1052,FALSE
D1053,FALSE
D1054,FALSE
D1055,FALSE
D1056,FALSE
D1057,FALSE
D1058,TRUE
D1059,FALSE
D1060,FALSE
D1061,TRUE
D1062,FALSE
D1063,FALSE
D1064,FALSE
D1065,TRUE
D1066,FALSE
D1067,TRUE
D1068,FALSE
D1069,TRUE
D1070,TRUE
D1071,FALSE
D1072,FALSE
D1073,FALSE
D1074,FALSE
D1075,FALSE
D1076,TRUE
D1077,FALSE
D1078,TRUE
D1079,FALSE
D1080,FALSE
D1081,TRUE
D1082,FALSE
D1083,FALSE
D1084,TRUE
D1085,FALSE
D1086,FALSE
D1087,FALSE
D1088,FALSE
D1089,FALSE
D1090,FALSE
D1091,TRUE
D1092,FALSE
D1093,FALSE
D1094,FALSE
D1095,FALSE
D1096,FALSE
D1097,TRUE
D1098,TRUE
D1099,FALSE
D1100,FALSE
D1101,FALSE
D1102,FALSE
D1103,FALSE
D1104,FALSE
D1105,FALSE
D1106,TRUE
D1107,FALSE
D1108,TRUE
D1109,TRUE
D1110,FALSE
D1111,FALSE
D1112,FALSE
D1113,TRUE
D1114,TRUE
D1115,TRUE
D1116,TRUE
D1117,FALSE
D1118,FALSE
D1119,TRUE
D1120,TRUE
D1121,TRUE
D1122,FALSE
D1123,FALSE
D1124,TRUE
D1125,TRUE
D1126,FALSE
D1127,FALSE
D1128,FALSE
D1129,FALSE
D1130,TRUE
D1131,TRUE
D1132,FALSE
D1133,FALSE
D1134,FALSE
D1135,TRUE
D1136,TRUE
D1137,TRUE
D1138,TRUE
D1139,TRUE
D1140,TRUE
D1141,TRUE
D1142,FALSE
D1143,FALSE
D1144,TRUE
D1145,FALSE
D1146,FALSE
D1147,FALSE
D1148,FALSE
D1149,FALSE
D1150,FALSE
D1151,TRUE
D1152,TRUE
D1153,TRUE
D1154,FALSE
D1155,TRUE
D1156,FALSE
D1157,TRUE
D1158,TRUE
D1159,FALSE
D1160,FALSE
D1161,TRUE
D1162,FALSE
D1163,TRUE
D1164,TRUE
D1165,FALSE
D1166,TRUE
D1167,FALSE
D1168,TRUE
D1169,TRUE
D1170,FALSE
D1171,FALSE
D1172,FALSE
D1173,TRUE
D1174,FALSE
D1175,TRUE
D1176,TRUE
D1177,TRUE
D1178,TRUE
D1179,TRUE
D1180,TRUE
D1181,TRUE
D1182,TRUE
D1183,FALSE
D1184,TRUE
D1185,TRUE
D1186,FALSE
D1187,FALSE
D1188,FALSE
D1189,TRUE
D1190,TRUE
D1191,FALSE
D1192,FALSE
D1193,TRUE
D1194,TRUE
D1195,FALSE
D1196,FALSE
D1197,FALSE
D1198,TRUE
D1199,FALSE
D1200,TRUE
D1201,FALSE
D1202,TRUE
D1203,TRUE
D1204,FALSE
D1205,FALSE
D1206,TRUE
D1207,FALSE
D1208,FALSE
D1209,TRUE
D1210,TRUE
D1211,FALSE
D1212,TRUE
D1213,FALSE
D1214,FALSE
D1215,FALSE
D1216,TRUE
D1217,FALSE
D1218,FALSE
D1219,FALSE
D1220,FALSE
D1221,FALSE
D1222,FALSE
D1223,FALSE
D1224,FALSE
D1225,TRUE
D1226,FALSE
D1227,FALSE
D1228,TRUE
D1229,FALSE
D1230,TRUE
D1231,FALSE
D1232,FALSE
D1233,FALSE
D1234,FALSE
D1235,FALSE
D1236,FALSE
D1237,TRUE
D1238,TRUE
D1239,FALSE
D1240,FALSE
D1241,FALSE
D1242,TRUE
D1243,TRUE
D1244,FALSE
D1245,FALSE
D1246,FALSE
D1247,TRUE
D1248,TRUE
D1249,FALSE
D1250,TRUE
D1251,TRUE
D1252,TRUE
D1253,FALSE
D1254,FALSE
D1255,FALSE
D1256,TRUE
D1257,FALSE
D1258,FALSE
D1259,TRUE
D1260,TRUE
D1261,FALSE
D1262,TRUE
D1263,TRUE
D1264,FALSE
D1265,TRUE
D1266,FALSE
D1267,TRUE
D1268,FALSE
D1269,FALSE
D1270,FALSE
D1271,FALSE
D1272,TRUE
D1273,TRUE
D1274,TRUE
D1275,FALSE
D1276,FALSE
D1277,TRUE
D1278,FALSE
D1279,FALSE
D1280,TRUE
D1281,FALSE
D1282,FALSE
D1283,FALSE
D1284,TRUE
D1285,TRUE
D1286,FALSE
D1287,FALSE
D1288,FALSE
D1289,FALSE
D1290,FALSE
D1291,TRUE
D1292,FALSE
D1293,FALSE
D1294,FALSE
D1295,FALSE
D1296,TRUE
D1297,FALSE
D1298,FALSE
D1299,TRUE
D1300,FALSE
D1301,TRUE
D1302,FALSE
D1303,TRUE
D1304,FALSE
D1305,TRUE
D1306,TRUE
D1307,TRUE
D1308,TRUE
D1309,FALSE
D1310,TRUE
D1311,FALSE
D1312,FALSE
D1313,FALSE
D1314,TRUE
D1315,FALSE
D1316,TRUE
D1317,TRUE
D1318,FALSE
D1319,FALSE
D1320,TRUE
D1321,FALSE
D1322,FALSE
D1323,TRUE
D1324,FALSE
D1325,FALSE
D1326,FALSE
D1327,FALSE
D1328,TRUE
D1329,TRUE
D1330,FALSE
D1331,FALSE
D1332,FALSE
D1333,FALSE
D1334,FALSE
D1335,FALSE
D1336,FALSE
D1337,FALSE
D1338,TRUE
D1339,FALSE
D1340,FALSE
D1341,FALSE
D1342,FALSE
D1343,FALSE
D1344,TRUE
D1345,FALSE
D1346,TRUE
D1347,FALSE
D1348,FALSE
D1349,FALSE
D1350,TRUE
D1351,FALSE
D1352,FALSE
D1353,TRUE
D1354,TRUE
D1355,FALSE
D1356,FALSE
D1357,FALSE
D1358,FALSE
D1359,FALSE
D1360,FALSE
D1361,FALSE
D1362,FALSE
D1363,TRUE
D1364,FALSE
D1365,FALSE
D1366,FALSE
D1367,TRUE
D1368,FALSE
D1369,FALSE
D1370,FALSE
D1371,FALSE
D1372,TRUE
D1373,FALSE
D1374,FALSE
D1375,FALSE
D1376,FALSE
D1377,FALSE
D1378,FALSE
D1379,TRUE
D1380,FALSE
D1381,TRUE
D1382,FALSE
D1383,TRUE
D1384,FALSE
D1385,TRUE
D1386,TRUE
D1387,FALSE
D1388,FALSE
D1389,TRUE
D1390,TRUE
D1391,TRUE
D1392,FALSE
D1393,FALSE
D1394,TRUE
D1395,FALSE
D1396,FALSE
D1397,FALSE
D1398,FALSE
D1399,TRUE
D1400,FALSE
D1401,TRUE
D1402,TRUE
D1403,FALSE
D1404,FALSE
D1405,TRUE
D1406,TRUE
D1407,TRUE
D1408,FALSE
D1409,FALSE
D1410,FALSE
D1411,TRUE
D1412,TRUE
D1413,FALSE
D1414,TRUE
D1415,TRUE
D1416,TRUE
D1417,TRUE
D1418,FALSE
D1419,FALSE
D1420,FALSE
D1421,FALSE
D1422,TRUE
D1423,TRUE
D1424,FALSE
D1425,FALSE
D1426,TRUE
D1427,FALSE
D1428,TRUE
D1429,FALSE
D1430,TRUE
D1431,TRUE
D1432,TRUE
D1433,FALSE
D1434,FALSE
D1435,TRUE
D1436,TRUE
D1437,FALSE
D1438,FALSE
D1439,FALSE
D1440,FALSE
D1441,FALSE
D1442,TRUE
D1443,FALSE
D1444,FALSE
D1445,TRUE
D1446,FALSE
D1447,FALSE
D1448,FALSE
D1449,FALSE
D1450,FALSE
D1451,FALSE
D1452,TRUE
D1453,FALSE
D1454,TRUE
D1455,FALSE
D1456,FALSE
D1457,FALSE
D1458,FALSE
D1459,FALSE
D1460,FALSE
D1461,FALSE
D1462,TRUE
D1463,TRUE
D1464,FALSE
D1465,FALSE
D1466,FALSE
D1467,TRUE
D1468,FALSE
D1469,FALSE
D1470,TRUE
D1471,FALSE
D1472,FALSE
D1473,FALSE
D1474,FALSE
D1475,FALSE
D1476,FALSE
D1477,TRUE
D1478,FALSE
D1479,FALSE
D1480,FALSE
D1481,TRUE
D1482,FALSE
D1483,TRUE
D1484,FALSE
D1485,FALSE
D1486,FALSE
D1487,TRUE
D1488,FALSE
D1489,FALSE
D1490,TRUE
D1491,TRUE
D1492,FALSE
D1493,TRUE
D1494,FALSE
D1495,TRUE
D1496,TRUE
D1497,FALSE
D1498,TRUE
D1499,TRUE
D1500,FALSE
D1501,TRUE
D1502,FALSE
D1503,FALSE
D1504,FALSE
D1505,FALSE
D1506,FALSE
D1507,TRUE
D1508,TRUE
D1509,TRUE
D1510,TRUE
D1511,TRUE
D1512,TRUE
D1513,FALSE
D1514,FALSE
D1515,FALSE
D1516,TRUE
D1517,FALSE
D1518,FALSE
D1519,FALSE
D1520,FALSE
D1521,TRUE
D1522,TRUE
D1523,FALSE
D1524,TRUE
D1525,FALSE
D1526,TRUE
D1527,FALSE
D1528,FALSE
D1529,FALSE
D1530,FALSE
D1531,TRUE
D1532,TRUE
D1533,FALSE
D1534,TRUE
D1535,FALSE
D1536,TRUE
D1537,FALSE
D1538,FALSE
D1539,FALSE
D1540,FALSE
D1541,FALSE
D1542,FALSE
D1543,TRUE
D1544,FALSE
D1545,FALSE
D1546,FALSE
D1547,FALSE
D1548,TRUE
D1549,TRUE
D1550,FALSE
D1551,FALSE
D1552,FALSE
D1553,TRUE
D1554,TRUE
D1555,FALSE
D1556,TRUE
D1557,FALSE
D1558,FALSE
D1559,FALSE
D1560,FALSE
D1561,TRUE
D1562,FALSE
D1563,TRUE
D1564,FALSE
D1565,FALSE
D1566,TRUE
D1567,FALSE
D1568,FALSE
D1569,FALSE
D1570,FALSE
D1571,TRUE
D1572,FALSE
D1573,TRUE
D1574,FALSE
D1575,FALSE
D1576,FALSE
D1577,FALSE
D1578,TRUE
D1579,TRUE
D1580,TRUE
D1581,TRUE
D1582,TRUE
D1583,FALSE
D1584,FALSE
D1585,FALSE
D1586,FALSE
D1587,TRUE
D1588,FALSE
D1589,FALSE
D1590,TRUE
D1591,TRUE
D1592,TRUE
D1593,FALSE
D1594,FALSE
D1595,FALSE
D1596,FALSE
D1597,FALSE
D1598,TRUE
D1599,FALSE
D1600,FALSE
D1601,TRUE
D1602,TRUE
D1603,TRUE
D1604,FALSE
D1605,FALSE
D1606,FALSE
D1607,TRUE
D1608,TRUE
D1609,TRUE
D1610,TRUE
D1611,FALSE
D1612,FALSE
D1613,TRUE
D1614,FALSE
D1615,TRUE
D1616,FALSE
D1617,FALSE
D1618,TRUE
D1619,TRUE
D1620,FALSE
D1621,TRUE
D1622,FALSE
D1623,FALSE
D1624,FALSE
D1625,TRUE
D1626,TRUE
D1627,FALSE
D1628,FALSE
D1629,TRUE
D1630,FALSE
D1631,FALSE
D1632,FALSE
D1633,TRUE
D1634,TRUE
D1635,TRUE
D1636,FALSE
D1637,FALSE
D1638,FALSE
D1639,FALSE
D1640,FALSE
D1641,TRUE
D1642,TRUE
D1643,FALSE
D1644,FALSE
D1645,TRUE
D1646,TRUE
D1647,FALSE
D1648,FALSE
D1649,TRUE
D1650,FALSE
D1651,FALSE
D1652,FALSE
D1653,FALSE
D1654,TRUE
D1655,TRUE
D1656,TRUE
D1657,TRUE
D1658,FALSE
D1659,FALSE
D1660,FALSE
D1661,FALSE
D1662,TRUE
D1663,FALSE
D1664,TRUE
D1665,TRUE
D1666,FALSE
D1667,FALSE
D1668,FALSE
D1669,FALSE
D1670,TRUE
D1671,FALSE
D1672,TRUE
D1673,FALSE
D1674,FALSE
D1675,TRUE
D1676,FALSE
D1677,FALSE
D1678,FALSE
D1679,FALSE
D1680,FALSE
D1681,FALSE
D1682,FALSE
D1683,TRUE
D1684,TRUE
D1685,TRUE
D1686,FALSE
D1687,FALSE
D1688,FALSE
D1689,TRUE
D1690,FALSE
D1691,FALSE
D1692,FALSE
D1693,TRUE
D1694,FALSE
D1695,FALSE
D1696,TRUE
D1697,FALSE
D1698,TRUE
D1699,TRUE
D1700,FALSE
D1701,FALSE
D1702,FALSE
D1703,TRUE
D1704,TRUE
D1705,TRUE
D1706,FALSE
D1707,FALSE
D1708,TRUE
D1709,TRUE
D1710,TRUE
D1711,TRUE
D1712,FALSE
D1713,TRUE
D1714,FALSE
D1715,FALSE
D1716,FALSE
D1717,TRUE
D1718,FALSE
D1719,FALSE
D1720,FALSE
D1721,FALSE
D1722,TRUE
D1723,FALSE
D1724,FALSE
D1725,FALSE
D1726,TRUE
D1727,TRUE
D1728,FALSE
D1729,TRUE
D1730,FALSE
D1731,FALSE
D1732,TRUE
D1733,FALSE
D1734,TRUE
D1735,FALSE
D1736,TRUE
D1737,FALSE
D1738,FALSE
D1739,TRUE
D1740,TRUE
D1741,TRUE
D1742,FALSE
D1743,FALSE
D1744,FALSE
D1745,TRUE
D1746,TRUE
D1747,FALSE
D1748,FALSE
D1749,FALSE
D1750,FALSE
D1751,TRUE
D1752,FALSE
D1753,TRUE
D1754,FALSE
D1755,TRUE
D1756,FALSE
D1757,TRUE
D1758,FALSE
D1759,FALSE
D1760,FALSE
D1761,FALSE
D1762,TRUE
D1763,FALSE
D1764,FALSE
D1765,TRUE
D1766,TRUE
D1767,FALSE
D1768,FALSE
D1769,TRUE
D1770,TRUE
D1771,FALSE
D1772,TRUE
D1773,FALSE
D1774,TRUE
D1775,FALSE
D1776,TRUE
D1777,FALSE
D1778,FALSE
D1779,FALSE
D1780,TRUE
D1781,TRUE
D1782,TRUE
D1783,FALSE
D1784,TRUE
D1785,FALSE
D1786,FALSE
D1787,TRUE
D1788,TRUE
D1789,FALSE
D1790,FALSE
D1791,FALSE
D1792,FALSE
D1793,FALSE
D1794,FALSE
D1795,FALSE
D1796,TRUE
D1797,FALSE
D1798,TRUE
D1799,FALSE
D1800,TRUE
D1801,TRUE
D1802,FALSE
D1803,TRUE
D1804,FALSE
D1805,TRUE
D1806,TRUE
D1807,FALSE
D1808,FALSE
D1809,FALSE
D1810,TRUE
D1811,TRUE
D1812,FALSE
D1813,FALSE
D1814,TRUE
D1815,TRUE
D1816,FALSE
D1817,FALSE
D1818,TRUE
D1819,FALSE
D1820,FALSE
D1821,TRUE
D1822,FALSE
D1823,FALSE
D1824,FALSE
D1825,FALSE
D1826,FALSE
D1827,TRUE
D1828,TRUE
D1829,FALSE
D1830,TRUE
D1831,FALSE
D1832,FALSE
D1833,FALSE
D1834,TRUE
D1835,FALSE
D1836,TRUE
D1837,FALSE
D1838,FALSE
D1839,FALSE
D1840,FALSE
D1841,TRUE
D1842,FALSE
D1843,FALSE
D1844,FALSE
D1845,FALSE
D1846,TRUE
D1847,FALSE
D1848,FALSE
D1849,TRUE
D1850,FALSE
D1851,TRUE
D1852,TRUE
D1853,FALSE
D1854,TRUE
D1855,FALSE
D1856,TRUE
D1857,TRUE
D1858,TRUE
D1859,FALSE
D1860,TRUE
D1861,TRUE
D1862,FALSE
D1863,TRUE
D1864,TRUE
D1865,TRUE
D1866,TRUE
D1867,FALSE
D1868,FALSE
D1869,FALSE
D1870,FALSE
D1871,TRUE
D1872,FALSE
D1873,FALSE
D1874,FALSE
D1875,TRUE
D1876,FALSE
D1877,TRUE
D1878,FALSE
D1879,FALSE
D1880,FALSE
D1881,FALSE
D1882,FALSE
D1883,TRUE
D1884,FALSE
D1885,FALSE
D1886,TRUE
D1887,FALSE
D1888,FALSE
D1889,TRUE
D1890,FALSE
D1891,FALSE
D1892,FALSE
D1893,FALSE
D1894,TRUE
D1895,TRUE
D1896,TRUE
D1897,FALSE
D1898,FALSE
D1899,TRUE
D1900,FALSE
D1901,FALSE
D1902,TRUE
D1903,TRUE
D1904,FALSE
D1905,TRUE
D1906,FALSE
D1907,FALSE
D1908,FALSE
D1909,TRUE
D1910,FALSE
D1911,TRUE
D1912,FALSE
D1913,FALSE
D1914,TRUE
D1915,TRUE
D1916,FALSE
D1917,FALSE
D1918,TRUE
D1919,TRUE
D1920,FALSE
D1921,FALSE
D1922,FALSE
D1923,FALSE
D1924,FALSE
D1925,TRUE
D1926,FALSE
D1927,FALSE
D1928,TRUE
D1929,FALSE
D1930,TRUE
D1931,FALSE
D1932,FALSE
D1933,FALSE
D1934,TRUE
D1935,FALSE
D1936,TRUE
D1937,FALSE
D1938,FALSE
D1939,FALSE
D1940,FALSE
D1941,FALSE
D1942,FALSE
D1943,FALSE
D1944,TRUE
D1945,TRUE
D1946,FALSE
D1947,TRUE
D1948,FALSE
D1949,FALSE
D1950,FALSE
D1951,FALSE
D1952,FALSE
D1953,FALSE
D1954,FALSE
D1955,TRUE
D1956,FALSE
D1957,FALSE
D1958,FALSE
D1959,FALSE
D1960,FALSE
D1961,TRUE
D1962,FALSE
D1963,TRUE
D1964,FALSE
D1965,TRUE
D1966,TRUE
D1967,FALSE
D1968,TRUE
D1969,TRUE
D1970,FALSE
D1971,FALSE
D1972,TRUE
D1973,TRUE
D1974,FALSE
D1975,FALSE
D1976,FALSE
D1977,FALSE
D1978,TRUE
D1979,TRUE
D1980,FALSE
D1981,FALSE
D1982,FALSE
D1983,FALSE
D1984,TRUE
D1985,FALSE
D1986,FALSE
D1987,FALSE
D1988,TRUE
D1989,TRUE
D1990,FALSE
D1991,FALSE
D1992,FALSE
D1993,FALSE
D1994,TRUE
D1995,FALSE
D1996,FALSE
D1997,FALSE
D1998,TRUE
D1999,FALSE
D2000,TRUE
D2001,FALSE
D2002,TRUE
D2003,FALSE
D2004,FALSE
D2005,FALSE
D2006,TRUE
D2007,TRUE
D2008,FALSE
D2009,FALSE
D2010,FALSE
D2011,FALSE
D2012,TRUE
D2013,TRUE
D2014,FALSE
D2015,FALSE
D2016,TRUE
D2017,FALSE
D2018,FALSE
D2019,FALSE
D2020,TRUE
D2021,FALSE
D2022,TRUE
D2023,TRUE
D2024,FALSE
D2025,FALSE
D2026,FALSE
D2027,TRUE
D2028,TRUE
D2029,TRUE
D2030,FALSE
D2031,FALSE
D2032,TRUE
D2033,FALSE
D2034,FALSE
D2035,FALSE
D2036,TRUE
D2037,TRUE
D2038,FALSE
D2039,TRUE
D2040,FALSE
D2041,FALSE
D2042,FALSE
D2043,FALSE
D2044,FALSE
D2045,TRUE
D2046,TRUE
D2047,FALSE
D2048,FALSE
D2049,FALSE
D2050,TRUE
D2051,TRUE
D2052,TRUE
D2053,FALSE
D2054,FALSE
D2055,TRUE
D2056,FALSE
D2057,FALSE
D2058,TRUE
D2059,FALSE
D2060,FALSE
D2061,TRUE
D2062,FALSE
D2063,TRUE
D2064,FALSE
D2065,FALSE
D2066,FALSE
D2067,FALSE
D2068,FALSE
D2069,FALSE
D2070,TRUE
D2071,FALSE
D2072,FALSE
D2073,TRUE
D2074,FALSE
D2075,FALSE
D2076,FALSE
D2077,FALSE
D2078,TRUE
D2079,FALSE
D2080,FALSE
D2081,FALSE
D2082,TRUE
D2083,FALSE
D2084,TRUE
D2085,FALSE
D2086,FALSE
D2087,TRUE
D2088,FALSE
D2089,FALSE
D2090,FALSE
D2091,FALSE
D2092,FALSE
D2093,FALSE
D2094,TRUE
D2095,FALSE
D2096,FALSE
D2097,TRUE
D2098,FALSE
D2099,TRUE
D2100,FALSE
D2101,FALSE
D2102,FALSE
D2103,TRUE
D2104,FALSE
D2105,FALSE
D2106,FALSE
D2107,FALSE
D2108,FALSE
D2109,FALSE
D2110,TRUE
D2111,FALSE
D2112,TRUE
D2113,FALSE
D2114,TRUE
D2115,FALSE
D2116,TRUE
D2117,TRUE
D2118,FALSE
D2119,TRUE
D2120,FALSE
D2121,TRUE
D2122,TRUE
D2123,FALSE
D2124,TRUE
D2125,FALSE
D2126,TRUE
D2127,FALSE
D2128,FALSE
D2129,FALSE
D2130,FALSE
D2131,FALSE
D2132,FALSE
D2133,FALSE
D2134,TRUE
D2135,TRUE
D2136,FALSE
D2137,FALSE
D2138,FALSE
D2139,FALSE
D2140,FALSE
D2141,TRUE
D2142,TRUE
D2143,TRUE
D2144,FALSE
D2145,TRUE
D2146,FALSE
D2147,FALSE
D2148,TRUE
D2149,TRUE
D2150,TRUE
D2151,FALSE
D2152,TRUE
D2153,FALSE
D2154,TRUE
D2155,TRUE
D2156,FALSE
D2157,TRUE
D2158,FALSE
D2159,TRUE
D2160,FALSE
D2161,TRUE
D2162,FALSE
D2163,FALSE
D2164,FALSE
D2165,FALSE
D2166,FALSE
D2167,FALSE
D2168,TRUE
D2169,FALSE
D2170,FALSE
D2171,FALSE
D2172,FALSE
D2173,TRUE
D2174,FALSE
D2175,TRUE
D2176,FALSE
D2177,TRUE
D2178,TRUE
D2179,TRUE
D2180,TRUE
D2181,FALSE
D2182,TRUE
D2183,FALSE
D2184,FALSE
D2185,TRUE
D2186,TRUE
D2187,FALSE
D2188,TRUE
D2189,FALSE
D2190,TRUE
D2191,FALSE
D2192,TRUE
D2193,TRUE
D2194,FALSE
D2195,FALSE
D2196,FALSE
D2197,FALSE
D2198,FALSE
D2199,TRUE
D2200,FALSE
D2201,TRUE
D2202,FALSE
D2203,TRUE
D2204,TRUE
D2205,FALSE
D2206,FALSE
D2207,TRUE
D2208,FALSE
D2209,FALSE
D2210,FALSE
D2211,FALSE
D2212,FALSE
D2213,FALSE
D2214,TRUE
D2215,TRUE
D2216,TRUE
D2217,TRUE
D2218,TRUE
D2219,FALSE
D2220,TRUE
D2221,TRUE
D2222,TRUE
D2223,TRUE
D2224,FALSE
D2225,FALSE
D2226,FALSE
D2227,FALSE
D2228,TRUE
D2229,TRUE
D2230,FALSE
D2231,FALSE
D2232,TRUE
D2233,TRUE
D2234,TRUE
D2235,FALSE
D2236,FALSE
D2237,FALSE
D2238,TRUE
D2239,TRUE
D2240,FALSE
D2241,FALSE
D2242,TRUE
D2243,TRUE
D2244,TRUE
D2245,FALSE
D2246,FALSE
D2247,TRUE
D2248,TRUE
D2249,FALSE
D2250,FALSE
D2251,FALSE
D2252,FALSE
D2253,FALSE
D2254,FALSE
D2255,FALSE
D2256,FALSE
D2257,FALSE
D2258,FALSE
D2259,FALSE
D2260,TRUE
D2261,FALSE
D2262,TRUE
D2263,TRUE
D2264,FALSE
D2265,TRUE
D2266,FALSE
D2267,FALSE
D2268,TRUE
D2269,TRUE
D2270,TRUE
D2271,FALSE
D2272,TRUE
D2273,TRUE
D2274,FALSE
D2275,FALSE
D2276,FALSE
D2277,TRUE
D2278,TRUE
D2279,FALSE
D2280,TRUE
D2281,FALSE
D2282,FALSE
D2283,FALSE
D2284,FALSE
D2285,TRUE
D2286,FALSE
D2287,TRUE
D2288,FALSE
D2289,FALSE
D2290,TRUE
D2291,FALSE
D2292,FALSE
D2293,TRUE
D2294,FALSE
D2295,TRUE
D2296,FALSE
D2297,FALSE
D2298,FALSE
D2299,FALSE
D2300,TRUE
D2301,TRUE
D2302,FALSE
D2303,FALSE
D2304,FALSE
D2305,FALSE
D2306,TRUE
D2307,FALSE
D2308,TRUE
D2309,FALSE
D2310,TRUE
D2311,FALSE
D2312,FALSE
D2313,TRUE
D2314,TRUE
D2315,TRUE
D2316,TRUE
D2317,FALSE
D2318,TRUE
D2319,FALSE
D2320,FALSE
D2321,FALSE
D2322,FALSE
D2323,FALSE
D2324,TRUE
D2325,FALSE
D2326,FALSE
D2327,TRUE
D2328,TRUE
D2329,TRUE
D2330,FALSE
D2331,FALSE
D2332,FALSE
D2333,TRUE
D2334,FALSE
D2335,FALSE
D2336,TRUE
D2337,FALSE
D2338,TRUE
D2339,TRUE
D2340,FALSE
D2341,FALSE
D2342,FALSE
D2343,TRUE
D2344,FALSE
D2345,TRUE
D2346,TRUE
D2347,FALSE
D2348,TRUE
D2349,TRUE
D2350,TRUE
D2351,TRUE
D2352,TRUE
D2353,FALSE
D2354,FALSE
D2355,FALSE
D2356,FALSE
D2357,FALSE
D2358,FALSE
D2359,FALSE
D2360,TRUE
D2361,FALSE
D2362,FALSE
D2363,TRUE
D2364,FALSE
D2365,TRUE
D2366,FALSE
D2367,FALSE
D2368,TRUE
D2369,FALSE
D2370,TRUE
D2371,TRUE
D2372,FALSE
D2373,FALSE
D2374,TRUE
D2375,FALSE
D2376,FALSE
D2377,FALSE
D2378,TRUE
D2379,FALSE
D2380,FALSE
D2381,FALSE
D2382,FALSE
D2383,TRUE
D2384,FALSE
D2385,FALSE
D2386,FALSE
D2387,FALSE
D2388,FALSE
D2389,FALSE
D2390,FALSE
D2391,FALSE
D2392,FALSE
D2393,FALSE
D2394,FALSE
D2395,TRUE
D2396,FALSE
D2397,FALSE
D2398,FALSE
D2399,FALSE
D2400,FALSE
D2401,TRUE
D2402,FALSE
D2403,FALSE
D2404,FALSE
D2405,FALSE
D2406,TRUE
D2407,TRUE
D2408,FALSE
D2409,FALSE
D2410,FALSE
D2411,TRUE
D2412,FALSE
D2413,FALSE
D2414,FALSE
D2415,TRUE
D2416,TRUE
D2417,FALSE
D2418,TRUE
D2419,TRUE
D2420,TRUE
D2421,FALSE
D2422,TRUE
D2423,TRUE
D2424,TRUE
D2425,TRUE
D2426,FALSE
D2427,FALSE
D2428,FALSE
D2429,TRUE
D2430,FALSE
D2431,FALSE
D2432,FALSE
D2433,FALSE
D2434,FALSE
D2435,TRUE
D2436,FALSE
D2437,TRUE
D2438,FALSE
D2439,TRUE
D2440,TRUE
D2441,TRUE
D2442,FALSE
D2443,FALSE
D2444,FALSE
D2445,FALSE
D2446,TRUE
D2447,FALSE
D2448,FALSE
D2449,TRUE
D2450,FALSE
D2451,TRUE
D2452,FALSE
D2453,TRUE
D2454,FALSE
D2455,FALSE
D2456,TRUE
D2457,TRUE
D2458,TRUE
D2459,FALSE
D2460,FALSE
D2461,FALSE
D2462,FALSE
D2463,FALSE
D2464,TRUE
D2465,TRUE
D2466,FALSE
D2467,TRUE
D2468,TRUE
D2469,FALSE
D2470,FALSE
D2471,TRUE
D2472,FALSE
D2473,FALSE
D2474,FALSE
D2475,TRUE
D2476,TRUE
D2477,FALSE
D2478,FALSE
D2479,TRUE
D2480,TRUE
D2481,FALSE
D2482,TRUE
D2483,TRUE
D2484,TRUE
D2485,TRUE
D2486,FALSE
D2487,TRUE
D2488,FALSE
D2489,FALSE
D2490,TRUE
D2491,TRUE
D2492,TRUE
D2493,TRUE
D2494,FALSE
D2495,FALSE
D2496,FALSE
D2497,TRUE
D2498,TRUE
D2499,TRUE
D2500,TRUE
D2501,TRUE
D2502,TRUE
D2503,TRUE
D2504,TRUE
D2505,FALSE
D2506,TRUE
D2507,FALSE
D2508,FALSE
D2509,TRUE
D2510,TRUE
D2511,FALSE
D2512,FALSE
D2513,FALSE
D2514,TRUE
D2515,TRUE
D2516,FALSE
D2517,FALSE
D2518,FALSE
D2519,FALSE
D2520,TRUE
D2521,FALSE
D2522,FALSE
D2523,FALSE
D2524,TRUE
D2525,TRUE
D2526,TRUE
D2527,FALSE
D2528,TRUE
D2529,FALSE
D2530,FALSE
D2531,FALSE
D2532,FALSE
D2533,FALSE
D2534,TRUE
D2535,TRUE
D2536,FALSE
D2537,FALSE
D2538,FALSE
D2539,TRUE
D2540,FALSE
D2541,TRUE
D2542,FALSE
D2543,FALSE
D2544,TRUE
D2545,FALSE
D2546,TRUE
D2547,TRUE
D2548,FALSE
D2549,TRUE
D2550,FALSE
D2551,FALSE
D2552,TRUE
D2553,TRUE
D2554,FALSE
D2555,FALSE
D2556,TRUE
D2557,FALSE
D2558,FALSE
D2559,FALSE
D2560,FALSE
D2561,TRUE
D2562,TRUE
D2563,FALSE
D2564,FALSE
D2565,FALSE
D2566,TRUE
D2567,FALSE
D2568,TRUE
D2569,FALSE
D2570,FALSE
D2571,FALSE
D2572,FALSE
D2573,TRUE
D2574,FALSE
D2575,FALSE
D2576,FALSE
D2577,FALSE
D2578,TRUE
D2579,FALSE
D2580,FALSE
D2581,TRUE
D2582,FALSE
D2583,FALSE
D2584,FALSE
D2585,FALSE
D2586,FALSE
D2587,FALSE
D2588,TRUE
D2589,FALSE
D2590,FALSE
D2591,FALSE
D2592,TRUE
D2593,TRUE
D2594,TRUE
D2595,FALSE
D2596,FALSE
D2597,FALSE
D2598,FALSE
D2599,FALSE
D2600,FALSE
D2601,TRUE
D2602,FALSE
D2603,FALSE
D2604,TRUE
D2605,TRUE
D2606,FALSE
D2607,TRUE
D2608,FALSE
D2609,FALSE
D2610,TRUE
D2611,FALSE
D2612,TRUE
D2613,FALSE
D2614,TRUE
D2615,TRUE
D2616,FALSE
D2617,TRUE
D2618,FALSE
D2619,TRUE
D2620,TRUE
D2621,TRUE
D2622,TRUE
D2623,FALSE
D2624,FALSE
D2625,TRUE
D2626,FALSE
D2627,FALSE
D2628,FALSE
D2629,FALSE
D2630,FALSE
D2631,TRUE
D2632,FALSE
D2633,FALSE
D2634,FALSE
D2635,FALSE
D2636,FALSE
D2637,FALSE
D2638,TRUE
D2639,TRUE
D2640,FALSE
D2641,FALSE
D2642,TRUE
D2643,TRUE
D2644,FALSE
D2645,TRUE
D2646,TRUE
D2647,FALSE
D2648,FALSE
D2649,FALSE
D2650,TRUE
D2651,FALSE
D2652,TRUE
D2653,FALSE
D2654,TRUE
D2655,TRUE
D2656,TRUE
D2657,FALSE
D2658,FALSE
D2659,FALSE
D2660,TRUE
D2661,TRUE
D2662,FALSE
D2663,FALSE
D2664,FALSE
D2665,FALSE
D2666,TRUE
D2667,TRUE
D2668,TRUE
D2669,FALSE
D2670,TRUE
D2671,FALSE
D2672,FALSE
D2673,TRUE
D2674,FALSE
D2675,FALSE
D2676,FALSE
D2677,FALSE
D2678,FALSE
D2679,FALSE
D2680,FALSE
D2681,TRUE
D2682,TRUE
D2683,FALSE
D2684,TRUE
D2685,TRUE
D2686,TRUE
D2687,FALSE
D2688,TRUE
D2689,TRUE
D2690,TRUE
D2691,TRUE
D2692,TRUE
D2693,FALSE
D2694,FALSE
D2695,FALSE
D2696,FALSE
D2697,FALSE
D2698,FALSE
D2699,FALSE
D2700,FALSE
D2701,FALSE
D2702,FALSE
D2703,TRUE
D2704,FALSE
D2705,FALSE
D2706,FALSE
D2707,FALSE
D2708,TRUE
D2709,FALSE
D2710,FALSE
D2711,FALSE
D2712,FALSE
D2713,FALSE
D2714,FALSE
D2715,FALSE
D2716,FALSE
D2717,TRUE
D2718,TRUE
D2719,FALSE
D2720,FALSE
D2721,TRUE
D2722,TRUE
D2723,TRUE
D2724,TRUE
D2725,TRUE
D2726,TRUE
D2727,FALSE
D2728,FALSE
D2729,TRUE
D2730,FALSE
D2731,TRUE
D2732,FALSE
D2733,FALSE
D2734,TRUE
D2735,TRUE
D2736,FALSE
D2737,FALSE
D2738,TRUE
D2739,TRUE
D2740,TRUE
D2741,FALSE
D2742,TRUE
D2743,TRUE
D2744,TRUE
D2745,FALSE
D2746,FALSE
D2747,FALSE
D2748,FALSE
D2749,TRUE
D2750,FALSE
D2751,TRUE
D2752,TRUE
D2753,FALSE
D2754,TRUE
D2755,TRUE
D2756,TRUE
D2757,TRUE
D2758,FALSE
D2759,FALSE
D2760,FALSE
D2761,FALSE
D2762,TRUE
D2763,TRUE
D2764,TRUE
D2765,FALSE
D2766,TRUE
D2767,FALSE
D2768,FALSE
D2769,FALSE
D2770,TRUE
D2771,TRUE
D2772,FALSE
D2773,TRUE
D2774,FALSE
D2775,TRUE
D2776,TRUE
D2777,TRUE
D2778,FALSE
D2779,FALSE
D2780,FALSE
D2781,TRUE
D2782,TRUE
D2783,TRUE
D2784,FALSE
D2785,TRUE
D2786,FALSE
D2787,FALSE
D2788,FALSE
D2789,FALSE
D2790,TRUE
D2791,TRUE
D2792,TRUE
D2793,FALSE
D2794,FALSE
D2795,FALSE
D2796,FALSE
D2797,FALSE
D2798,TRUE
D2799,FALSE
D2800,FALSE
D2801,TRUE
D2802,FALSE
D2803,FALSE
D2804,FALSE
D2805,FALSE
D2806,FALSE
D2807,TRUE
D2808,FALSE
D2809,FALSE
D2810,FALSE
D2811,FALSE
D2812,FALSE
D2813,TRUE
D2814,TRUE
D2815,FALSE
D2816,TRUE
D2817,FALSE
D2818,TRUE
D2819,FALSE
D2820,FALSE
D2821,FALSE
D2822,FALSE
D2823,TRUE
D2824,TRUE
D2825,FALSE
D2826,TRUE
D2827,FALSE
D2828,FALSE
D2829,FALSE
D2830,TRUE
D2831,FALSE
D2832,FALSE
D2833,FALSE
D2834,FALSE
D2835,FALSE
D2836,TRUE
D2837,TRUE
D2838,FALSE
D2839,TRUE
D2840,FALSE
D2841,FALSE
D2842,FALSE
D2843,TRUE
D2844,TRUE
D2845,FALSE
D2846,FALSE
D2847,TRUE
D2848,FALSE
D2849,TRUE
D2850,FALSE
D2851,FALSE
D2852,FALSE
D2853,TRUE
D2854,TRUE
D2855,FALSE
D2856,TRUE
D2857,TRUE
D2858,FALSE
D2859,TRUE
D2860,TRUE
D2861,TRUE
D2862,FALSE
D2863,TRUE
D2864,FALSE
D2865,TRUE
D2866,FALSE
D2867,FALSE
D2868,FALSE
D2869,TRUE
D2870,FALSE
D2871,FALSE
D2872,TRUE
D2873,TRUE
D2874,FALSE
D2875,FALSE
D2876,TRUE
D2877,FALSE
D2878,TRUE
D2879,FALSE
D2880,TRUE
D2881,FALSE
D2882,TRUE
D2883,TRUE
D2884,FALSE
D2885,FALSE
D2886,TRUE
D2887,FALSE
D2888,TRUE
D2889,TRUE
D2890,FALSE
D2891,FALSE
D2892,TRUE
D2893,FALSE
D2894,FALSE
D2895,TRUE
D2896,FALSE
D2897,FALSE
D2898,TRUE
D2899,TRUE
D2900,TRUE
D2901,TRUE
D2902,TRUE
D2903,FALSE
D2904,FALSE
D2905,FALSE
D2906,FALSE
D2907,FALSE
D2908,FALSE
D2909,FALSE
D2910,TRUE
D2911,TRUE
D2912,FALSE
D2913,FALSE
D2914,FALSE
D2915,FALSE
D2916,FALSE
D2917,TRUE
D2918,FALSE
D2919,TRUE
D2920,TRUE
D2921,FALSE
D2922,FALSE
D2923,FALSE
D2924,TRUE
D2925,TRUE
D2926,FALSE
D2927,TRUE
D2928,FALSE
D2929,FALSE
D2930,FALSE
D2931,FALSE
D2932,FALSE
D2933,TRUE
D2934,FALSE
D2935,FALSE
D2936,FALSE
D2937,FALSE
D2938,FALSE
D2939,TRUE
D2940,FALSE
D2941,TRUE
D2942,TRUE
D2943,FALSE
D2944,TRUE
D2945,FALSE
D2946,TRUE
D2947,FALSE
D2948,FALSE
D2949,FALSE
D2950,FALSE
D2951,FALSE
D2952,FALSE
D2953,FALSE
D2954,TRUE
D2955,TRUE
D2956,FALSE
D2957,TRUE
D2958,FALSE
D2959,TRUE
D2960,TRUE
D2961,TRUE
D2962,TRUE
D2963,FALSE
D2964,FALSE
D2965,FALSE
D2966,FALSE
D2967,FALSE
D2968,FALSE
D2969,TRUE
D2970,FALSE
D2971,TRUE
D2972,TRUE
D2973,FALSE
D2974,FALSE
D2975,FALSE
D2976,TRUE
D2977,FALSE
D2978,TRUE
D2979,FALSE
D2980,FALSE
D2981,FALSE
D2982,TRUE
D2983,FALSE
D2984,FALSE
D2985,TRUE
D2986,FALSE
D2987,FALSE
D2988,FALSE
D2989,TRUE
D2990,TRUE
D2991,FALSE
D2992,FALSE
D2993,TRUE
D2994,FALSE
D2995,FALSE
D2996,TRUE
D2997,FALSE
D2998,FALSE
D2999,FALSE
D3000,TRUE
