V1,V2
D1535,TRUE
D2075,TRUE
D1603,TRUE
D2171,TRUE
D1256,TRUE
D2314,TRUE
D1198,TRUE
D0457,TRUE
D1402,TRUE
D1495,TRUE
D0786,TRUE
D2641,TRUE
D2029,TRUE
D2561,TRUE
D0255,TRUE
D2865,TRUE
D0897,TRUE
D2537,TRUE
D2960,TRUE
D1067,TRUE
D2694,TRUE
D2745,TRUE
D0261,TRUE
D2340,TRUE
D0333,TRUE
D0209,TRUE
D0889,TRUE
D0509,TRUE
D2971,TRUE
D1556,TRUE
D0727,TRUE
D2783,TRUE
D0272,TRUE
D2689,TRUE
D2582,TRUE
D0411,TRUE
D1329,TRUE
D2675,TRUE
D1657,TRUE
D1319,TRUE
D2293,TRUE
D1780,TRUE
D1747,TRUE
D2338,TRUE
D0129,TRUE
D2294,TRUE
D0115,TRUE
D0044,TRUE
D1100,TRUE
D2306,TRUE
D1612,TRUE
D1883,TRUE
D1397,TRUE
D1654,TRUE
D1511,TRUE
D2345,TRUE
D1783,TRUE
D0196,TRUE
D2397,TRUE
D2525,TRUE
D1598,TRUE
D1683,TRUE
D0367,TRUE
D1115,TRUE
D0619,TRUE
D1917,TRUE
D2406,TRUE
D1468,TRUE
D0199,TRUE
D0986,TRUE
D1257,TRUE
D0723,TRUE
D1508,TRUE
D0917,TRUE
D1274,TRUE
D2106,TRUE
D2894,TRUE
D2504,TRUE
D1097,TRUE
D0599,TRUE
D2703,TRUE
D2491,TRUE
D2833,TRUE
D2315,TRUE
D1873,TRUE
D2307,TRUE
D1952,TRUE
D0797,TRUE
D2156,TRUE
D0691,TRUE
D1722,TRUE
D0001,TRUE
D2826,TRUE
D1743,TRUE
D0538,TRUE
D0778,TRUE
D1159,TRUE
D1136,TRUE
D2475,TRUE
D2597,TRUE
D1490,TRUE
D2003,TRUE
D1514,TRUE
D1801,TRUE
D0420,TRUE
D2998,TRUE
D2966,TRUE
D2760,TRUE
D1960,TRUE
D1287,TRUE
D1139,TRUE
D1804,TRUE
D1391,TRUE
D2422,TRUE
D1902,TRUE
D1573,TRUE
D0052,TRUE
D1359,TRUE
D2731,TRUE
D1234,TRUE
D2754,TRUE
D1588,TRUE
D1761,TRUE
D2296,TRUE
D0919,TRUE
D0400,TRUE
D2117,TRUE
D1930,TRUE
D1616,TRUE
D1807,TRUE
D0529,TRUE
D1203,TRUE
D1680,TRUE
D2568,TRUE
D1583,TRUE
D0807,TRUE
D1457,TRUE
D0386,TRUE
D1903,TRUE
D1813,TRUE
D2404,TRUE
D1443,TRUE
D2116,TRUE
D0200,TRUE
D2013,TRUE
D0462,TRUE
D0560,TRUE
D2482,TRUE
D2493,TRUE
D0513,TRUE
D2959,TRUE
D2113,TRUE
D0343,TRUE
D2101,TRUE
D2494,TRUE
D1808,TRUE
D2977,TRUE
D2911,TRUE
D0206,TRUE
D1047,TRUE
D0341,TRUE
D2610,TRUE
D2543,TRUE
D0775,TRUE
D2505,TRUE
D0729,TRUE
D0951,TRUE
D1611,TRUE
D1210,TRUE
D2462,TRUE
D2973,TRUE
D2594,TRUE
D0082,TRUE
D0574,TRUE
D0097,TRUE
D0034,TRUE
D0339,TRUE
D0059,TRUE
D0375,TRUE
D2738,TRUE
D2777,TRUE
D1452,TRUE
D0259,TRUE
D0701,TRUE
D1969,TRUE
D1140,TRUE
D2032,TRUE
D1634,TRUE
D1956,TRUE
D2667,TRUE
D1364,TRUE
D2282,TRUE
D2592,TRUE
D0501,TRUE
D1497,TRUE
D1716,TRUE
D0543,TRUE
D1828,TRUE
D0431,TRUE
D2374,TRUE
D2226,TRUE
D0279,TRUE
D1639,TRUE
D0591,TRUE
D1177,TRUE
D0218,TRUE
D0582,TRUE
D1823,TRUE
D0289,TRUE
D0770,TRUE
D2358,TRUE
D1293,TRUE
D0970,TRUE
D2495,TRUE
D2942,TRUE
D1384,TRUE
D0607,TRUE
D0128,TRUE
D1461,TRUE
D0902,TRUE
D0512,TRUE
D2762,TRUE
D0032,TRUE
D1346,TRUE
D2631,TRUE
D2809,TRUE
D1537,TRUE
D1920,TRUE
D1994,TRUE
D2213,TRUE
D2187,TRUE
D2647,TRUE
D0398,TRUE
D1184,TRUE
D0320,TRUE
D2428,TRUE
D1455,TRUE
D0469,TRUE
D0690,TRUE
D0638,TRUE
D2417,TRUE
D2719,TRUE
D1292,TRUE
D2520,TRUE
D2917,TRUE
D0273,TRUE
D0632,TRUE
D2435,TRUE
D2499,TRUE
D0194,TRUE
D1113,TRUE
D1325,TRUE
D0169,TRUE
D1206,TRUE
D0808,TRUE
D0843,TRUE
D2188,TRUE
D2361,TRUE
D1482,TRUE
D2605,TRUE
D1759,TRUE
D2673,TRUE
D0410,TRUE
D1517,TRUE
D1719,TRUE
D2193,TRUE
D1642,TRUE
D1689,TRUE
D2680,TRUE
D1025,TRUE
D2438,TRUE
D1151,TRUE
D0784,TRUE
D0257,TRUE
D2224,TRUE
D1915,TRUE
D0817,TRUE
D0030,TRUE
D0159,TRUE
D0956,TRUE
D0642,TRUE
D1031,TRUE
D2247,TRUE
D2331,TRUE
D1620,TRUE
D0380,TRUE
D2203,TRUE
D0409,TRUE
D1970,TRUE
D0580,TRUE
D1264,TRUE
D1669,TRUE
D0342,TRUE
D2650,TRUE
D1731,TRUE
D2476,TRUE
D1530,TRUE
D0633,TRUE
D1604,TRUE
D0712,TRUE
D0276,TRUE
D2888,TRUE
D2824,TRUE
D0165,TRUE
D1135,TRUE
D2652,TRUE
D2836,TRUE
D1688,TRUE
D0336,TRUE
D0763,TRUE
D0853,TRUE
D0329,TRUE
D2471,TRUE
D1720,TRUE
D0973,TRUE
D2035,TRUE
D2601,TRUE
D2606,TRUE
D0191,TRUE
D2277,TRUE
D2792,TRUE
D1477,TRUE
D0687,TRUE
D2239,TRUE
D2649,TRUE
D0035,TRUE
D1602,TRUE
D2978,TRUE
D0262,TRUE
D1519,TRUE
D1380,TRUE
D0048,TRUE
D0464,TRUE
D0847,TRUE
D2391,TRUE
D0003,TRUE
D1122,TRUE
D1332,TRUE
D2715,TRUE
D1802,TRUE
D1700,TRUE
D1544,TRUE
D1275,TRUE
D0948,TRUE
D1794,TRUE
D0186,TRUE
D1678,TRUE
D2919,TRUE
D0210,TRUE
D0416,TRUE
D2399,TRUE
D1990,TRUE
D0486,TRUE
D2931,TRUE
D0344,TRUE
D1178,TRUE
D0913,TRUE
D2099,TRUE
D0202,TRUE
D0584,TRUE
D0673,TRUE
D1650,TRUE
D1763,TRUE
D1740,TRUE
D0421,TRUE
D1507,TRUE
D1218,TRUE
D0282,TRUE
D0668,TRUE
D0230,TRUE
D0530,TRUE
D0168,TRUE
D2658,TRUE
D0468,TRUE
D1141,TRUE
D1686,TRUE
D2659,TRUE
D1246,TRUE
D2373,TRUE
D0798,TRUE
D0510,TRUE
D1003,TRUE
D1925,TRUE
D2799,TRUE
D0746,TRUE
D0480,TRUE
D1877,TRUE
D0311,TRUE
D2835,TRUE
D1531,TRUE
D1253,TRUE
D2248,TRUE
D2992,TRUE
D1859,TRUE
D1120,TRUE
D1613,TRUE
D2524,TRUE
D1755,TRUE
D2506,TRUE
D0307,TRUE
D1670,TRUE
D2351,TRUE
D2651,TRUE
D1078,TRUE
D1419,TRUE
D1427,TRUE
D2902,TRUE
D2271,TRUE
D1698,TRUE
D2763,TRUE
D0961,TRUE
D0054,TRUE
D0557,TRUE
D0470,TRUE
D1044,TRUE
D0716,TRUE
D2215,TRUE
D2656,TRUE
D0930,TRUE
D0736,TRUE
D1760,TRUE
D0713,TRUE
D1866,TRUE
D0861,TRUE
D2914,TRUE
D2603,TRUE
D2910,TRUE
D0975,TRUE
D2696,TRUE
D2518,TRUE
D1305,TRUE
D0111,TRUE
D1187,TRUE
D1615,TRUE
D0249,TRUE
D2918,TRUE
D2033,TRUE
D2178,TRUE
D0235,TRUE
D0475,TRUE
D2816,TRUE
D0924,TRUE
D2295,TRUE
D2728,TRUE
D2143,TRUE
D1778,TRUE
D1893,TRUE
D0043,TRUE
D0101,TRUE
D2604,TRUE
D0559,TRUE
D2840,TRUE
D0256,TRUE
D1792,TRUE
D2261,TRUE
D2810,TRUE
D0467,TRUE
D2212,TRUE
D1217,TRUE
D2513,TRUE
D0744,TRUE
D1997,TRUE
D2066,TRUE
D0941,TRUE
D2934,TRUE
D0954,TRUE
D0769,TRUE
D1757,TRUE
D0164,TRUE
D0064,TRUE
D1942,TRUE
D0964,TRUE
D2884,TRUE
D2415,TRUE
D0019,TRUE
D1955,TRUE
D2723,TRUE
D0555,TRUE
D1008,TRUE
D2717,TRUE
D2709,TRUE
D1498,TRUE
D1180,TRUE
D2190,TRUE
D2148,TRUE
D0363,TRUE
D0988,TRUE
D0714,TRUE
D1766,TRUE
D0791,TRUE
D2167,TRUE
D1644,TRUE
D2785,TRUE
D2770,TRUE
D1884,TRUE
D0934,TRUE
D1237,TRUE
D1491,TRUE
D0047,TRUE
D0418,TRUE
D2225,TRUE
D1204,TRUE
D0936,TRUE
D1248,TRUE
D2094,TRUE
D2228,TRUE
D1888,TRUE
D0991,TRUE
D0862,TRUE
D1075,TRUE
D1675,TRUE
D0590,TRUE
D0660,TRUE
D2534,TRUE
D2119,TRUE
D0219,TRUE
D1853,TRUE
D0662,TRUE
D1567,TRUE
D0731,TRUE
D1921,TRUE
D1021,TRUE
D0836,TRUE
D1488,TRUE
D2473,TRUE
D1119,TRUE
D0576,TRUE
D0952,TRUE
D1935,TRUE
D2349,TRUE
D2773,TRUE
D1809,TRUE
D1641,TRUE
D0442,TRUE
D1183,TRUE
D0800,TRUE
D0688,TRUE
D0248,TRUE
D1432,TRUE
D1261,TRUE
D0665,TRUE
D0767,TRUE
D2394,TRUE
D0037,TRUE
D0297,TRUE
D2287,TRUE
D1412,TRUE
D2638,TRUE
D2527,TRUE
D2004,TRUE
D1330,TRUE
D0622,TRUE
D2932,TRUE
D0717,TRUE
D2023,TRUE
D2054,TRUE
D2757,TRUE
D0542,TRUE
D0313,TRUE
D1307,TRUE
D0768,TRUE
D2645,TRUE
D0304,TRUE
D1936,TRUE
D2586,TRUE
D2701,TRUE
D2529,TRUE
D2201,TRUE
D1463,TRUE
D1024,TRUE
D0395,TRUE
D1445,TRUE
D1891,TRUE
D2367,TRUE
D0014,TRUE
D1729,TRUE
D0664,TRUE
D0515,TRUE
D2270,TRUE
D2057,TRUE
D2304,TRUE
D1215,TRUE
D0757,TRUE
D0782,TRUE
D2496,TRUE
D0427,TRUE
D2759,TRUE
D1846,TRUE
D2402,TRUE
D0874,TRUE
D0693,TRUE
D0895,TRUE
D2202,TRUE
D1345,TRUE
D2470,TRUE
D1705,TRUE
D0881,TRUE
D2174,TRUE
D0190,TRUE
D2221,TRUE
D1681,TRUE
D0325,TRUE
D0150,TRUE
D2567,TRUE
D1643,TRUE
D1149,TRUE
D2022,TRUE
D2329,TRUE
D1252,TRUE
D2801,TRUE
D0983,TRUE
D2584,TRUE
D0942,TRUE
D0020,TRUE
D1310,TRUE
D1166,TRUE
D2708,TRUE
D0735,TRUE
D0454,TRUE
D2425,TRUE
D1462,TRUE
D1827,TRUE
D0318,TRUE
D2060,TRUE
D0162,TRUE
D2681,TRUE
D0857,TRUE
D1887,TRUE
D0405,TRUE
D1037,TRUE
D2643,TRUE
D2580,TRUE
D2516,TRUE
D2288,TRUE
D1708,TRUE
D1351,TRUE
D1633,TRUE
D1081,TRUE
D0399,TRUE
D1957,TRUE
D2927,TRUE
D0266,TRUE
D0083,TRUE
D1240,TRUE
D0211,TRUE
D1713,TRUE
D1459,TRUE
D1581,TRUE
D1913,TRUE
D0644,TRUE
D1646,TRUE
D2309,TRUE
D2276,TRUE
D2243,TRUE
D1416,TRUE
D1858,TRUE
D2875,TRUE
D1289,TRUE
D2892,TRUE
D1901,TRUE
D0657,TRUE
D1863,TRUE
D2252,TRUE
D1781,TRUE
D2386,TRUE
D2740,TRUE
D1732,TRUE
D2197,TRUE
D0822,TRUE
D0972,TRUE
D1886,TRUE
D0659,TRUE
D1895,TRUE
D2852,TRUE
D0868,TRUE
D0568,TRUE
D1550,TRUE
D2279,TRUE
D0960,TRUE
D0602,TRUE
D2948,TRUE
D2746,TRUE
D1516,TRUE
D1298,TRUE
D0711,TRUE
D0566,TRUE
D2323,TRUE
D1699,TRUE
D1702,TRUE
D0389,TRUE
D2786,TRUE
D1446,TRUE
D1684,TRUE
D2991,TRUE
D1335,TRUE
D0232,TRUE
D1110,TRUE
D1677,TRUE
D2290,TRUE
D0435,TRUE
D2581,TRUE
D2664,TRUE
D2800,TRUE
D2716,TRUE
D0577,TRUE
D0793,TRUE
D1126,TRUE
D1860,TRUE
D0594,TRUE
D2195,TRUE
D1674,TRUE
D2619,TRUE
D0479,TRUE
D0910,TRUE
D1239,TRUE
D0610,TRUE
D1518,TRUE
D0103,TRUE
D0777,TRUE
D0715,TRUE
D1730,TRUE
D1421,TRUE
D0977,TRUE
D1972,TRUE
D2509,TRUE
D2634,TRUE
D2639,TRUE
D1879,TRUE
D2536,TRUE
D1579,TRUE
D1088,TRUE
D0630,TRUE
D1315,TRUE
D0802,TRUE
D2157,TRUE
D2943,TRUE
D2325,TRUE
D1201,TRUE
D2002,TRUE
D0438,TRUE
D2860,TRUE
D1101,TRUE
D2240,TRUE
D0117,TRUE
D0865,TRUE
D0899,TRUE
D0337,TRUE
D2445,TRUE
D2371,TRUE
D2313,TRUE
D2457,TRUE
D2787,TRUE
D2789,TRUE
D2871,TRUE
D2813,TRUE
D1540,TRUE
D1687,TRUE
D2857,TRUE
D2750,TRUE
D1795,TRUE
D1352,TRUE
D1164,TRUE
D2432,TRUE
D0536,TRUE
D1566,TRUE
D0953,TRUE
D0198,TRUE
D2827,TRUE
D2968,TRUE
D0503,TRUE
D1220,TRUE
D2962,TRUE
D0781,TRUE
D0702,TRUE
D2671,TRUE
D2961,TRUE
D0250,TRUE
D2242,TRUE
D1146,TRUE
D0890,TRUE
D0317,TRUE
D1258,TRUE
D1594,TRUE
D0871,TRUE
D0796,TRUE
D1723,TRUE
D2662,TRUE
D0592,TRUE
D1208,TRUE
D1207,TRUE
D1348,TRUE
D0697,TRUE
D0093,TRUE
D1354,TRUE
D0826,TRUE
D2772,TRUE
D2707,TRUE
D1918,TRUE
D0737,TRUE
D1668,TRUE
D1851,TRUE
D2161,TRUE
D2987,TRUE
D0240,TRUE
D2904,TRUE
D0033,TRUE
D2263,TRUE
D0771,TRUE
D0155,TRUE
D1362,TRUE
D1811,TRUE
D0231,TRUE
D2724,TRUE
D1607,TRUE
D1898,TRUE
D1682,TRUE
D0042,TRUE
D2831,TRUE
D2128,TRUE
D1628,TRUE
D1941,TRUE
D1277,TRUE
D1799,TRUE
D0832,TRUE
D2791,TRUE
D0654,TRUE
D0957,TRUE
D1302,TRUE
D2440,TRUE
D1985,TRUE
D2862,TRUE
D1777,TRUE
D1339,TRUE
D2434,TRUE
D2765,TRUE
D1532,TRUE
D2245,TRUE
D0839,TRUE
D0215,TRUE
D1841,TRUE
D0154,TRUE
D0027,TRUE
D1316,TRUE
D2585,TRUE
D0172,TRUE
D1336,TRUE
D1492,TRUE
D2204,TRUE
D0285,TRUE
D0803,TRUE
D0810,TRUE
D2950,TRUE
D2642,TRUE
D1448,TRUE
D1377,TRUE
D0498,TRUE
D1664,TRUE
D2437,TRUE
D2450,TRUE
D1094,TRUE
D1546,TRUE
D1125,TRUE
D1574,TRUE
D1328,TRUE
D0075,TRUE
D1314,TRUE
D0278,TRUE
D1064,TRUE
D1089,TRUE
D2695,TRUE
D1721,TRUE
D1506,TRUE
D2297,TRUE
D0904,TRUE
D0858,TRUE
D1944,TRUE
D2407,TRUE
D0315,TRUE
D2170,TRUE
D2571,TRUE
D1407,TRUE
D1251,TRUE
D1107,TRUE
D1179,TRUE
D2267,TRUE
D2326,TRUE
D1347,TRUE
D2366,TRUE
D0293,TRUE
D0537,TRUE
D0875,TRUE
D2607,TRUE
D2256,TRUE
D0178,TRUE
D0352,TRUE
D0092,TRUE
D0058,TRUE
D1596,TRUE
D2692,TRUE
D0562,TRUE
D1474,TRUE
D1709,TRUE
D0870,TRUE
D1173,TRUE
D0583,TRUE
D1849,TRUE
D1389,TRUE
D1739,TRUE
D0615,TRUE
D2575,TRUE
D2625,TRUE
D2546,TRUE
D0237,TRUE
D1649,TRUE
D1327,TRUE
D1121,TRUE
D1447,TRUE
D0855,TRUE
D1848,TRUE
D2175,TRUE
D2742,TRUE
D1655,TRUE
D0481,TRUE
D1039,TRUE
D1181,TRUE
D1595,TRUE
D2192,TRUE
D1431,TRUE
D0051,TRUE
D1109,TRUE
D2944,TRUE
D0604,TRUE
D2743,TRUE
D0816,TRUE
D0915,TRUE
D2939,TRUE
D1130,TRUE
D1071,TRUE
D1299,TRUE
D0334,TRUE
D2069,TRUE
D1672,TRUE
D0263,TRUE
D0041,TRUE
D2053,TRUE
D0242,TRUE
D0823,TRUE
D2497,TRUE
D0901,TRUE
D1971,TRUE
D0996,TRUE
D2418,TRUE
D0692,TRUE
D0564,TRUE
D2714,TRUE
D0241,TRUE
D0100,TRUE
D0460,TRUE
D2869,TRUE
D2805,TRUE
D1205,TRUE
D2278,TRUE
D2216,TRUE
D0463,TRUE
D1966,TRUE
D2859,TRUE
D1172,TRUE
D1194,TRUE
D1876,TRUE
D2883,TRUE
D1137,TRUE
D0085,TRUE
D0298,TRUE
D1451,TRUE
D0753,TRUE
D1372,TRUE
D0842,TRUE
D0450,TRUE
D0838,TRUE
D2020,TRUE
D0073,TRUE
D0177,TRUE
D0319,TRUE
D1182,TRUE
D1286,TRUE
D0877,TRUE
D1696,TRUE
D0892,TRUE
D1483,TRUE
D1862,TRUE
D0589,TRUE
D2441,TRUE
D1521,TRUE
D2933,TRUE
D0976,TRUE
D0893,TRUE
D2856,TRUE
D0544,TRUE
D1148,TRUE
D0640,TRUE
D0982,TRUE
D0524,TRUE
D1563,TRUE
D2317,TRUE
D0227,TRUE
D2464,TRUE
D1225,TRUE
D0404,TRUE
D0725,TRUE
D2223,TRUE
D0326,TRUE
D1798,TRUE
D0029,TRUE
D0653,TRUE
D1580,TRUE
D2269,TRUE
D2685,TRUE
D2637,TRUE
D1753,TRUE
D1806,TRUE
D1522,TRUE
D0472,TRUE
D2646,TRUE
D2528,TRUE
D2149,TRUE
D0624,TRUE
D0295,TRUE
D0086,TRUE
D2985,TRUE
D2401,TRUE
D1272,TRUE
D0072,TRUE
D2005,TRUE
D1065,TRUE
D2456,TRUE
D2264,TRUE
D1693,TRUE
D0494,TRUE
D1810,TRUE
D0550,TRUE
D2393,TRUE
D0493,TRUE
D2686,TRUE
D1030,TRUE
D0345,TRUE
D2370,TRUE
D2000,TRUE
D0305,TRUE
D0356,TRUE
D2348,TRUE
D0359,TRUE
D0539,TRUE
D2046,TRUE
D2830,TRUE
D0751,TRUE
D0306,TRUE
D2622,TRUE
D0331,TRUE
D0452,TRUE
D2880,TRUE
D0212,TRUE
D0774,TRUE
D0071,TRUE
D1273,TRUE
D2234,TRUE
D0414,TRUE
D0527,TRUE
D2055,TRUE
D2220,TRUE
D2882,TRUE
D0811,TRUE
D2347,TRUE
D1988,TRUE
D0575,TRUE
D1090,TRUE
D0824,TRUE
D0685,TRUE
D1144,TRUE
D2339,TRUE
D1189,TRUE
D1685,TRUE
D1715,TRUE
D2771,TRUE
D2280,TRUE
D2922,TRUE
D2039,TRUE
D1711,TRUE
D2214,TRUE
D2776,TRUE
D2211,TRUE
D1390,TRUE
D1899,TRUE
D2172,TRUE
D2614,TRUE
D1019,TRUE
D2654,TRUE
D0740,TRUE
D0909,TRUE
D2823,TRUE
D1002,TRUE
D0025,TRUE
D0752,TRUE
D1411,TRUE
D0830,TRUE
D2262,TRUE
D2749,TRUE
D0009,TRUE
D0645,TRUE
D1469,TRUE
D1800,TRUE
D2941,TRUE
D1062,TRUE
D2052,TRUE
D1736,TRUE
D2999,TRUE
D2423,TRUE
D2569,TRUE
D0379,TRUE
D2990,TRUE
D0652,TRUE
D2283,TRUE
D2682,TRUE
D2429,TRUE
D2739,TRUE
D0173,TRUE
D0055,TRUE
D1055,TRUE
D0968,TRUE
D1765,TRUE
D2042,TRUE
D2233,TRUE
D0545,TRUE
D2591,TRUE
D1157,TRUE
D1965,TRUE
D0022,TRUE
D1774,TRUE
D2363,TRUE
D0139,TRUE
D1408,TRUE
D1694,TRUE
D0296,TRUE
D2376,TRUE
D0413,TRUE
D2480,TRUE
D0683,TRUE
D0860,TRUE
D1501,TRUE
D0275,TRUE
D2160,TRUE
D0959,TRUE
D0049,TRUE
D1734,TRUE
D0160,TRUE
D0374,TRUE
D0939,TRUE
D1762,TRUE
D2150,TRUE
D0703,TRUE
D2790,TRUE
D2895,TRUE
D1726,TRUE
D2112,TRUE
D1788,TRUE
D1656,TRUE
D2024,TRUE
D2718,TRUE
D0310,TRUE
D1667,TRUE
D2547,TRUE
D1560,TRUE
D1601,TRUE
D2588,TRUE
D2303,TRUE
D2957,TRUE
D2207,TRUE
D2100,TRUE
D0346,TRUE
D1599,TRUE
D1945,TRUE
D2899,TRUE
D1414,TRUE
D1475,TRUE
D2898,TRUE
D1175,TRUE
D1291,TRUE
D1695,TRUE
D0863,TRUE
D1260,TRUE
D1805,TRUE
D1856,TRUE
D1401,TRUE
D1979,TRUE
D0491,TRUE
D1578,TRUE
D2492,TRUE
D2744,TRUE
D1590,TRUE
D2693,TRUE
D1548,TRUE
D0081,FALSE
D1869,FALSE
D1170,FALSE
D0349,FALSE
D0233,FALSE
D1353,FALSE
D2679,FALSE
D2549,FALSE
D0521,FALSE
D1619,FALSE
D1629,FALSE
D2446,FALSE
D0290,FALSE
D1069,FALSE
D2028,FALSE
D1815,FALSE
D1838,FALSE
D1098,FALSE
D0113,FALSE
D1367,FALSE
D0056,FALSE
D0613,FALSE
D1585,FALSE
D0742,FALSE
D0979,FALSE
D1865,FALSE
D1575,FALSE
D2121,FALSE
D2818,FALSE
D1610,FALSE
D2396,FALSE
D0851,FALSE
D0229,FALSE
D2040,FALSE
D2400,FALSE
D0745,FALSE
D2726,FALSE
D0485,FALSE
D1193,FALSE
D2490,FALSE
D1373,FALSE
D0091,FALSE
D0773,FALSE
D1058,FALSE
D2177,FALSE
D1963,FALSE
D1772,FALSE
D2781,FALSE
D1741,FALSE
D2849,FALSE
D2125,FALSE
D1250,FALSE
D0151,FALSE
D1379,FALSE
D2027,FALSE
D0308,FALSE
D1138,FALSE
D2861,FALSE
D1385,FALSE
D1029,FALSE
D2988,FALSE
D0161,FALSE
D0911,FALSE
D2779,FALSE
D0277,FALSE
D1818,FALSE
D1161,FALSE
D1600,FALSE
D0626,FALSE
D0765,FALSE
D0606,FALSE
D2070,FALSE
D0079,FALSE
D1776,FALSE
D1905,FALSE
D1536,FALSE
D2632,FALSE
D1426,FALSE
D2360,FALSE
D1626,FALSE
D0157,FALSE
D1710,FALSE
D2500,FALSE
D1587,FALSE
D2734,FALSE
D0760,FALSE
D2103,FALSE
D0084,FALSE
D2620,FALSE
D0098,FALSE
D2045,FALSE
D0340,FALSE
D2308,FALSE
D1786,FALSE
D1322,FALSE
D0321,FALSE
D1404,FALSE
D1041,FALSE
D1467,FALSE
D1830,FALSE
D0605,FALSE
D2155,FALSE
D1967,FALSE
D0330,FALSE
D2410,FALSE
D0764,FALSE
D1504,FALSE
D0456,FALSE
D1989,FALSE
D2886,FALSE
D2900,FALSE
D2565,FALSE
D2572,FALSE
D1185,FALSE
D2670,FALSE
D2684,FALSE
D1592,FALSE
D1306,FALSE
D2244,FALSE
D0360,FALSE
D0914,FALSE
D0741,FALSE
D1500,FALSE
D0365,FALSE
D1701,FALSE
D2854,FALSE
D2327,FALSE
D1704,FALSE
D1442,FALSE
D0382,FALSE
D0224,FALSE
D1190,FALSE
D0302,FALSE
D0548,FALSE
D2419,FALSE
D2969,FALSE
D0076,FALSE
D2487,FALSE
D1984,FALSE
D2153,FALSE
D2996,FALSE
D0647,FALSE
D2451,FALSE
D0254,FALSE
D1400,FALSE
D1285,FALSE
D0754,FALSE
D1496,FALSE
D2272,FALSE
D1834,FALSE
D2542,FALSE
D0453,FALSE
D2328,FALSE
D1510,FALSE
D0074,FALSE
D0130,FALSE
D0246,FALSE
D2080,FALSE
D0719,FALSE
D0674,FALSE
D1528,FALSE
D2925,FALSE
D1233,FALSE
D1317,FALSE
D1020,FALSE
D0417,FALSE
D1405,FALSE
D2775,FALSE
D2839,FALSE
D1826,FALSE
D0517,FALSE
D2145,FALSE
D2613,FALSE
D0143,FALSE
D0270,FALSE
D0012,FALSE
D2573,FALSE
D2231,FALSE
D1417,FALSE
D0126,FALSE
D1176,FALSE
D2940,FALSE
D0570,FALSE
D0707,FALSE
D0067,FALSE
D2668,FALSE
D2026,FALSE
D0502,FALSE
D2663,FALSE
D0507,FALSE
D2324,FALSE
D1313,FALSE
D1399,FALSE
D2084,FALSE
D0891,FALSE
D1871,FALSE
D2847,FALSE
D1091,FALSE
D2954,FALSE
D0625,FALSE
D0217,FALSE
D2698,FALSE
D2301,FALSE
D0038,FALSE
D1053,FALSE
D0641,FALSE
D1953,FALSE
D0147,FALSE
D0920,FALSE
D2498,FALSE
D2748,FALSE
D2553,FALSE
D0220,FALSE
D1128,FALSE
D2115,FALSE
D1344,FALSE
D0554,FALSE
D1724,FALSE
D1425,FALSE
D0908,FALSE
D2134,FALSE
D2729,FALSE
D0425,FALSE
D0694,FALSE
D1169,FALSE
D1040,FALSE
D2377,FALSE
D1480,FALSE
D0434,FALSE
D0588,FALSE
D0788,FALSE
D1268,FALSE
D1889,FALSE
D0222,FALSE
D0990,FALSE
D1857,FALSE
D0011,FALSE
D2346,FALSE
D2846,FALSE
D2336,FALSE
D0547,FALSE
D0587,FALSE
D1658,FALSE
D2186,FALSE
D2127,FALSE
D2141,FALSE
D1338,FALSE
D1638,FALSE
D2761,FALSE
D0651,FALSE
D0031,FALSE
D0533,FALSE
D1428,FALSE
D1163,FALSE
D2995,FALSE
D2229,FALSE
D0837,FALSE
D0695,FALSE
D1911,FALSE
D0078,FALSE
D0549,FALSE
D2661,FALSE
D2007,FALSE
D2924,FALSE
D2074,FALSE
D2890,FALSE
D0522,FALSE
D0699,FALSE
D2501,FALSE
D2016,FALSE
D1108,FALSE
D0267,FALSE
D1238,FALSE
D2321,FALSE
D0109,FALSE
D1415,FALSE
D1814,FALSE
D0102,FALSE
D2699,FALSE
D1625,FALSE
D0131,FALSE
D1712,FALSE
D1423,FALSE
D2416,FALSE
D1323,FALSE
D0819,FALSE
D2688,FALSE
D1216,FALSE
D0825,FALSE
D1551,FALSE
D0631,FALSE
D2124,FALSE
D1764,FALSE
D0643,FALSE
D2946,FALSE
D0116,FALSE
D0008,FALSE
D0969,FALSE
D0138,FALSE
D1436,FALSE
D2778,FALSE
D2463,FALSE
D2806,FALSE
D1975,FALSE
D0281,FALSE
D1756,FALSE
D2081,FALSE
D1279,FALSE
D0355,FALSE
D1036,FALSE
D1782,FALSE
D0016,FALSE
D2677,FALSE
D2335,FALSE
D0704,FALSE
D1835,FALSE
D1737,FALSE
D1365,FALSE
D0958,FALSE
D0391,FALSE
D0459,FALSE
D2936,FALSE
D2200,FALSE
D0663,FALSE
D0301,FALSE
D1350,FALSE
D1219,FALSE
D2725,FALSE
D0236,FALSE
D0994,FALSE
D1605,FALSE
D2517,FALSE
D2372,FALSE
D1645,FALSE
D0646,FALSE
D0813,FALSE
D2915,FALSE
D2678,FALSE
D1486,FALSE
D0140,FALSE
D2439,FALSE
D1009,FALSE
D1614,FALSE
D2921,FALSE
D1134,FALSE
D0381,FALSE
D1410,FALSE
D1576,FALSE
D1450,FALSE
D1831,FALSE
D2938,FALSE
D1577,FALSE
D1116,FALSE
D0809,FALSE
D1413,FALSE
D1034,FALSE
D0443,FALSE
D2828,FALSE
D0114,FALSE
D0089,FALSE
D1947,FALSE
D0609,FALSE
D1659,FALSE
D0309,FALSE
D1371,FALSE
D0483,FALSE
D2540,FALSE
D0180,FALSE
D2166,FALSE
D1872,FALSE
D1837,FALSE
D2472,FALSE
D0850,FALSE
D1509,FALSE
D1127,FALSE
D0007,FALSE
D2083,FALSE
D2531,FALSE
D0672,FALSE
D2085,FALSE
D0040,FALSE
D2600,FALSE
D2355,FALSE
D1671,FALSE
D2611,FALSE
D0358,FALSE
D0667,FALSE
D1976,FALSE
D2047,FALSE
D0401,FALSE
D1262,FALSE
D0887,FALSE
D1627,FALSE
D0730,FALSE
D0922,FALSE
D1526,FALSE
D0856,FALSE
D0905,FALSE
D2135,FALSE
D2850,FALSE
D0859,FALSE
D2512,FALSE
D0540,FALSE
D2982,FALSE
D2972,FALSE
D0046,FALSE
D0869,FALSE
D0676,FALSE
D2598,FALSE
D2589,FALSE
D0473,FALSE
D1186,FALSE
D1746,FALSE
D2268,FALSE
D1926,FALSE
D2414,FALSE
D2218,FALSE
D0879,FALSE
D2096,FALSE
D2842,FALSE
D2626,FALSE
D0378,FALSE
D2408,FALSE
D2858,FALSE
D2768,FALSE
D0145,FALSE
D1294,FALSE
D1854,FALSE
D1342,FALSE
D1230,FALSE
D2727,FALSE
D2461,FALSE
D1767,FALSE
D0208,FALSE
D2889,FALSE
D2089,FALSE
D0997,FALSE
D1618,FALSE
D0238,FALSE
D0528,FALSE
D0120,FALSE
D1073,FALSE
D2109,FALSE
D1191,FALSE
D1072,FALSE
D1691,FALSE
D2443,FALSE
D2387,FALSE
D2194,FALSE
D2474,FALSE
D1880,FALSE
D1527,FALSE
D0505,FALSE
D2466,FALSE
D2560,FALSE
D1676,FALSE
D1267,FALSE
D0831,FALSE
D1881,FALSE
D1276,FALSE
D1821,FALSE
D2316,FALSE
D1297,FALSE
D0981,FALSE
D0429,FALSE
D2700,FALSE
D2489,FALSE
D1167,FALSE
D1998,FALSE
D0419,FALSE
D1243,FALSE
D0783,FALSE
D1378,FALSE
D1572,FALSE
D0608,FALSE
D0026,FALSE
D1512,FALSE
D1099,FALSE
D0149,FALSE
D0283,FALSE
D0965,FALSE
D0937,FALSE
D2841,FALSE
D0918,FALSE
D2803,FALSE
D1398,FALSE
D0679,FALSE
D1569,FALSE
D0478,FALSE
D1692,FALSE
D1231,FALSE
D2147,FALSE
D1933,FALSE
D1787,FALSE
D1665,FALSE
D1296,FALSE
D1244,FALSE
D1959,FALSE
D2442,FALSE
D2383,FALSE
D1376,FALSE
D1388,FALSE
D0141,FALSE
D0779,FALSE
D2706,FALSE
D1112,FALSE
D2222,FALSE
D0471,FALSE
D2246,FALSE
D1444,FALSE
D2522,FALSE
D1118,FALSE
D0907,FALSE
D2320,FALSE
D0928,FALSE
D2618,FALSE
D0499,FALSE
D1660,FALSE
D1441,FALSE
D0585,FALSE
D2984,FALSE
D0739,FALSE
D2665,FALSE
D1355,FALSE
D0412,FALSE
D2275,FALSE
D2219,FALSE
D0189,FALSE
D0393,FALSE
D1752,FALSE
D1283,FALSE
D2795,FALSE
D0371,FALSE
D1842,FALSE
D2633,FALSE
D1565,FALSE
D1875,FALSE
D2837,FALSE
D1564,FALSE
D2051,FALSE
D2230,FALSE
D0370,FALSE
D0433,FALSE
D1934,FALSE
D1318,FALSE
D0790,FALSE
D2208,FALSE
D0815,FALSE
D1076,FALSE
D1907,FALSE
D2199,FALSE
D0993,FALSE
D0929,FALSE
D1819,FALSE
D1363,FALSE
D1077,FALSE
D2305,FALSE
D2551,FALSE
D1111,FALSE
D2285,FALSE
D0500,FALSE
D1929,FALSE
D2274,FALSE
D0806,FALSE
D2896,FALSE
D1242,FALSE
D1028,FALSE
D0181,FALSE
D2577,FALSE
D1931,FALSE
D1502,FALSE
D0095,FALSE
D0299,FALSE
D2235,FALSE
D2955,FALSE
D0053,FALSE
D0146,FALSE
D2330,FALSE
D1534,FALSE
D1195,FALSE
D1460,FALSE
D0722,FALSE
D1212,FALSE
D0060,FALSE
D0271,FALSE
D1023,FALSE
D1552,FALSE
D2058,FALSE
D0422,FALSE
D0323,FALSE
D0077,FALSE
D0689,FALSE
D1754,FALSE
D2291,FALSE
D0492,FALSE
D1489,FALSE
D0980,FALSE
D2108,FALSE
D2238,FALSE
D1074,FALSE
D0354,FALSE
D2623,FALSE
D0567,FALSE
D2488,FALSE
D1533,FALSE
D1199,FALSE
D2554,FALSE
D2541,FALSE
D0947,FALSE
D0497,FALSE
D2078,FALSE
D0394,FALSE
D2180,FALSE
D1340,FALSE
D0680,FALSE
D2655,FALSE
D2557,FALSE
D2365,FALSE
D0758,FALSE
D0726,FALSE
D2063,FALSE
D2947,FALSE
D1349,FALSE
D0883,FALSE
D1503,FALSE
D1435,FALSE
D1145,FALSE
D2530,FALSE
D0387,FALSE
D1597,FALSE
D2793,FALSE
D1361,FALSE
D1927,FALSE
D2142,FALSE
D0430,FALSE
D0023,FALSE
D0829,FALSE
D2012,FALSE
D2467,FALSE
D1434,FALSE
D0840,FALSE
D2341,FALSE
D1697,FALSE
D0648,FALSE
D2395,FALSE
D1454,FALSE
D2111,FALSE
D0880,FALSE
D0628,FALSE
D0132,FALSE
D1993,FALSE
D0010,FALSE
D1010,FALSE
D1653,FALSE
D1582,FALSE
D1061,FALSE
D2049,FALSE
D1890,FALSE
D1912,FALSE
D0428,FALSE
D0684,FALSE
D1011,FALSE
D1232,FALSE
D0553,FALSE
D0886,FALSE
D0579,FALSE
D1745,FALSE
D2838,FALSE
D2158,FALSE
D2627,FALSE
D0439,FALSE
D2994,FALSE
D1202,FALSE
D1324,FALSE
D1087,FALSE
D1738,FALSE
D2876,FALSE
D1153,FALSE
D2674,FALSE
D2110,FALSE
D0546,FALSE
D2608,FALSE
D0706,FALSE
D2817,FALSE
D2928,FALSE
D0328,FALSE
D2398,FALSE
D0984,FALSE
D0121,FALSE
D0458,FALSE
D2241,FALSE
D2154,FALSE
D1051,FALSE
D0940,FALSE
D2420,FALSE
D2403,FALSE
D2034,FALSE
D0070,FALSE
D2079,FALSE
D2878,FALSE
D0612,FALSE
D1311,FALSE
D0388,FALSE
D2636,FALSE
D2758,FALSE
D0119,FALSE
D2788,FALSE
D0698,FALSE
D2548,FALSE
D0369,FALSE
D1558,FALSE
D2183,FALSE
D1320,FALSE
D2176,FALSE
D2508,FALSE
D1852,FALSE
D1006,FALSE
D1018,FALSE
D0065,FALSE
D2590,FALSE
D1012,FALSE
D0600,FALSE
D1593,FALSE
D2721,FALSE
D2704,FALSE
D0373,FALSE
D0718,FALSE
D0656,FALSE
D1793,FALSE
D0738,FALSE
D1241,FALSE
D1303,FALSE
D1001,FALSE
D1150,FALSE
D2447,FALSE
D2030,FALSE
D1785,FALSE
D0710,FALSE
D2967,FALSE
D1727,FALSE
D2382,FALSE
D2485,FALSE
D1418,FALSE
D0950,FALSE
D0148,FALSE
D0931,FALSE
D0720,FALSE
D1165,FALSE
D1129,FALSE
D0518,FALSE
D1623,FALSE
D1013,FALSE
D0291,FALSE
D0846,FALSE
D2963,FALSE
D0288,FALSE
D1561,FALSE
D2210,FALSE
D0449,FALSE
D1458,FALSE
D2752,FALSE
D1647,FALSE
D2146,FALSE
D1923,FALSE
D0789,FALSE
D0216,FALSE
D2182,FALSE
D0724,FALSE
D2333,FALSE
D0755,FALSE
D1080,FALSE
D1196,FALSE
D0408,FALSE
D1160,FALSE
D1369,FALSE
D1991,FALSE
D2477,FALSE
D2711,FALSE
D0195,FALSE
D2126,FALSE
D0596,FALSE
D0385,FALSE
D1870,FALSE
D2162,FALSE
D1366,FALSE
D0978,FALSE
D1896,FALSE
D0364,FALSE
D1661,FALSE
D0004,FALSE
D2965,FALSE
D2866,FALSE
D2753,FALSE
D1513,FALSE
D2452,FALSE
D1394,FALSE
D0314,FALSE
D0158,FALSE
D2705,FALSE
D2458,FALSE
D0466,FALSE
D1635,FALSE
D1812,FALSE
D1943,FALSE
D0511,FALSE
D2975,FALSE
D2782,FALSE
D1224,FALSE
D2867,FALSE
D0268,FALSE
D2163,FALSE
D1982,FALSE
D1393,FALSE
D2015,FALSE
D1867,FALSE
D1525,FALSE
D0107,FALSE
D2822,FALSE
D2019,FALSE
D2872,FALSE
D1825,FALSE
D2564,FALSE
D2951,FALSE
D2076,FALSE
D0734,FALSE
D0629,FALSE
D0885,FALSE
D0284,FALSE
D2424,FALSE
D0617,FALSE
D1214,FALSE
D2164,FALSE
D0080,FALSE
D1473,FALSE
D0974,FALSE
D2384,FALSE
D0448,FALSE
D1568,FALSE
D1086,FALSE
D0995,FALSE
D2025,FALSE
D2479,FALSE
D2579,FALSE
D2532,FALSE
D2021,FALSE
D1897,FALSE
D2798,FALSE
D2956,FALSE
D1403,FALSE
D2310,FALSE
D1430,FALSE
D2570,FALSE
D0900,FALSE
D0221,FALSE
D1714,FALSE
D1133,FALSE
D1381,FALSE
D1142,FALSE
D0108,FALSE
D0927,FALSE
D1103,FALSE
D0171,FALSE
D2378,FALSE
D1758,FALSE
D1874,FALSE
D1520,FALSE
D1919,FALSE
D0361,FALSE
D2552,FALSE
D1559,FALSE
D0792,FALSE
D1060,FALSE
D1424,FALSE
D2566,FALSE
D1771,FALSE
D1228,FALSE
D0762,FALSE
D0021,FALSE
D0474,FALSE
D0963,FALSE
D2050,FALSE
D0094,FALSE
D1571,FALSE
D2821,FALSE
D1751,FALSE
D1016,FALSE
D2009,FALSE
D1735,FALSE
D0125,FALSE
D1909,FALSE
D2687,FALSE
D2814,FALSE
D0616,FALSE
D0658,FALSE
D2976,FALSE
D2870,FALSE
D0312,FALSE
D0945,FALSE
D0686,FALSE
D1117,FALSE
D1453,FALSE
D1043,FALSE
D0036,FALSE
D2337,FALSE
D2048,FALSE
D2736,FALSE
D2169,FALSE
D0848,FALSE
D2354,FALSE
D1829,FALSE
D1609,FALSE
D2123,FALSE
D1961,FALSE
D2460,FALSE
D2018,FALSE
D1910,FALSE
D1155,FALSE
D2539,FALSE
D2300,FALSE
D2375,FALSE
D1992,FALSE
D1343,FALSE
D2958,FALSE
D2144,FALSE
D2139,FALSE
D1438,FALSE
D1554,FALSE
D0732,FALSE
D0535,FALSE
D1637,FALSE
D0780,FALSE
D2825,FALSE
D0677,FALSE
D1245,FALSE
D1640,FALSE
D1940,FALSE
D1004,FALSE
D0649,FALSE
D0761,FALSE
D2389,FALSE
D2014,FALSE
D2091,FALSE
D2747,FALSE
D1168,FALSE
D2082,FALSE
D1769,FALSE
D1855,FALSE
D1321,FALSE
D2286,FALSE
D0133,FALSE
D0366,FALSE
D2184,FALSE
D1288,FALSE
D2056,FALSE
D2730,FALSE
D0407,FALSE
D1494,FALSE
D0627,FALSE
D2885,FALSE
D2576,FALSE
D2974,FALSE
D2617,FALSE
D0866,FALSE
D1409,FALSE
D0894,FALSE
D0269,FALSE
D1471,FALSE
D2897,FALSE
D0099,FALSE
D1523,FALSE
D0239,FALSE
D0872,FALSE
D0504,FALSE
D1836,FALSE
D2114,FALSE
D0705,FALSE
D2906,FALSE
D2851,FALSE
D0225,FALSE
D0377,FALSE
D2265,FALSE
D2433,FALSE
D0912,FALSE
D0451,FALSE
D1999,FALSE
D2907,FALSE
D0611,FALSE
D0987,FALSE
D2877,FALSE
D0445,FALSE
D0516,FALSE
D1839,FALSE
D2453,FALSE
D2332,FALSE
D2916,FALSE
D0063,FALSE
D1280,FALSE
D1748,FALSE
D2909,FALSE
D2550,FALSE
D1038,FALSE
D1951,FALSE
D2811,FALSE
D0039,FALSE
D1824,FALSE
D0748,FALSE
D1885,FALSE
D2454,FALSE
D3000,FALSE
D2722,FALSE
D2459,FALSE
D1949,FALSE
D1269,FALSE
D1542,FALSE
D0244,FALSE
D2797,FALSE
D0118,FALSE
D2071,FALSE
D0193,FALSE
D0484,FALSE
D1868,FALSE
D0104,FALSE
D0245,FALSE
D0906,FALSE
D2616,FALSE
D1662,FALSE
D2253,FALSE
D0090,FALSE
D2952,FALSE
D2369,FALSE
D2086,FALSE
D0827,FALSE
D2538,FALSE
D2097,FALSE
D0188,FALSE
D1068,FALSE
D0087,FALSE
D2615,FALSE
D0152,FALSE
D0144,FALSE
D1221,FALSE
D0565,FALSE
D0353,FALSE
D2804,FALSE
D1624,FALSE
D2926,FALSE
D1143,FALSE
D2820,FALSE
D0601,FALSE
D2465,FALSE
D1375,FALSE
D1894,FALSE
D0818,FALSE
D2138,FALSE
D1538,FALSE
D0383,FALSE
D0835,FALSE
D0603,FALSE
D1226,FALSE
D0426,FALSE
D0403,FALSE
D1978,FALSE
D1545,FALSE
D0142,FALSE
D0347,FALSE
D0496,FALSE
D1045,FALSE
D2217,FALSE
D2250,FALSE
D2764,FALSE
D1358,FALSE
D1832,FALSE
D1472,FALSE
D2065,FALSE
D2780,FALSE
D0593,FALSE
D1331,FALSE
D1032,FALSE
D2970,FALSE
D1980,FALSE
D0635,FALSE
D0440,FALSE
D2563,FALSE
D2523,FALSE
D1725,FALSE
D0938,FALSE
D2251,FALSE
D1174,FALSE
D1996,FALSE
D2712,FALSE
D1312,FALSE
D1301,FALSE
D0274,FALSE
D2206,FALSE
D1383,FALSE
D0028,FALSE
D2732,FALSE
D0316,FALSE
D0477,FALSE
D2444,FALSE
D1586,FALSE
D1591,FALSE
D2118,FALSE
D1026,FALSE
D1093,FALSE
D2179,FALSE
D2981,FALSE
D1265,FALSE
D2059,FALSE
D2104,FALSE
D0137,FALSE
D1022,FALSE
D2209,FALSE
D2318,FALSE
D2903,FALSE
D2635,FALSE
D2468,FALSE
D1621,FALSE
D1524,FALSE
D2140,FALSE
D0170,FALSE
D2710,FALSE
D1630,FALSE
D1679,FALSE
D1033,FALSE
D1300,FALSE
D0214,FALSE
D0820,FALSE
D2666,FALSE
D2132,FALSE
D0700,FALSE
D0005,FALSE
D2621,FALSE
D0844,FALSE
D0795,FALSE
D1255,FALSE
D2181,FALSE
D1744,FALSE
D1820,FALSE
D0024,FALSE
D0551,FALSE
D1392,FALSE
D2130,FALSE
D0898,FALSE
D0814,FALSE
D1333,FALSE
D2863,FALSE
D1906,FALSE
D2669,FALSE
D1481,FALSE
D0368,FALSE
D1440,FALSE
D2120,FALSE
D1048,FALSE
D2131,FALSE
D1515,FALSE
D0621,FALSE
D2189,FALSE
D1433,FALSE
D2249,FALSE
D1270,FALSE
D2061,FALSE
D0639,FALSE
D2255,FALSE
D2511,FALSE
D2413,FALSE
D0465,FALSE
D2502,FALSE
D2266,FALSE
D1796,FALSE
D2006,FALSE
D0423,FALSE
D0852,FALSE
D1396,FALSE
D0708,FALSE
D2751,FALSE
D2653,FALSE
D2949,FALSE
D1222,FALSE
D1437,FALSE
D2891,FALSE
D0821,FALSE
D2426,FALSE
D0709,FALSE
D0050,FALSE
D2559,FALSE
D2350,FALSE
D1850,FALSE
D0903,FALSE
D0183,FALSE
D0372,FALSE
D1543,FALSE
D0884,FALSE
D1420,FALSE
D1968,FALSE
D0749,FALSE
D2259,FALSE
D0558,FALSE
D2533,FALSE
D2343,FALSE
D2868,FALSE
D0834,FALSE
D0106,FALSE
D1085,FALSE
D1791,FALSE
D0682,FALSE
D2648,FALSE
D1465,FALSE
D1939,FALSE
D0197,FALSE
D0303,FALSE
D0228,FALSE
D2260,FALSE
D0127,FALSE
D0943,FALSE
D1102,FALSE
D1171,FALSE
D1054,FALSE
D2713,FALSE
D2929,FALSE
D0873,FALSE
D2555,FALSE
D2834,FALSE
D1948,FALSE
D1555,FALSE
D0926,FALSE
D1124,FALSE
D2136,FALSE
D1547,FALSE
D2092,FALSE
D1742,FALSE
D1557,FALSE
D2481,FALSE
D2905,FALSE
D0785,FALSE
D0552,FALSE
D2901,FALSE
D1632,FALSE
D0185,FALSE
D1079,FALSE
D0696,FALSE
D1803,FALSE
D1456,FALSE
D1843,FALSE
D2596,FALSE
D2767,FALSE
D1374,FALSE
D0350,FALSE
D1229,FALSE
D0650,FALSE
D2733,FALSE
D2769,FALSE
D1816,FALSE
D1046,FALSE
D0175,FALSE
D0182,FALSE
D1703,FALSE
D2129,FALSE
D2017,FALSE
D2073,FALSE
D0397,FALSE
D1718,FALSE
D0441,FALSE
D0135,FALSE
D1733,FALSE
D0490,FALSE
D1987,FALSE
D2593,FALSE
D0201,FALSE
D0526,FALSE
D1779,FALSE
D0571,FALSE
D0105,FALSE
D2935,FALSE
D0204,FALSE
D2353,FALSE
D0495,FALSE
D2815,FALSE
D2519,FALSE
D1924,FALSE
D0675,FALSE
D2237,FALSE
D1370,FALSE
D1387,FALSE
D0849,FALSE
D0925,FALSE
D0088,FALSE
D0018,FALSE
D0247,FALSE
D0265,FALSE
D2515,FALSE
D2173,FALSE
D1937,FALSE
D0205,FALSE
D1249,FALSE
D0286,FALSE
D0432,FALSE
D2436,FALSE
D1938,FALSE
D0998,FALSE
D2887,FALSE
D1282,FALSE
D0534,FALSE
D1247,FALSE
D0287,FALSE
D0124,FALSE
D0163,FALSE
D0812,FALSE
D1541,FALSE
D1092,FALSE
D0733,FALSE
D0192,FALSE
D1050,FALSE
D2640,FALSE
D2587,FALSE
D0338,FALSE
D1882,FALSE
D2412,FALSE
D0096,FALSE
D1259,FALSE
D2152,FALSE
D0017,FALSE
D0944,FALSE
D2578,FALSE
D2993,FALSE
D1386,FALSE
D1892,FALSE
D0166,FALSE
D0187,FALSE
D1278,FALSE
D1084,FALSE
D2702,FALSE
D1096,FALSE
D0324,FALSE
D0999,FALSE
D1449,FALSE
D1035,FALSE
D0455,FALSE
D0833,FALSE
D0252,FALSE
D2334,FALSE
D2986,FALSE
D2093,FALSE
D1429,FALSE
D0532,FALSE
D1263,FALSE
D0061,FALSE
D1922,FALSE
D2105,FALSE
D2845,FALSE
D2427,FALSE
D1505,FALSE
D1840,FALSE
D1209,FALSE
D2168,FALSE
D0805,FALSE
D0992,FALSE
D1652,FALSE
D1900,FALSE
D0184,FALSE
D1928,FALSE
D0556,FALSE
D0436,FALSE
D2095,FALSE
D2766,FALSE
D1844,FALSE
D2660,FALSE
D0985,FALSE
D0670,FALSE
D0134,FALSE
D0176,FALSE
D1083,FALSE
D1406,FALSE
D1063,FALSE
D0772,FALSE
D0776,FALSE
D2997,FALSE
D1663,FALSE
D1158,FALSE
D1147,FALSE
D1049,FALSE
D1493,FALSE
D1114,FALSE
D0123,FALSE
D1017,FALSE
D0258,FALSE
D0623,FALSE
D2802,FALSE
D0933,FALSE
D0066,FALSE
D0759,FALSE
D1479,FALSE
D0971,FALSE
D2864,FALSE
D0864,FALSE
D1487,FALSE
D0280,FALSE
D1005,FALSE
D0519,FALSE
D2690,FALSE
D1878,FALSE
D0045,FALSE
D1790,FALSE
D0804,FALSE
D0390,FALSE
D0253,FALSE
D2133,FALSE
D1636,FALSE
D0243,FALSE
D1570,FALSE
D0332,FALSE
D2683,FALSE
D2510,FALSE
D1964,FALSE
D2514,FALSE
D0264,FALSE
D1357,FALSE
D0013,FALSE
D2796,FALSE
D2107,FALSE
D0921,FALSE
D2794,FALSE
D1617,FALSE
D1562,FALSE
D2098,FALSE
D0794,FALSE
D2989,FALSE
D1027,FALSE
D1197,FALSE
D0136,FALSE
D1981,FALSE
D1914,FALSE
D0392,FALSE
D1539,FALSE
D2832,FALSE
D2945,FALSE
D1200,FALSE
D2165,FALSE
D0854,FALSE
D2368,FALSE
D0300,FALSE
D0799,FALSE
D2087,FALSE
D0932,FALSE
D1360,FALSE
D2008,FALSE
D2001,FALSE
D0598,FALSE
D2380,FALSE
D0292,FALSE
D0801,FALSE
D0444,FALSE
D1606,FALSE
D2381,FALSE
D0949,FALSE
D1223,FALSE
D2090,FALSE
D2430,FALSE
D2478,FALSE
D2311,FALSE
D2595,FALSE
D2844,FALSE
D0335,FALSE
D1254,FALSE
D1666,FALSE
D0967,FALSE
D0620,FALSE
D0586,FALSE
D2299,FALSE
D2137,FALSE
D2068,FALSE
D1211,FALSE
D2044,FALSE
D1337,FALSE
D1000,FALSE
D0234,FALSE
D0396,FALSE
D1304,FALSE
D0581,FALSE
D2624,FALSE
D0578,FALSE
D0415,FALSE
D1773,FALSE
D0962,FALSE
D0489,FALSE
D2010,FALSE
D1235,FALSE
D2874,FALSE
D0174,FALSE
D0750,FALSE
D2609,FALSE
D0406,FALSE
D2011,FALSE
D2526,FALSE
D1995,FALSE
D1290,FALSE
D2676,FALSE
D0678,FALSE
D2312,FALSE
D2848,FALSE
D2037,FALSE
D2298,FALSE
D0488,FALSE
D1368,FALSE
D2352,FALSE
D1986,FALSE
D2322,FALSE
D0923,FALSE
D2036,FALSE
D0447,FALSE
D2067,FALSE
D2819,FALSE
D2908,FALSE
D1334,FALSE
D1341,FALSE
D2258,FALSE
D1484,FALSE
D1833,FALSE
D2405,FALSE
D2583,FALSE
D2357,FALSE
D0888,FALSE
D2853,FALSE
D0348,FALSE
D2807,FALSE
D2535,FALSE
D0655,FALSE
D0916,FALSE
D1105,FALSE
D2077,FALSE
D1622,FALSE
D1916,FALSE
D1847,FALSE
D0882,FALSE
D0561,FALSE
D1104,FALSE
D1236,FALSE
D2041,FALSE
D1797,FALSE
D1973,FALSE
D2980,FALSE
D1549,FALSE
D2362,FALSE
D1908,FALSE
D1584,FALSE
D2545,FALSE
D0362,FALSE
D2455,FALSE
D1227,FALSE
D2205,FALSE
D2484,FALSE
D0110,FALSE
D0437,FALSE
D2292,FALSE
D0122,FALSE
D1007,FALSE
D2672,FALSE
D0955,FALSE
D2185,FALSE
D2319,FALSE
D2741,FALSE
D0057,FALSE
D0006,FALSE
D0520,FALSE
D1056,FALSE
D1439,FALSE
D1977,FALSE
D2227,FALSE
D0946,FALSE
D0728,FALSE
D0525,FALSE
D2628,FALSE
D1356,FALSE
D0743,FALSE
D2038,FALSE
D0766,FALSE
D2612,FALSE
D2469,FALSE
D2062,FALSE
D2829,FALSE
D0207,FALSE
D0179,FALSE
D2691,FALSE
D1042,FALSE
D0896,FALSE
D1395,FALSE
D2449,FALSE
D1904,FALSE
D0461,FALSE
D0614,FALSE
D1954,FALSE
D1864,FALSE
D2507,FALSE
D2602,FALSE
D0514,FALSE
D2881,FALSE
D0966,FALSE
D1499,FALSE
D0845,FALSE
D1382,FALSE
D2983,FALSE
D1775,FALSE
D0671,FALSE
D0572,FALSE
D1983,FALSE
D0476,FALSE
D0569,FALSE
D2356,FALSE
D2893,FALSE
D0069,FALSE
D1156,FALSE
D2544,FALSE
D1295,FALSE
D0878,FALSE
D1962,FALSE
D1529,FALSE
D0508,FALSE
D0424,FALSE
D2784,FALSE
D0563,FALSE
D2720,FALSE
D2122,FALSE
D2385,FALSE
D2574,FALSE
D0618,FALSE
D0351,FALSE
D1822,FALSE
D2388,FALSE
D1057,FALSE
D1052,FALSE
D2254,FALSE
D1707,FALSE
D1095,FALSE
D2923,FALSE
D2072,FALSE
D0867,FALSE
D0002,FALSE
D1932,FALSE
D0828,FALSE
D1082,FALSE
D1015,FALSE
D0634,FALSE
D2043,FALSE
D2031,FALSE
D2808,FALSE
D1651,FALSE
D2359,FALSE
D0747,FALSE
D1784,FALSE
D2912,FALSE
D1608,FALSE
D1946,FALSE
D2379,FALSE
D0062,FALSE
D2257,FALSE
D0661,FALSE
D1817,FALSE
D2562,FALSE
D0506,FALSE
D0294,FALSE
D2159,FALSE
D0167,FALSE
D0756,FALSE
D2064,FALSE
D1106,FALSE
D2657,FALSE
D2737,FALSE
D0384,FALSE
D1631,FALSE
D0573,FALSE
D1750,FALSE
D2920,FALSE
D2774,FALSE
D1673,FALSE
D1749,FALSE
D2088,FALSE
D2273,FALSE
D1728,FALSE
D2302,FALSE
D2756,FALSE
D2812,FALSE
D1770,FALSE
D2755,FALSE
D1553,FALSE
D0876,FALSE
D1974,FALSE
D2913,FALSE
D2629,FALSE
D1070,FALSE
D2411,FALSE
D1281,FALSE
D1132,FALSE
D2198,FALSE
D0153,FALSE
D0666,FALSE
D0935,FALSE
D1422,FALSE
D2284,FALSE
D2979,FALSE
D2486,FALSE
D1154,FALSE
D2364,FALSE
D2236,FALSE
D0251,FALSE
D0637,FALSE
D2392,FALSE
D1266,FALSE
D1706,FALSE
D1066,FALSE
D2521,FALSE
D1014,FALSE
D0841,FALSE
D1470,FALSE
D2735,FALSE
D2558,FALSE
D0636,FALSE
D0156,FALSE
D2843,FALSE
D1950,FALSE
D1768,FALSE
D1123,FALSE
D0322,FALSE
D2151,FALSE
D0531,FALSE
D2483,FALSE
D1192,FALSE
D2196,FALSE
D2630,FALSE
D1466,FALSE
D2503,FALSE
D2232,FALSE
D0327,FALSE
D2409,FALSE
D2390,FALSE
D2855,FALSE
D1284,FALSE
D1690,FALSE
D0597,FALSE
D1326,FALSE
D0260,FALSE
D2644,FALSE
D0376,FALSE
D2599,FALSE
D1589,FALSE
D2930,FALSE
D0989,FALSE
D2873,FALSE
D2697,FALSE
D0402,FALSE
D1059,FALSE
D2344,FALSE
D0721,FALSE
D0068,FALSE
D0112,FALSE
D2953,FALSE
D0595,FALSE
D2191,FALSE
D2421,FALSE
D1476,FALSE
D2964,FALSE
D2879,FALSE
D0223,FALSE
D2342,FALSE
D1789,FALSE
D2556,FALSE
D0681,FALSE
D1162,FALSE
D1188,FALSE
D2289,FALSE
D1648,FALSE
D1845,FALSE
D2431,FALSE
D0669,FALSE
D1308,FALSE
D0446,FALSE
D0357,FALSE
D2281,FALSE
D1213,FALSE
D0787,FALSE
D1485,FALSE
D1861,FALSE
D1958,FALSE
D0203,FALSE
D1271,FALSE
D0487,FALSE
D1309,FALSE
D2102,FALSE
D1131,FALSE
D0226,FALSE
D1717,FALSE
D1478,FALSE
D0015,FALSE
D2937,FALSE
D2448,FALSE
D0541,FALSE
D1152,FALSE
D0482,FALSE
D0213,FALSE
D0523,FALSE
D1464,FALSE
