V1,V2
D1202,TRUE
D1731,TRUE
D1387,TRUE
D2028,TRUE
D1851,TRUE
D1407,TRUE
D0185,TRUE
D2372,TRUE
D2311,TRUE
D2120,TRUE
D2668,TRUE
D0517,TRUE
D1945,TRUE
D0728,TRUE
D1681,TRUE
D1870,TRUE
D1263,TRUE
D1574,TRUE
D0555,TRUE
D0057,TRUE
D2941,TRUE
D1173,TRUE
D1642,TRUE
D1153,TRUE
D2520,TRUE
D0298,TRUE
D1464,TRUE
D2449,TRUE
D2450,TRUE
D1717,TRUE
D1679,TRUE
D0154,TRUE
D1414,TRUE
D0781,TRUE
D0964,TRUE
D2237,TRUE
D1632,TRUE
D2932,TRUE
D1378,TRUE
D2285,TRUE
D2843,TRUE
D1687,TRUE
D2725,TRUE
D0668,TRUE
D2172,TRUE
D1612,TRUE
D2703,TRUE
D1346,TRUE
D0064,TRUE
D1501,TRUE
D2070,TRUE
D0077,TRUE
D1912,TRUE
D0334,TRUE
D0513,TRUE
D1700,TRUE
D1241,TRUE
D0742,TRUE
D1230,TRUE
D0173,TRUE
D1874,TRUE
D2580,TRUE
D1907,TRUE
D0241,TRUE
D1692,TRUE
D1036,TRUE
D2290,TRUE
D1613,TRUE
D2720,TRUE
D1001,TRUE
D0355,TRUE
D0767,TRUE
D0963,TRUE
D0329,TRUE
D1476,TRUE
D2693,TRUE
D1434,TRUE
D0979,TRUE
D0700,TRUE
D2274,TRUE
D1250,TRUE
D0484,TRUE
D2813,TRUE
D1814,TRUE
D1985,TRUE
D2991,TRUE
D1890,TRUE
D0480,TRUE
D0589,TRUE
D1187,TRUE
D0263,TRUE
D1773,TRUE
D1430,TRUE
D0639,TRUE
D1901,TRUE
D1626,TRUE
D0223,TRUE
D0765,TRUE
D0863,TRUE
D0998,TRUE
D0101,TRUE
D1868,TRUE
D0105,TRUE
D2781,TRUE
D1674,TRUE
D2066,TRUE
D2235,TRUE
D1518,TRUE
D2019,TRUE
D2426,TRUE
D2298,TRUE
D2077,TRUE
D1098,TRUE
D1295,TRUE
D1508,TRUE
D1129,TRUE
D2861,TRUE
D1645,TRUE
D0430,TRUE
D1792,TRUE
D1554,TRUE
D2200,TRUE
D2850,TRUE
D1720,TRUE
D2834,TRUE
D1104,TRUE
D1562,TRUE
D0537,TRUE
D2264,TRUE
D0444,TRUE
D0246,TRUE
D2939,TRUE
D1737,TRUE
D0079,TRUE
D1547,TRUE
D2584,TRUE
D2541,TRUE
D1630,TRUE
D1269,TRUE
D1122,TRUE
D2012,TRUE
D2637,TRUE
D0036,TRUE
D0869,TRUE
D2134,TRUE
D1113,TRUE
D2045,TRUE
D0467,TRUE
D2163,TRUE
D1278,TRUE
D1094,TRUE
D0374,TRUE
D1090,TRUE
D0289,TRUE
D0739,TRUE
D2258,TRUE
D2918,TRUE
D1968,TRUE
D1834,TRUE
D1087,TRUE
D1981,TRUE
D0788,TRUE
D0651,TRUE
D1256,TRUE
D1442,TRUE
D2978,TRUE
D2684,TRUE
D2692,TRUE
D1364,TRUE
D0564,TRUE
D0901,TRUE
D1427,TRUE
D2815,TRUE
D2554,TRUE
D2135,TRUE
D0999,TRUE
D2357,TRUE
D0903,TRUE
D1833,TRUE
D1223,TRUE
D2884,TRUE
D2314,TRUE
D2033,TRUE
D1417,TRUE
D2959,TRUE
D2827,TRUE
D0599,TRUE
D2967,TRUE
D2128,TRUE
D1934,TRUE
D0927,TRUE
D1594,TRUE
D2013,TRUE
D1940,TRUE
D1395,TRUE
D2556,TRUE
D0070,TRUE
D2880,TRUE
D2764,TRUE
D2763,TRUE
D0176,TRUE
D1334,TRUE
D1318,TRUE
D1878,TRUE
D2514,TRUE
D2641,TRUE
D2087,TRUE
D0363,TRUE
D2144,TRUE
D0181,TRUE
D1408,TRUE
D2219,TRUE
D2902,TRUE
D1614,TRUE
D1829,TRUE
D0558,TRUE
D2817,TRUE
D1025,TRUE
D0540,TRUE
D1139,TRUE
D1931,TRUE
D1649,TRUE
D2846,TRUE
D0939,TRUE
D0051,TRUE
D1286,TRUE
D0358,TRUE
D2058,TRUE
D1914,TRUE
D2296,TRUE
D1657,TRUE
D2228,TRUE
D0870,TRUE
D1636,TRUE
D2785,TRUE
D1534,TRUE
D2926,TRUE
D0844,TRUE
D1026,TRUE
D2268,TRUE
D0664,TRUE
D2152,TRUE
D1161,TRUE
D1615,TRUE
D0824,TRUE
D1423,TRUE
D2100,TRUE
D0928,TRUE
D1947,TRUE
D0974,TRUE
D2078,TRUE
D0708,TRUE
D1041,TRUE
D1227,TRUE
D1763,TRUE
D2622,TRUE
D2618,TRUE
D1637,TRUE
D1809,TRUE
D0308,TRUE
D0392,TRUE
D1271,TRUE
D0579,TRUE
D2444,TRUE
D2080,TRUE
D0922,TRUE
D2469,TRUE
D2770,TRUE
D0087,TRUE
D1448,TRUE
D2277,TRUE
D2683,TRUE
D0785,TRUE
D1379,TRUE
D1292,TRUE
D1935,TRUE
D1539,TRUE
D1876,TRUE
D1677,TRUE
D2938,TRUE
D1435,TRUE
D0983,TRUE
D1032,TRUE
D1904,TRUE
D1070,TRUE
D0608,TRUE
D0553,TRUE
D1360,TRUE
D1298,TRUE
D1274,TRUE
D0060,TRUE
D2367,TRUE
D2466,TRUE
D2382,TRUE
D0177,TRUE
D0451,TRUE
D1983,TRUE
D2151,TRUE
D0454,TRUE
D0017,TRUE
D0086,TRUE
D1114,TRUE
D0989,TRUE
D0607,TRUE
D0283,TRUE
D2783,TRUE
D1431,TRUE
D0133,TRUE
D2924,TRUE
D0327,TRUE
D1178,TRUE
D2522,TRUE
D1955,TRUE
D2463,TRUE
D0902,TRUE
D1084,TRUE
D2389,TRUE
D1698,TRUE
D0840,TRUE
D2127,TRUE
D0524,TRUE
D0710,TRUE
D1399,TRUE
D0056,TRUE
D0784,TRUE
D1778,TRUE
D1177,TRUE
D1866,TRUE
D1118,TRUE
D2251,TRUE
D0735,TRUE
D1099,TRUE
D1860,TRUE
D1967,TRUE
D1163,TRUE
D1314,TRUE
D0094,TRUE
D0490,TRUE
D0026,TRUE
D2411,TRUE
D2021,TRUE
D0631,TRUE
D1762,TRUE
D0745,TRUE
D1745,TRUE
D2243,TRUE
D0458,TRUE
D2910,TRUE
D2160,TRUE
D1530,TRUE
D1524,TRUE
D2118,TRUE
D0990,TRUE
D2054,TRUE
D0281,TRUE
D2413,TRUE
D1883,TRUE
D0239,TRUE
D0800,TRUE
D1543,TRUE
D1416,TRUE
D1356,TRUE
D1893,TRUE
D2969,TRUE
D0806,TRUE
D2650,TRUE
D2222,TRUE
D1186,TRUE
D2757,TRUE
D2132,TRUE
D0269,TRUE
D0874,TRUE
D2936,TRUE
D1289,TRUE
D0326,TRUE
D2157,TRUE
D2117,TRUE
D1525,TRUE
D1884,TRUE
D1259,TRUE
D1007,TRUE
D0495,TRUE
D1167,TRUE
D0978,TRUE
D1247,TRUE
D1954,TRUE
D1273,TRUE
D1089,TRUE
D2190,TRUE
D1109,TRUE
D2140,TRUE
D0282,TRUE
D2708,TRUE
D2255,TRUE
D1768,TRUE
D2900,TRUE
D2881,TRUE
D1357,TRUE
D0226,TRUE
D0723,TRUE
D0750,TRUE
D2516,TRUE
D2999,TRUE
D1608,TRUE
D0582,TRUE
D1527,TRUE
D0305,TRUE
D0662,TRUE
D0280,TRUE
D2143,TRUE
D2178,TRUE
D2057,TRUE
D1722,TRUE
D2759,TRUE
D2036,TRUE
D2836,TRUE
D1349,TRUE
D2634,TRUE
D1841,TRUE
D0172,TRUE
D1473,TRUE
D2626,TRUE
D0913,TRUE
D1892,TRUE
D1138,TRUE
D2320,TRUE
D2354,TRUE
D0959,TRUE
D1276,TRUE
D1810,TRUE
D1559,TRUE
D2557,TRUE
D1376,TRUE
D0046,TRUE
D1654,TRUE
D1865,TRUE
D2432,TRUE
D2108,TRUE
D0244,TRUE
D0849,TRUE
D0276,TRUE
D2195,TRUE
D1465,TRUE
D0547,TRUE
D2459,TRUE
D1127,TRUE
D2292,TRUE
D1027,TRUE
D0245,TRUE
D2461,TRUE
D1802,TRUE
D0777,TRUE
D1158,TRUE
D0406,TRUE
D2014,TRUE
D0333,TRUE
D0754,TRUE
D0720,TRUE
D0040,TRUE
D0641,TRUE
D1706,TRUE
D1623,TRUE
D2841,TRUE
D1961,TRUE
D2840,TRUE
D0980,TRUE
D1185,TRUE
D2091,TRUE
D2736,TRUE
D2267,TRUE
D1171,TRUE
D2122,TRUE
D0441,TRUE
D2829,TRUE
D0475,TRUE
D1020,TRUE
D0413,TRUE
D1735,TRUE
D1948,TRUE
D0130,TRUE
D1445,TRUE
D0319,TRUE
D1937,TRUE
D2026,TRUE
D1010,TRUE
D0386,TRUE
D1782,TRUE
D2662,TRUE
D1468,TRUE
D2473,TRUE
D0115,TRUE
D1156,TRUE
D0391,TRUE
D0340,TRUE
D2628,TRUE
D0481,TRUE
D2408,TRUE
D1477,TRUE
D2875,TRUE
D0073,TRUE
D0996,TRUE
D1192,TRUE
D1345,TRUE
D0629,TRUE
D1513,TRUE
D0421,TRUE
D2951,TRUE
D1771,TRUE
D1619,TRUE
D1933,TRUE
D1842,TRUE
D0602,TRUE
D2660,TRUE
D0783,TRUE
D2286,TRUE
D2398,TRUE
D1624,TRUE
D0604,TRUE
D2347,TRUE
D2240,TRUE
D1799,TRUE
D1307,TRUE
D0325,TRUE
D2896,TRUE
D1282,TRUE
D2802,TRUE
D0671,TRUE
D0674,TRUE
D0268,TRUE
D0029,TRUE
D2319,TRUE
D1915,TRUE
D1538,TRUE
D0813,TRUE
D2416,TRUE
D1336,TRUE
D2801,TRUE
D1875,TRUE
D1249,TRUE
D1570,TRUE
D1826,TRUE
D0003,TRUE
D2646,TRUE
D0493,TRUE
D1695,TRUE
D0085,TRUE
D2942,TRUE
D0931,TRUE
D0627,TRUE
D0565,TRUE
D2592,TRUE
D0408,TRUE
D0237,TRUE
D1463,TRUE
D0857,TRUE
D2170,TRUE
D1101,TRUE
D2101,TRUE
D1571,TRUE
D2313,TRUE
D2819,TRUE
D1401,TRUE
D2865,TRUE
D0823,TRUE
D0187,TRUE
D1812,TRUE
D2738,TRUE
D0294,TRUE
D0372,TRUE
D2435,TRUE
D0350,TRUE
D0586,TRUE
D1117,TRUE
D0760,TRUE
D0010,TRUE
D0574,TRUE
D1148,TRUE
D0438,TRUE
D2975,TRUE
D0494,TRUE
D1685,TRUE
D0212,TRUE
D0039,TRUE
D0022,TRUE
D2216,TRUE
D1861,TRUE
D1238,TRUE
D1800,TRUE
D1848,TRUE
D2950,TRUE
D2797,TRUE
D1939,TRUE
D2532,TRUE
D0619,TRUE
D2483,TRUE
D0139,TRUE
D1510,TRUE
D0341,TRUE
D2113,TRUE
D1244,TRUE
D0142,TRUE
D0307,TRUE
D0429,TRUE
D0908,TRUE
D1144,TRUE
D0370,TRUE
D2547,TRUE
D2488,TRUE
D0072,TRUE
D1992,TRUE
D1905,TRUE
D0343,TRUE
D0598,TRUE
D0617,TRUE
D1504,TRUE
D0195,TRUE
D1301,TRUE
D2750,TRUE
D2690,TRUE
D0952,TRUE
D0915,TRUE
D2472,TRUE
D0606,TRUE
D1917,TRUE
D0958,TRUE
D0337,TRUE
D2620,TRUE
D0768,TRUE
D2578,TRUE
D0278,TRUE
D0200,TRUE
D2305,TRUE
D0434,TRUE
D1804,TRUE
D0678,TRUE
D2594,TRUE
D1775,TRUE
D2002,TRUE
D2858,TRUE
D2721,TRUE
D2643,TRUE
D0344,TRUE
D2649,TRUE
D2933,TRUE
D2457,TRUE
D2756,TRUE
D2968,TRUE
D2704,TRUE
D1638,TRUE
D0119,TRUE
D2126,TRUE
D2221,TRUE
D2102,TRUE
D0703,TRUE
D0150,TRUE
D0545,TRUE
D2713,TRUE
D0630,TRUE
D2767,TRUE
D0394,TRUE
D1474,TRUE
D1021,TRUE
D2020,TRUE
D1018,TRUE
D2705,TRUE
D1852,TRUE
D2848,TRUE
D1409,TRUE
D2203,TRUE
D1085,TRUE
D0316,TRUE
D2631,TRUE
D1255,TRUE
D2422,TRUE
D1411,TRUE
D2974,TRUE
D2121,TRUE
D0657,TRUE
D0873,TRUE
D1494,TRUE
D2269,TRUE
D2830,TRUE
D2706,TRUE
D2263,TRUE
D2079,TRUE
D1115,TRUE
D2016,TRUE
D0428,TRUE
D1854,TRUE
D0544,TRUE
D0968,TRUE
D2400,TRUE
D2929,TRUE
D1872,TRUE
D2851,TRUE
D1391,TRUE
D2345,TRUE
D1164,TRUE
D2424,TRUE
D2531,TRUE
D0693,TRUE
D0414,TRUE
D2799,TRUE
D1776,TRUE
D1761,TRUE
D1512,TRUE
D1254,TRUE
D0138,TRUE
D1365,TRUE
D1889,TRUE
D2094,TRUE
D0153,TRUE
D2044,TRUE
D0899,TRUE
D2282,TRUE
D1858,TRUE
D0529,TRUE
D1490,TRUE
D2208,TRUE
D1406,TRUE
D2587,TRUE
D2395,TRUE
D1067,TRUE
D0059,TRUE
D1394,TRUE
D0521,TRUE
D0755,TRUE
D2304,TRUE
D1573,TRUE
D1243,TRUE
D0519,TRUE
D0214,TRUE
D0550,TRUE
D0776,TRUE
D1710,TRUE
D0802,TRUE
D0383,TRUE
D2374,TRUE
D1328,TRUE
D0238,TRUE
D0746,TRUE
D2153,TRUE
D1796,TRUE
D2605,TRUE
D2378,TRUE
D1275,TRUE
D2068,TRUE
D1019,TRUE
D0136,TRUE
D0566,TRUE
D2103,TRUE
D0855,TRUE
D0351,TRUE
D2535,TRUE
D1237,TRUE
D2385,TRUE
D0184,TRUE
D1116,TRUE
D1824,TRUE
D1502,TRUE
D0097,TRUE
D2487,TRUE
D0270,TRUE
D2619,TRUE
D1750,TRUE
D0500,TRUE
D2427,TRUE
D1105,TRUE
D2154,TRUE
D0028,TRUE
D1713,TRUE
D1110,TRUE
D0145,TRUE
D2148,TRUE
D0465,TRUE
D1124,TRUE
D1545,TRUE
D0961,TRUE
D2744,TRUE
D2887,TRUE
D1080,TRUE
D0400,TRUE
D2793,TRUE
D1980,TRUE
D2648,TRUE
D2225,TRUE
D2766,TRUE
D0213,TRUE
D0014,TRUE
D2173,TRUE
D0580,TRUE
D2289,TRUE
D1515,TRUE
D2496,TRUE
D1370,TRUE
D0453,TRUE
D2717,TRUE
D0403,TRUE
D2867,TRUE
D1212,TRUE
D1656,TRUE
D0918,TRUE
D1667,TRUE
D0679,TRUE
D2475,TRUE
D0125,TRUE
D0024,TRUE
D2242,TRUE
D2755,TRUE
D0387,TRUE
D0864,TRUE
D0208,TRUE
D0349,TRUE
D0848,TRUE
D2989,TRUE
D0313,TRUE
D2315,TRUE
D1629,TRUE
D1885,TRUE
D1491,TRUE
D1665,TRUE
D2790,TRUE
D1330,TRUE
D0479,TRUE
D0368,TRUE
D2056,TRUE
D0390,TRUE
D2324,TRUE
D0650,TRUE
D1863,TRUE
D2894,TRUE
D2816,TRUE
D0843,TRUE
D0384,TRUE
D1680,TRUE
D2609,TRUE
D2022,TRUE
D0472,TRUE
D2417,TRUE
D1216,TRUE
D2493,TRUE
D2774,TRUE
D1058,TRUE
D2776,TRUE
D1503,TRUE
D0835,TRUE
D2366,TRUE
D2561,TRUE
D1106,TRUE
D1756,TRUE
D2630,TRUE
D1452,TRUE
D1836,TRUE
D1531,TRUE
D1151,TRUE
D1772,TRUE
D1595,TRUE
D0695,TRUE
D1495,TRUE
D1074,TRUE
D1424,TRUE
D2230,TRUE
D2232,TRUE
D2350,TRUE
D1371,TRUE
D0470,TRUE
D0803,TRUE
D2397,TRUE
D0023,TRUE
D2639,TRUE
D1704,TRUE
D0045,TRUE
D1347,TRUE
D0660,TRUE
D0666,TRUE
D1561,TRUE
D1529,TRUE
D1240,TRUE
D2218,TRUE
D2591,TRUE
D1265,TRUE
D2949,TRUE
D2405,TRUE
D0037,TRUE
D1973,TRUE
D2212,TRUE
D1181,TRUE
D0951,TRUE
D1896,TRUE
D1280,TRUE
D1994,TRUE
D2111,TRUE
D0988,TRUE
D0347,TRUE
D0361,TRUE
D1029,TRUE
D2073,TRUE
D0230,TRUE
D1211,TRUE
D2893,TRUE
D0009,TRUE
D0966,TRUE
D2811,TRUE
D1672,TRUE
D2798,TRUE
D2832,TRUE
D2189,TRUE
D1034,TRUE
D1299,TRUE
D2652,TRUE
D1929,TRUE
D1341,TRUE
D1383,TRUE
D1317,TRUE
D2231,TRUE
D1578,TRUE
D1818,TRUE
D0132,TRUE
D0068,TRUE
D2297,TRUE
D0632,TRUE
D1766,TRUE
D0681,TRUE
D2042,TRUE
D1097,TRUE
D0527,TRUE
D0929,TRUE
D0215,TRUE
D0151,TRUE
D0143,TRUE
D0473,TRUE
D2911,TRUE
D0532,TRUE
D1838,TRUE
D0609,TRUE
D0956,TRUE
D0049,TRUE
D2145,TRUE
D2812,TRUE
D2254,TRUE
D2539,TRUE
D0442,TRUE
D2418,TRUE
D2964,TRUE
D1942,TRUE
D1470,TRUE
D0645,TRUE
D0265,TRUE
D2185,TRUE
D2039,TRUE
D2638,TRUE
D2494,TRUE
D2931,TRUE
D0727,TRUE
D1142,TRUE
D1803,TRUE
D2593,TRUE
D2352,TRUE
D2686,TRUE
D2067,TRUE
D0055,TRUE
D0135,TRUE
D0415,TRUE
D0188,TRUE
D0573,TRUE
D2679,TRUE
D1267,TRUE
D1599,TRUE
D2821,TRUE
D0652,TRUE
D0127,TRUE
D1925,TRUE
D0633,TRUE
D0930,TRUE
D1353,TRUE
D0792,TRUE
D2723,TRUE
D0155,TRUE
D0860,TRUE
D1620,TRUE
D1972,TRUE
D0512,TRUE
D0043,TRUE
D2833,TRUE
D1887,TRUE
D0100,TRUE
D2673,TRUE
D1991,TRUE
D1131,TRUE
D2301,TRUE
D1946,TRUE
D1003,TRUE
D1338,TRUE
D1969,TRUE
D1193,TRUE
D2961,TRUE
D0016,TRUE
D1962,TRUE
D1444,TRUE
D2973,TRUE
D0146,TRUE
D2670,TRUE
D2328,TRUE
D1203,TRUE
D1264,TRUE
D2590,TRUE
D2215,TRUE
D0431,TRUE
D1903,TRUE
D1390,TRUE
D1748,TRUE
D2777,TRUE
D1083,TRUE
D0080,TRUE
D2156,TRUE
D0851,TRUE
D0820,TRUE
D1197,TRUE
D1646,TRUE
D1519,TRUE
D1827,TRUE
D1572,TRUE
D2752,TRUE
D1217,TRUE
D1741,TRUE
D0690,TRUE
D0729,TRUE
D1405,TRUE
D2379,TRUE
D2714,TRUE
D0256,TRUE
D0830,TRUE
D2171,TRUE
D0482,TRUE
D1606,TRUE
D2898,TRUE
D0947,TRUE
D0099,TRUE
D2055,TRUE
D1754,TRUE
D1664,TRUE
D0551,TRUE
D0163,TRUE
D2115,TRUE
D2944,TRUE
D0522,TRUE
D2434,TRUE
D1288,TRUE
D2507,TRUE
D0889,TRUE
D0590,TRUE
D0074,TRUE
D2234,TRUE
D0518,TRUE
D0148,TRUE
D1206,TRUE
D1718,TRUE
D0161,TRUE
D2771,TRUE
D0318,TRUE
D0404,TRUE
D1198,TRUE
D2873,TRUE
D0067,TRUE
D2962,TRUE
D0867,TRUE
D0375,TRUE
D0084,TRUE
D2749,TRUE
D2621,TRUE
D1557,TRUE
D2098,TRUE
D2730,TRUE
D0957,TRUE
D2051,TRUE
D1075,TRUE
D0321,TRUE
D2142,TRUE
D0877,TRUE
D1488,TRUE
D2406,TRUE
D2498,TRUE
D2085,TRUE
D2180,TRUE
D0887,TRUE
D2976,TRUE
D2615,TRUE
D2141,TRUE
D1521,TRUE
D1208,TRUE
D0625,TRUE
D2525,TRUE
D1877,TRUE
D2272,TRUE
D2510,TRUE
D0898,TRUE
D0653,TRUE
D0749,TRUE
D0614,TRUE
D0487,TRUE
D0879,TRUE
D0196,TRUE
D0445,TRUE
D1415,TRUE
D1170,TRUE
D2365,TRUE
D0385,TRUE
D1157,TRUE
D1709,TRUE
D2820,TRUE
D1655,TRUE
D0647,TRUE
D2775,TRUE
D0971,TRUE
D1819,TRUE
D0058,TRUE
D2895,TRUE
D0309,TRUE
D2271,TRUE
D0164,TRUE
D1600,TRUE
D2747,TRUE
D2005,TRUE
D2672,TRUE
D2453,TRUE
D1941,TRUE
D1511,TRUE
D0348,TRUE
D1949,TRUE
D1690,TRUE
D2694,TRUE
D0189,TRUE
D2004,TRUE
D1787,TRUE
D1788,TRUE
D2280,TRUE
D1585,TRUE
D0159,TRUE
D1556,TRUE
D0259,TRUE
D2529,TRUE
D1108,TRUE
D0994,TRUE
D0944,TRUE
D0960,TRUE
D0377,TRUE
D2287,TRUE
D1302,TRUE
D1580,TRUE
D0826,TRUE
D1965,TRUE
D0818,TRUE
D2343,TRUE
D2854,TRUE
D0677,TRUE
D0919,TRUE
D1760,TRUE
D0202,TRUE
D2192,TRUE
D0585,TRUE
D0407,TRUE
D1734,TRUE
D2715,TRUE
D2095,TRUE
D2295,TRUE
D1172,TRUE
D2112,TRUE
D1385,TRUE
D1154,TRUE
D2549,TRUE
D2566,TRUE
D0508,TRUE
D0437,TRUE
D1061,TRUE
D0469,TRUE
D0425,TRUE
D2333,TRUE
D1120,TRUE
D2060,TRUE
D0201,TRUE
D1751,TRUE
D0380,TRUE
D2521,TRUE
D2448,TRUE
D1332,TRUE
D2589,TRUE
D1825,TRUE
D1650,TRUE
D2515,TRUE
D1319,TRUE
D1815,TRUE
D2484,TRUE
D2901,TRUE
D2954,TRUE
D0255,TRUE
D1922,TRUE
D0763,TRUE
D0774,TRUE
D1694,TRUE
D1425,TRUE
D2624,TRUE
D0091,TRUE
D0083,TRUE
D1847,TRUE
D1422,TRUE
D2464,TRUE
D2339,TRUE
D2201,TRUE
D0102,TRUE
D2244,TRUE
D0122,TRUE
D2992,TRUE
D2451,TRUE
D0486,TRUE
D1277,TRUE
D1471,TRUE
D2600,TRUE
D1226,TRUE
D1002,TRUE
D0891,TRUE
D2804,TRUE
D2984,TRUE
D0692,TRUE
D2970,TRUE
D0764,TRUE
D2291,TRUE
D2946,TRUE
D1721,TRUE
D0628,TRUE
D0034,TRUE
D1339,TRUE
D1209,TRUE
D1635,TRUE
D0062,TRUE
D2528,TRUE
D2511,TRUE
D2877,TRUE
D2596,TRUE
D2015,TRUE
D0552,TRUE
D0306,TRUE
D2017,TRUE
D1789,TRUE
D0452,TRUE
D0896,TRUE
D0955,TRUE
D2656,TRUE
D1400,TRUE
D2716,TRUE
D0426,TRUE
D2138,TRUE
D2147,TRUE
D2512,TRUE
D1165,TRUE
D2270,TRUE
D0427,TRUE
D1035,TRUE
D2116,TRUE
D2727,TRUE
D0021,TRUE
D0141,TRUE
D0884,TRUE
D0615,TRUE
D1853,TRUE
D1699,TRUE
D2810,TRUE
D2456,TRUE
D1591,TRUE
D2364,TRUE
D2823,TRUE
D0420,TRUE
D0295,TRUE
D1716,TRUE
D1544,TRUE
D2616,TRUE
D0773,TRUE
D0658,TRUE
D2536,TRUE
D0976,TRUE
D2737,TRUE
D0197,TRUE
D1354,TRUE
D2588,TRUE
D0962,TRUE
D2915,TRUE
D2937,TRUE
D0183,TRUE
D0709,TRUE
D1121,TRUE
D1989,TRUE
D2431,TRUE
D0546,TRUE
D2323,TRUE
D0381,TRUE
D0131,TRUE
D2904,TRUE
D1966,TRUE
D1882,TRUE
D2470,TRUE
D1257,TRUE
D2000,TRUE
D1684,TRUE
D2635,TRUE
D0315,TRUE
D0779,TRUE
D2403,TRUE
D2729,TRUE
D0725,TRUE
D2029,TRUE
D2050,TRUE
D2548,TRUE
D2047,TRUE
D1873,TRUE
D2629,TRUE
D0832,TRUE
D1327,TRUE
D2425,TRUE
D1218,TRUE
D2371,TRUE
D1069,TRUE
D0717,TRUE
D1952,TRUE
D1971,TRUE
D2471,TRUE
D0106,TRUE
D0331,TRUE
D0775,TRUE
D2442,TRUE
D1235,TRUE
D1225,TRUE
D2994,TRUE
D2625,TRUE
D2503,TRUE
D1344,TRUE
D2481,TRUE
D2174,TRUE
D2712,TRUE
D2253,TRUE
D0476,TRUE
D2671,TRUE
D1049,TRUE
D2458,TRUE
D0397,TRUE
D1149,TRUE
D0731,TRUE
D0035,TRUE
D2568,TRUE
D0850,TRUE
D2363,TRUE
D1930,TRUE
D2852,TRUE
D0782,TRUE
D0346,TRUE
D1233,TRUE
D2745,TRUE
D0081,TRUE
D0714,TRUE
D0715,TRUE
D0642,TRUE
D0250,TRUE
D0352,TRUE
D2803,TRUE
D0395,TRUE
D2700,TRUE
D1300,TRUE
D0277,TRUE
D2441,TRUE
D1125,TRUE
D2415,TRUE
D2093,TRUE
D1769,TRUE
D2575,TRUE
D0261,TRUE
D2384,TRUE
D0194,TRUE
D0468,TRUE
D1266,TRUE
D0345,TRUE
D2438,TRUE
D2917,TRUE
D0753,TRUE
D2838,TRUE
D2299,TRUE
D1801,TRUE
D0338,TRUE
D1500,TRUE
D1670,TRUE
D2262,TRUE
D1081,TRUE
D1179,TRUE
D2934,TRUE
D0501,TRUE
D0204,TRUE
D0663,TRUE
D2359,TRUE
D2246,TRUE
D1499,TRUE
D2787,TRUE
D2202,TRUE
D1065,TRUE
D0772,TRUE
D0015,TRUE
D1640,TRUE
D1429,TRUE
D0297,TRUE
D2046,TRUE
D0623,TRUE
D2119,TRUE
D2791,TRUE
D2205,TRUE
D1011,TRUE
D1739,TRUE
D1793,TRUE
D0557,TRUE
D1168,TRUE
D1535,TRUE
D1563,TRUE
D2130,TRUE
D2960,TRUE
D1586,TRUE
D0063,TRUE
D2227,TRUE
D1643,TRUE
D1272,TRUE
D0881,TRUE
D0924,TRUE
D2035,TRUE
D1009,TRUE
D2844,TRUE
D2293,TRUE
D1313,TRUE
D0575,TRUE
D0356,TRUE
D0211,TRUE
D0581,TRUE
D0330,TRUE
D1306,TRUE
D1666,TRUE
D0002,TRUE
D2872,TRUE
D0906,TRUE
D1053,TRUE
D2601,TRUE
D2150,TRUE
D2972,TRUE
D2526,TRUE
D1998,TRUE
D2645,TRUE
D0659,TRUE
D1485,TRUE
D1846,TRUE
D1119,TRUE
D1610,TRUE
D1005,TRUE
D0740,TRUE
D0006,TRUE
D2581,TRUE
D2888,TRUE
D0031,TRUE
D2217,TRUE
D2155,TRUE
D1902,TRUE
D0791,TRUE
D1373,TRUE
D1702,TRUE
D2667,TRUE
D2871,TRUE
D1598,TRUE
D1150,TRUE
D0670,TRUE
D1176,TRUE
D1426,TRUE
D0831,TRUE
D2306,TRUE
D1835,TRUE
D2985,TRUE
D0446,TRUE
D2256,TRUE
D1152,TRUE
D0285,TRUE
D2595,TRUE
D1765,TRUE
D0833,TRUE
D0970,TRUE
D0030,TRUE
D2110,TRUE
D2664,TRUE
D2492,TRUE
D2754,TRUE
D0301,TRUE
D2607,TRUE
D2370,TRUE
D1988,TRUE
D2597,TRUE
D0157,TRUE
D0012,TRUE
D1634,TRUE
D2497,TRUE
D1805,TRUE
D2795,TRUE
D0322,TRUE
D0405,TRUE
D2633,TRUE
D1900,TRUE
D1060,TRUE
D2883,TRUE
D0718,TRUE
D2188,TRUE
D0170,TRUE
D0354,TRUE
D1496,TRUE
D1894,TRUE
D0310,TRUE
D1146,TRUE
D0900,TRUE
D0865,TRUE
D1592,TRUE
D1258,TRUE
D1308,TRUE
D1759,TRUE
D1774,TRUE
D2429,TRUE
D1936,TRUE
D1568,TRUE
D0174,TRUE
D2676,TRUE
D0279,TRUE
D2137,TRUE
D1673,TRUE
D2423,TRUE
D2437,TRUE
D1436,TRUE
D2509,TRUE
D2734,TRUE
D1548,TRUE
D1583,TRUE
D2316,TRUE
D2857,TRUE
D0841,TRUE
D2038,TRUE
D0376,TRUE
D1038,TRUE
D0233,TRUE
D1601,TRUE
D2640,TRUE
D2175,TRUE
D1039,TRUE
D0770,TRUE
D1291,TRUE
D2651,TRUE
D2773,TRUE
D0761,TRUE
D2099,TRUE
D0621,TRUE
D2006,TRUE
D2462,TRUE
D2501,TRUE
D2401,TRUE
D2318,TRUE
D0969,TRUE
D1746,TRUE
D1781,TRUE
D2945,TRUE
D0638,TRUE
D1310,TRUE
D1927,TRUE
D1895,TRUE
D1100,TRUE
D1522,TRUE
D0534,TRUE
D0719,TRUE
D0463,TRUE
D0810,TRUE
D1553,TRUE
D2990,TRUE
D2421,TRUE
D1402,TRUE
D1821,TRUE
D2856,TRUE
D0218,TRUE
D2125,TRUE
D0713,TRUE
D1742,TRUE
D2468,TRUE
D0691,TRUE
D1631,TRUE
D0382,TRUE
D1303,TRUE
D1126,TRUE
D2480,TRUE
D2644,TRUE
D2655,TRUE
D0911,TRUE
D1324,TRUE
D2338,TRUE
D0622,TRUE
D0118,TRUE
D1830,TRUE
D2919,TRUE
D2805,TRUE
D2439,TRUE
D0888,TRUE
D2786,TRUE
D0733,TRUE
D1703,TRUE
D1753,TRUE
D0373,TRUE
D2892,TRUE
D0510,TRUE
D0229,TRUE
D2685,TRUE
D2249,TRUE
D1726,TRUE
D2731,TRUE
D0254,TRUE
D1219,TRUE
D2612,TRUE
D1526,TRUE
D0771,TRUE
D0866,TRUE
D1520,TRUE
D0399,TRUE
D0128,TRUE
D1260,TRUE
D1587,TRUE
D0004,TRUE
D1363,TRUE
D1190,TRUE
D2031,TRUE
D2564,TRUE
D0147,TRUE
D0267,TRUE
D1999,TRUE
D0303,TRUE
D2552,TRUE
D1986,TRUE
D0516,TRUE
D0126,TRUE
D2818,TRUE
D0541,TRUE
D0353,TRUE
D1729,TRUE
D2614,TRUE
D2842,TRUE
D2859,TRUE
D2310,TRUE
D1864,TRUE
D2981,TRUE
D0169,TRUE
D0114,TRUE
D1068,TRUE
D2772,TRUE
D1857,TRUE
D0995,TRUE
D0799,TRUE
D2966,TRUE
D2124,TRUE
D1732,TRUE
D0780,TRUE
D0531,TRUE
D0210,TRUE
D1536,TRUE
D1755,TRUE
D2226,TRUE
D1231,TRUE
D0103,TRUE
D2682,TRUE
D0567,TRUE
D2407,TRUE
D0722,TRUE
D1602,TRUE
D0667,TRUE
D1441,TRUE
D0357,TRUE
D0112,TRUE
D1493,TRUE
D2558,TRUE
D0736,TRUE
D2207,TRUE
D0588,TRUE
D2358,TRUE
D2482,TRUE
D1871,TRUE
D1711,TRUE
D1367,TRUE
D2081,TRUE
D2870,TRUE
D2097,TRUE
D2602,TRUE
D0328,TRUE
D2886,TRUE
D0317,TRUE
D0706,TRUE
D2849,TRUE
D0556,TRUE
D2608,TRUE
D0206,TRUE
D1169,TRUE
D1454,TRUE
D0491,TRUE
D2027,TRUE
D1467,TRUE
D2114,TRUE
D1506,TRUE
D1284,TRUE
D2807,TRUE
D2084,TRUE
D0422,TRUE
D2214,TRUE
D0933,TRUE
D1006,TRUE
D0676,TRUE
D2063,TRUE
D1046,TRUE
D0044,TRUE
D0716,TRUE
D1675,TRUE
D2182,TRUE
D1956,TRUE
D0842,TRUE
D2300,TRUE
D1388,TRUE
D0504,TRUE
D0548,TRUE
D0751,TRUE
D2236,TRUE
D0324,TRUE
D1567,TRUE
D1689,TRUE
D1214,TRUE
D0216,TRUE
D2743,TRUE
D2927,TRUE
D2248,TRUE
D2355,TRUE
D0559,TRUE
D2570,TRUE
D1784,TRUE
D1155,TRUE
D2762,TRUE
D0634,TRUE
D1016,TRUE
D1651,TRUE
D2308,TRUE
D0252,TRUE
D0811,TRUE
D0993,TRUE
D1372,TRUE
D0618,TRUE
D0448,TRUE
D2317,TRUE
D0543,TRUE
D1453,TRUE
D1189,TRUE
D1708,TRUE
D1162,TRUE
D0249,TRUE
D1582,TRUE
D1112,TRUE
D2675,TRUE
D2971,TRUE
D2477,TRUE
D0640,TRUE
D0050,TRUE
D1412,TRUE
D1242,TRUE
D2666,TRUE
D0505,TRUE
D1886,TRUE
D1000,TRUE
D1963,TRUE
D0033,TRUE
D1618,TRUE
D0137,TRUE
D2346,TRUE
D1932,TRUE
D0675,TRUE
D0498,TRUE
D2735,TRUE
D1647,TRUE
D1978,TRUE
D1696,TRUE
D2617,TRUE
D1143,TRUE
D2419,TRUE
D2388,TRUE
D2711,TRUE
D1377,TRUE
D0111,TRUE
D1752,TRUE
D2161,TRUE
D1797,TRUE
D0047,TRUE
D1130,TRUE
D1182,TRUE
D0412,TRUE
D1828,TRUE
D0907,TRUE
D2446,TRUE
D2627,TRUE
D0069,FALSE
D2792,FALSE
D1398,FALSE
D2751,FALSE
D2032,FALSE
D2906,FALSE
D0296,FALSE
D0654,FALSE
D1484,FALSE
D2452,FALSE
D1532,FALSE
D0759,FALSE
D0082,FALSE
D1136,FALSE
D0095,FALSE
D0637,FALSE
D1073,FALSE
D1204,FALSE
D0683,FALSE
D0643,FALSE
D2065,FALSE
D0975,FALSE
D3000,FALSE
D2572,FALSE
D0359,FALSE
D0273,FALSE
D2814,FALSE
D0228,FALSE
D0001,FALSE
D2733,FALSE
D1472,FALSE
D0152,FALSE
D2824,FALSE
D0507,FALSE
D1160,FALSE
D0626,FALSE
D2778,FALSE
D1487,FALSE
D2508,FALSE
D1432,FALSE
D1837,FALSE
D0923,FALSE
D0506,FALSE
D1831,FALSE
D0920,FALSE
D2782,FALSE
D2654,FALSE
D0858,FALSE
D0536,FALSE
D2284,FALSE
D1926,FALSE
D1565,FALSE
D1316,FALSE
D0846,FALSE
D0271,FALSE
D2500,FALSE
D0680,FALSE
D0411,FALSE
D0838,FALSE
D1052,FALSE
D2562,FALSE
D0756,FALSE
D2740,FALSE
D0018,FALSE
D1648,FALSE
D1603,FALSE
D0217,FALSE
D0362,FALSE
D0737,FALSE
D1697,FALSE
D2348,FALSE
D1184,FALSE
D2259,FALSE
D1393,FALSE
D1738,FALSE
D2193,FALSE
D1662,FALSE
D2149,FALSE
D1023,FALSE
D0605,FALSE
D2387,FALSE
D1897,FALSE
D1137,FALSE
D0986,FALSE
D2636,FALSE
D2996,FALSE
D1358,FALSE
D0272,FALSE
D1590,FALSE
D0032,FALSE
D0854,FALSE
D2502,FALSE
D0561,FALSE
D0042,FALSE
D1616,FALSE
D2499,FALSE
D1725,FALSE
D1268,FALSE
D1194,FALSE
D0741,FALSE
D1997,FALSE
D0116,FALSE
D1798,FALSE
D0828,FALSE
D2467,FALSE
D1633,FALSE
D2658,FALSE
D1188,FALSE
D0113,FALSE
D1555,FALSE
D2860,FALSE
D2576,FALSE
D2309,FALSE
D2061,FALSE
D1337,FALSE
D2903,FALSE
D2383,FALSE
D2537,FALSE
D0825,FALSE
D0190,FALSE
D1581,FALSE
D2913,FALSE
D0167,FALSE
D1305,FALSE
D0941,FALSE
D1382,FALSE
D1428,FALSE
D2768,FALSE
D1252,FALSE
D2302,FALSE
D2657,FALSE
D0432,FALSE
D2506,FALSE
D2573,FALSE
D2920,FALSE
D0562,FALSE
D0302,FALSE
D0075,FALSE
D2168,FALSE
D0943,FALSE
D2349,FALSE
D2925,FALSE
D0669,FALSE
D1350,FALSE
D1449,FALSE
D1135,FALSE
D2837,FALSE
D2780,FALSE
D1086,FALSE
D0836,FALSE
D0624,FALSE
D0883,FALSE
D0078,FALSE
D0065,FALSE
D0852,FALSE
D1296,FALSE
D0227,FALSE
D0649,FALSE
D2681,FALSE
D1462,FALSE
D0460,FALSE
D0041,FALSE
D2760,FALSE
D1564,FALSE
D2278,FALSE
D0847,FALSE
D2490,FALSE
D2001,FALSE
D0379,FALSE
D0388,FALSE
D0076,FALSE
D2071,FALSE
D2476,FALSE
D1691,FALSE
D1228,FALSE
D1507,FALSE
D1607,FALSE
D1091,FALSE
D1460,FALSE
D1683,FALSE
D0734,FALSE
D0778,FALSE
D1438,FALSE
D1928,FALSE
D0954,FALSE
D0909,FALSE
D2276,FALSE
D1593,FALSE
D2826,FALSE
D2957,FALSE
D2335,FALSE
D0892,FALSE
D0934,FALSE
D2604,FALSE
D1856,FALSE
D1549,FALSE
D0219,FALSE
D2433,FALSE
D1979,FALSE
D2332,FALSE
D0224,FALSE
D1609,FALSE
D0882,FALSE
D1335,FALSE
D2136,FALSE
D2784,FALSE
D0511,FALSE
D0917,FALSE
D0748,FALSE
D0890,FALSE
D1849,FALSE
D1028,FALSE
D2544,FALSE
D2412,FALSE
D0694,FALSE
D1811,FALSE
D1767,FALSE
D0234,FALSE
D0798,FALSE
D1807,FALSE
D0092,FALSE
D2336,FALSE
D1079,FALSE
D1022,FALSE
D0937,FALSE
D2294,FALSE
D2724,FALSE
D1740,FALSE
D0596,FALSE
D0038,FALSE
D2513,FALSE
D2538,FALSE
D1566,FALSE
D1984,FALSE
D1921,FALSE
D0360,FALSE
D0478,FALSE
D1063,FALSE
D2283,FALSE
D0738,FALSE
D1290,FALSE
D1078,FALSE
D2344,FALSE
D2052,FALSE
D2010,FALSE
D0814,FALSE
D2987,FALSE
D0591,FALSE
D2375,FALSE
D0769,FALSE
D1366,FALSE
D0972,FALSE
D2360,FALSE
D1990,FALSE
D2677,FALSE
D1845,FALSE
D0369,FALSE
D2003,FALSE
D1381,FALSE
D1705,FALSE
D1996,FALSE
D1808,FALSE
D1329,FALSE
D0464,FALSE
D0985,FALSE
D2839,FALSE
D2728,FALSE
D0672,FALSE
D0365,FALSE
D0424,FALSE
D2611,FALSE
D2260,FALSE
D2863,FALSE
D2129,FALSE
D2288,FALSE
D2186,FALSE
D2524,FALSE
D1386,FALSE
D0984,FALSE
D0300,FALSE
D2956,FALSE
D2265,FALSE
D2391,FALSE
D0712,FALSE
D0048,FALSE
D1780,FALSE
D2196,FALSE
D2687,FALSE
D2351,FALSE
D0165,FALSE
D0747,FALSE
D1777,FALSE
D1342,FALSE
D1141,FALSE
D0801,FALSE
D0587,FALSE
D1279,FALSE
D0393,FALSE
D1418,FALSE
D0795,FALSE
D2722,FALSE
D2204,FALSE
D2491,FALSE
D0209,FALSE
D0025,FALSE
D2698,FALSE
D2082,FALSE
D1558,FALSE
D1215,FALSE
D1323,FALSE
D0982,FALSE
D2088,FALSE
D1783,FALSE
D0186,FALSE
D2553,FALSE
D0569,FALSE
D1107,FALSE
D0702,FALSE
D2369,FALSE
D2882,FALSE
D2321,FALSE
D0140,FALSE
D1123,FALSE
D1516,FALSE
D0757,FALSE
D2613,FALSE
D0423,FALSE
D2023,FALSE
D2247,FALSE
D1920,FALSE
D1736,FALSE
D0220,FALSE
D2239,FALSE
D0538,FALSE
D0336,FALSE
D1924,FALSE
D1579,FALSE
D0168,FALSE
D1625,FALSE
D2718,FALSE
D0499,FALSE
D1712,FALSE
D0471,FALSE
D0554,FALSE
D1678,FALSE
D0435,FALSE
D2922,FALSE
D0323,FALSE
D0410,FALSE
D2504,FALSE
D2965,FALSE
D1498,FALSE
D0549,FALSE
D2688,FALSE
D1410,FALSE
D0925,FALSE
D1975,FALSE
D1891,FALSE
D0789,FALSE
D0699,FALSE
D2742,FALSE
D2104,FALSE
D0274,FALSE
D1040,FALSE
D1589,FALSE
D0570,FALSE
D1262,FALSE
D0235,FALSE
D1309,FALSE
D1222,FALSE
D2329,FALSE
D0912,FALSE
D2642,FALSE
D2440,FALSE
D2977,FALSE
D2165,FALSE
D0179,FALSE
D2159,FALSE
D0109,FALSE
D1840,FALSE
D2074,FALSE
D1304,FALSE
D1239,FALSE
D0837,FALSE
D2869,FALSE
D0992,FALSE
D0054,FALSE
D1443,FALSE
D2678,FALSE
D0981,FALSE
D1621,FALSE
D0682,FALSE
D0593,FALSE
D1322,FALSE
D0797,FALSE
D1724,FALSE
D1031,FALSE
D1641,FALSE
D1727,FALSE
D0568,FALSE
D1140,FALSE
D2312,FALSE
D2275,FALSE
D1024,FALSE
D1909,FALSE
D2940,FALSE
D2565,FALSE
D0949,FALSE
D0462,FALSE
D2610,FALSE
D0644,FALSE
D1714,FALSE
D1213,FALSE
D2943,FALSE
D1459,FALSE
D1320,FALSE
D0071,FALSE
D0257,FALSE
D0894,FALSE
D2546,FALSE
D1076,FALSE
D2485,FALSE
D0457,FALSE
D1134,FALSE
D0829,FALSE
D2726,FALSE
D0098,FALSE
D1224,FALSE
D1492,FALSE
D1248,FALSE
D0488,FALSE
D0688,FALSE
D1281,FALSE
D0819,FALSE
D0726,FALSE
D1693,FALSE
D0948,FALSE
D2177,FALSE
D1051,FALSE
D1037,FALSE
D2689,FALSE
D2011,FALSE
D1653,FALSE
D0366,FALSE
D1481,FALSE
D1030,FALSE
D1096,FALSE
D1210,FALSE
D1958,FALSE
D2037,FALSE
D2072,FALSE
D2845,FALSE
D1361,FALSE
D0528,FALSE
D2199,FALSE
D2474,FALSE
D0766,FALSE
D1355,FALSE
D1576,FALSE
D2806,FALSE
D2041,FALSE
D0539,FALSE
D0342,FALSE
D0178,FALSE
D0304,FALSE
D1234,FALSE
D2669,FALSE
D2533,FALSE
D2361,FALSE
D0711,FALSE
D2048,FALSE
D2090,FALSE
D1660,FALSE
D0613,FALSE
D1974,FALSE
D0419,FALSE
D1541,FALSE
D0973,FALSE
D1757,FALSE
D2105,FALSE
D2404,FALSE
D0367,FALSE
D1201,FALSE
D2995,FALSE
D2746,FALSE
D1744,FALSE
D0242,FALSE
D1095,FALSE
D0578,FALSE
D2853,FALSE
D0061,FALSE
D2691,FALSE
D2603,FALSE
D1791,FALSE
D0945,FALSE
D0563,FALSE
D2381,FALSE
D2982,FALSE
D0171,FALSE
D1977,FALSE
D1440,FALSE
D2075,FALSE
D0572,FALSE
D0199,FALSE
D1817,FALSE
D1953,FALSE
D0311,FALSE
D0158,FALSE
D1659,FALSE
D2025,FALSE
D1728,FALSE
D2392,FALSE
D2916,FALSE
D0817,FALSE
D1331,FALSE
D2327,FALSE
D1315,FALSE
D0845,FALSE
D0222,FALSE
D1719,FALSE
D2847,FALSE
D0603,FALSE
D0895,FALSE
D1509,FALSE
D1658,FALSE
D1899,FALSE
D1466,FALSE
D0489,FALSE
D0192,FALSE
D1898,FALSE
D0455,FALSE
D2373,FALSE
D0293,FALSE
D0175,FALSE
D1166,FALSE
D0121,FALSE
D2342,FALSE
D0096,FALSE
D0592,FALSE
D0648,FALSE
D0027,FALSE
D2465,FALSE
D1380,FALSE
D1389,FALSE
D1944,FALSE
D2380,FALSE
D1042,FALSE
D2261,FALSE
D1627,FALSE
D1451,FALSE
D1497,FALSE
D1749,FALSE
D1057,FALSE
D2789,FALSE
D1374,FALSE
D2179,FALSE
D2997,FALSE
D0156,FALSE
D0020,FALSE
D2701,FALSE
D1207,FALSE
D1420,FALSE
D0612,FALSE
D0611,FALSE
D0456,FALSE
D0013,FALSE
D1055,FALSE
D0416,FALSE
D2024,FALSE
D2953,FALSE
D0698,FALSE
D2699,FALSE
D1688,FALSE
D2909,FALSE
D2835,FALSE
D1261,FALSE
D1533,FALSE
D2252,FALSE
D1475,FALSE
D0946,FALSE
D2952,FALSE
D0701,FALSE
D0661,FALSE
D1676,FALSE
D0707,FALSE
D2647,FALSE
D2273,FALSE
D1919,FALSE
D0636,FALSE
D2106,FALSE
D1246,FALSE
D2534,FALSE
D0088,FALSE
D1584,FALSE
D0987,FALSE
D1082,FALSE
D1253,FALSE
D2899,FALSE
D2209,FALSE
D1628,FALSE
D1918,FALSE
D1644,FALSE
D2739,FALSE
D2914,FALSE
D0492,FALSE
D0583,FALSE
D1093,FALSE
D1514,FALSE
D1437,FALSE
D0436,FALSE
D2229,FALSE
D2653,FALSE
D1622,FALSE
D2569,FALSE
D1421,FALSE
D2394,FALSE
D2800,FALSE
D1785,FALSE
D2210,FALSE
D1012,FALSE
D2198,FALSE
D2368,FALSE
D1479,FALSE
D1879,FALSE
D2623,FALSE
D2993,FALSE
D0730,FALSE
D2447,FALSE
D1368,FALSE
D2445,FALSE
D2162,FALSE
D2921,FALSE
D1758,FALSE
D1588,FALSE
D1569,FALSE
D1294,FALSE
D2878,FALSE
D1806,FALSE
D0610,FALSE
D2822,FALSE
D1311,FALSE
D2828,FALSE
D0477,FALSE
D1671,FALSE
D0910,FALSE
D2563,FALSE
D2206,FALSE
D2955,FALSE
D2905,FALSE
D2043,FALSE
D1770,FALSE
D2876,FALSE
D2986,FALSE
D0160,FALSE
D2517,FALSE
D0266,FALSE
D1180,FALSE
D1822,FALSE
D1552,FALSE
D2233,FALSE
D0685,FALSE
D0904,FALSE
D2523,FALSE
D0339,FALSE
D2402,FALSE
D0182,FALSE
D1044,FALSE
D1505,FALSE
D0290,FALSE
D1312,FALSE
D1911,FALSE
D0483,FALSE
D2758,FALSE
D0248,FALSE
D2322,FALSE
D1881,FALSE
D1015,FALSE
D0696,FALSE
D1196,FALSE
D2505,FALSE
D0878,FALSE
D0533,FALSE
D2393,FALSE
D1062,FALSE
D1597,FALSE
D2133,FALSE
D1839,FALSE
D1111,FALSE
D1843,FALSE
D1047,FALSE
D0646,FALSE
D1236,FALSE
D0595,FALSE
D2220,FALSE
D1352,FALSE
D2266,FALSE
D0752,FALSE
D2885,FALSE
D1790,FALSE
D0520,FALSE
D2341,FALSE
D2983,FALSE
D2089,FALSE
D1457,FALSE
D0124,FALSE
D0240,FALSE
D1199,FALSE
D0247,FALSE
D0807,FALSE
D0743,FALSE
D2788,FALSE
D2659,FALSE
D1392,FALSE
D0314,FALSE
D0965,FALSE
D0312,FALSE
D1483,FALSE
D1880,FALSE
D2223,FALSE
D0809,FALSE
D2585,FALSE
D0673,FALSE
D0089,FALSE
D1404,FALSE
D2947,FALSE
D0724,FALSE
D2583,FALSE
D1550,FALSE
D0320,FALSE
D0335,FALSE
D0417,FALSE
D0758,FALSE
D2665,FALSE
D1668,FALSE
D2107,FALSE
D2599,FALSE
D2540,FALSE
D0967,FALSE
D1059,FALSE
D1413,FALSE
D2040,FALSE
D2279,FALSE
D2577,FALSE
D0292,FALSE
D0144,FALSE
D2489,FALSE
D0689,FALSE
D1048,FALSE
D2455,FALSE
D2632,FALSE
D1850,FALSE
D0804,FALSE
D0398,FALSE
D0584,FALSE
D2855,FALSE
D2680,FALSE
D0914,FALSE
D2409,FALSE
D0418,FALSE
D1403,FALSE
D0019,FALSE
D2211,FALSE
D2825,FALSE
D2912,FALSE
D2158,FALSE
D1064,FALSE
D1960,FALSE
D0794,FALSE
D2064,FALSE
D1200,FALSE
D2527,FALSE
D1469,FALSE
D0868,FALSE
D2897,FALSE
D2928,FALSE
D0389,FALSE
D0601,FALSE
D1951,FALSE
D1088,FALSE
D1577,FALSE
D2092,FALSE
D1458,FALSE
D1617,FALSE
D1910,FALSE
D1813,FALSE
D0705,FALSE
D2007,FALSE
D0871,FALSE
D2436,FALSE
D1369,FALSE
D0905,FALSE
D0123,FALSE
D1970,FALSE
D2560,FALSE
D2923,FALSE
D2479,FALSE
D0885,FALSE
D0502,FALSE
D1923,FALSE
D0129,FALSE
D0401,FALSE
D0450,FALSE
D2696,FALSE
D1611,FALSE
D0697,FALSE
D2663,FALSE
D1862,FALSE
D2765,FALSE
D1050,FALSE
D2034,FALSE
D2053,FALSE
D0542,FALSE
D0461,FALSE
D2486,FALSE
D0287,FALSE
D0275,FALSE
D0221,FALSE
D1270,FALSE
D0409,FALSE
D1351,FALSE
D1333,FALSE
D2376,FALSE
D1517,FALSE
D2661,FALSE
D0839,FALSE
D0258,FALSE
D2123,FALSE
D2131,FALSE
D2889,FALSE
D1456,FALSE
D1938,FALSE
D0108,FALSE
D1908,FALSE
D0525,FALSE
D1542,FALSE
D1128,FALSE
D1285,FALSE
D2980,FALSE
D1995,FALSE
D2009,FALSE
D0066,FALSE
D0120,FALSE
D2555,FALSE
D2864,FALSE
D2307,FALSE
D2930,FALSE
D0509,FALSE
D0790,FALSE
D1397,FALSE
D1375,FALSE
D0433,FALSE
D2958,FALSE
D2238,FALSE
D0332,FALSE
D2164,FALSE
D0571,FALSE
D2086,FALSE
D1077,FALSE
D0856,FALSE
D1008,FALSE
D0005,FALSE
D0496,FALSE
D1764,FALSE
D1396,FALSE
D2420,FALSE
D1102,FALSE
D2748,FALSE
D0093,FALSE
D0535,FALSE
D2049,FALSE
D1701,FALSE
D0812,FALSE
D2550,FALSE
D1205,FALSE
D1489,FALSE
D2979,FALSE
D0997,FALSE
D1869,FALSE
D2551,FALSE
D1092,FALSE
D2096,FALSE
D0932,FALSE
D2732,FALSE
D2579,FALSE
D1293,FALSE
D0523,FALSE
D0859,FALSE
D2250,FALSE
D1175,FALSE
D1733,FALSE
D1071,FALSE
D1297,FALSE
D1976,FALSE
D1855,FALSE
D0656,FALSE
D2753,FALSE
D0793,FALSE
D2567,FALSE
D2008,FALSE
D0684,FALSE
D0203,FALSE
D0808,FALSE
D0439,FALSE
D0107,FALSE
D1964,FALSE
D1229,FALSE
D2390,FALSE
D2542,FALSE
D0942,FALSE
D0449,FALSE
D2478,FALSE
D2083,FALSE
D1540,FALSE
D0935,FALSE
D0926,FALSE
D2707,FALSE
D0600,FALSE
D2428,FALSE
D1537,FALSE
D1043,FALSE
D1823,FALSE
D0440,FALSE
D0166,FALSE
D2362,FALSE
D0378,FALSE
D1551,FALSE
D0485,FALSE
D0796,FALSE
D2866,FALSE
D0721,FALSE
D1056,FALSE
D1795,FALSE
D0862,FALSE
D2460,FALSE
D1321,FALSE
D1993,FALSE
D0744,FALSE
D2356,FALSE
D0262,FALSE
D1723,FALSE
D0921,FALSE
D1943,FALSE
D0936,FALSE
D2948,FALSE
D1145,FALSE
D2862,FALSE
D1066,FALSE
D1482,FALSE
D2410,FALSE
D2454,FALSE
D2907,FALSE
D2796,FALSE
D2495,FALSE
D0117,FALSE
D2674,FALSE
D0253,FALSE
D0515,FALSE
D2167,FALSE
D1147,FALSE
D0953,FALSE
D1054,FALSE
D0897,FALSE
D1362,FALSE
D2695,FALSE
D2559,FALSE
D1480,FALSE
D1359,FALSE
D1384,FALSE
D1816,FALSE
D2606,FALSE
D0396,FALSE
D2908,FALSE
D1730,FALSE
D0620,FALSE
D0162,FALSE
D1959,FALSE
D1439,FALSE
D0291,FALSE
D1906,FALSE
D0687,FALSE
D1419,FALSE
D1220,FALSE
D1283,FALSE
D2326,FALSE
D2109,FALSE
D0503,FALSE
D0090,FALSE
D2396,FALSE
D0686,FALSE
D0286,FALSE
D2069,FALSE
D1707,FALSE
D0853,FALSE
D0251,FALSE
D0577,FALSE
D0474,FALSE
D2761,FALSE
D0180,FALSE
D1669,FALSE
D0940,FALSE
D1133,FALSE
D0938,FALSE
D0886,FALSE
D1916,FALSE
D0991,FALSE
D0635,FALSE
D2443,FALSE
D2809,FALSE
D0007,FALSE
D1888,FALSE
D0459,FALSE
D2386,FALSE
D2543,FALSE
D0977,FALSE
D2998,FALSE
D0827,FALSE
D0284,FALSE
D1867,FALSE
D1340,FALSE
D2582,FALSE
D2518,FALSE
D0149,FALSE
D0597,FALSE
D2598,FALSE
D2281,FALSE
D2545,FALSE
D0821,FALSE
D1478,FALSE
D1844,FALSE
D0198,FALSE
D1045,FALSE
D2831,FALSE
D1183,FALSE
D2194,FALSE
D1957,FALSE
D2868,FALSE
D2399,FALSE
D1450,FALSE
D2794,FALSE
D0011,FALSE
D2571,FALSE
D2808,FALSE
D1325,FALSE
D0876,FALSE
D2340,FALSE
D1232,FALSE
D2330,FALSE
D1013,FALSE
D0466,FALSE
D1546,FALSE
D2879,FALSE
D1747,FALSE
D1715,FALSE
D2890,FALSE
D2257,FALSE
D1950,FALSE
D0371,FALSE
D0834,FALSE
D0787,FALSE
D2779,FALSE
D0232,FALSE
D0861,FALSE
D0616,FALSE
D0704,FALSE
D1605,FALSE
D1251,FALSE
D0260,FALSE
D1661,FALSE
D2891,FALSE
D0299,FALSE
D1326,FALSE
D0236,FALSE
D0264,FALSE
D0497,FALSE
D0655,FALSE
D1913,FALSE
D1820,FALSE
D0786,FALSE
D2377,FALSE
D2331,FALSE
D0514,FALSE
D1663,FALSE
D1245,FALSE
D1779,FALSE
D2710,FALSE
D1596,FALSE
D1794,FALSE
D0762,FALSE
D0805,FALSE
D1743,FALSE
D1447,FALSE
D2030,FALSE
D0875,FALSE
D2988,FALSE
D2213,FALSE
D1604,FALSE
D1014,FALSE
D2741,FALSE
D0665,FALSE
D0815,FALSE
D1004,FALSE
D1017,FALSE
D2963,FALSE
D0134,FALSE
D2574,FALSE
D2197,FALSE
D1461,FALSE
D0732,FALSE
D0052,FALSE
D1446,FALSE
D2586,FALSE
D2303,FALSE
D0008,FALSE
D1560,FALSE
D0207,FALSE
D1832,FALSE
D1287,FALSE
D0191,FALSE
D0916,FALSE
D0526,FALSE
D1159,FALSE
D2059,FALSE
D1103,FALSE
D0205,FALSE
D0893,FALSE
D2241,FALSE
D1221,FALSE
D0816,FALSE
D2719,FALSE
D2697,FALSE
D1433,FALSE
D2334,FALSE
D2702,FALSE
D2430,FALSE
D2139,FALSE
D1859,FALSE
D1686,FALSE
D1639,FALSE
D2530,FALSE
D1195,FALSE
D0402,FALSE
D0225,FALSE
D0193,FALSE
D2146,FALSE
D2519,FALSE
D1343,FALSE
D2337,FALSE
D2076,FALSE
D1132,FALSE
D2709,FALSE
D2062,FALSE
D0560,FALSE
D1528,FALSE
D0110,FALSE
D1348,FALSE
D0053,FALSE
D1174,FALSE
D2245,FALSE
D1072,FALSE
D0576,FALSE
D1682,FALSE
D0364,FALSE
D0104,FALSE
D0872,FALSE
D1575,FALSE
D1455,FALSE
D1652,FALSE
D0231,FALSE
D0288,FALSE
D0594,FALSE
D2018,FALSE
D0950,FALSE
D2187,FALSE
D1033,FALSE
D2169,FALSE
D2166,FALSE
D2191,FALSE
D2224,FALSE
D2874,FALSE
D2414,FALSE
D1486,FALSE
D2181,FALSE
D1987,FALSE
D2353,FALSE
D0822,FALSE
D2183,FALSE
D1982,FALSE
D1786,FALSE
D2176,FALSE
D2325,FALSE
D2769,FALSE
D2935,FALSE
D0447,FALSE
D2184,FALSE
D0243,FALSE
D0443,FALSE
D0530,FALSE
D0880,FALSE
D1191,FALSE
D1523,FALSE
